quarter,service_name,provider_name,purpose,state,planning_region,mmm_code,mmm_region,size,overall_rating,experience_rating,compliance_rating,staffing_rating,quality_rating,service_suburb,prev_overall,rating_change,movement,quarters_at_rating,is_latest
2026-05,501 Respite & Care Services,Nightbreeze Pty Ltd,Private for Profit,QLD,South Coast,MM1,Metropolitan,Small,3.0,4.0,5.0,2.0,1.0,BIGGERA WATERS,4.0,-1.0,Declined,1,True
2026-05,70 Lowe Street,East Grampians Health Service,Government,VIC,Grampians,MM4,Medium rural towns,Small,4.0,4.0,5.0,5.0,3.0,ARARAT,4.0,0.0,Steady,13,True
2026-05,ACDMA Aged Care Services,Australian Chinese & Descendants Mutual Association Ltd,Not for Profit,NSW,South West Sydney,MM1,Metropolitan,Medium,4.0,4.0,4.0,2.0,4.0,CANLEY VALE,4.0,0.0,Steady,5,True
2026-05,ACH Group Residential Care - Colton Court (new),Serbian Community Welfare Association of SA Inc,Not for Profit,SA,Metropolitan South,MM1,Metropolitan,Small,,,,,,MCLAREN VALE,,,New/First,1,True
2026-05,ACH Group Residential Care - Highercombe,Aged Care & Housing Group Inc,Not for Profit,SA,Metropolitan North,MM1,Metropolitan,Large,4.0,3.0,5.0,4.0,1.0,HOPE VALLEY,4.0,0.0,Steady,2,True
2026-05,ACH Group Residential Care - Kapara,Aged Care & Housing Group Inc,Not for Profit,SA,Metropolitan South,MM1,Metropolitan,Large,4.0,3.0,5.0,5.0,1.0,GLENELG SOUTH,4.0,0.0,Steady,2,True
2026-05,ACH Group Residential Care - Milpara,Aged Care & Housing Group Inc,Not for Profit,SA,Metropolitan East,MM1,Metropolitan,Medium,4.0,3.0,5.0,5.0,3.0,ROSTREVOR,4.0,0.0,Steady,7,True
2026-05,ACH Group Residential Care - Perry Park (high care),Aged Care & Housing Group Inc,Not for Profit,SA,Metropolitan South,MM1,Metropolitan,Large,4.0,3.0,5.0,5.0,3.0,PORT NOARLUNGA,4.0,0.0,Steady,12,True
2026-05,ACH Group Residential Care - ViTA,Aged Care & Housing Group Inc,Not for Profit,SA,Metropolitan South,MM1,Metropolitan,Small,4.0,3.0,5.0,4.0,3.0,DAW PARK,4.0,0.0,Steady,2,True
2026-05,AMAN Aged Care,Aman Aged Care Limited,Not for Profit,NSW,South West Sydney,MM1,Metropolitan,Small,,,,,,BANKSTOWN,,,New/First,1,True
2026-05,ANHF Thornleigh Nursing Home,Australian Nursing Home Foundation Limited,Not for Profit,NSW,Northern Sydney,MM1,Metropolitan,Medium,3.0,3.0,4.0,1.0,5.0,THORNLEIGH,4.0,-1.0,Declined,1,True
2026-05,Abberfield Aged Care Facility,Sandra Pty Ltd,Private for Profit,VIC,Southern Metro,MM1,Metropolitan,Large,3.0,2.0,5.0,1.0,2.0,SANDRINGHAM,3.0,0.0,Steady,3,True
2026-05,Abbey House Aged Care,Thompson Health Care Pty Ltd,Private for Profit,NSW,South West Sydney,MM3,Large rural towns,Large,4.0,4.0,4.0,3.0,3.0,MITTAGONG,4.0,0.0,Steady,2,True
2026-05,Abel Tasman Village,The Abel Tasman Village Association Ltd,Not for Profit,NSW,South West Sydney,MM1,Metropolitan,Medium,4.0,4.0,5.0,3.0,1.0,CHESTER HILL,4.0,0.0,Steady,11,True
2026-05,Aberlea Inc,Aberlea Inc,Not for Profit,VIC,Barwon-South Western,MM5,Small rural towns,Small,5.0,4.0,5.0,5.0,5.0,MORTLAKE,4.0,1.0,Improved,1,True
2026-05,Acacia Living Group Meadow Springs Aged Care Facility,RSL Care RDNS Limited,Not for Profit,WA,Metropolitan South West,MM1,Metropolitan,Medium,4.0,4.0,4.0,5.0,3.0,MEADOW SPRINGS,4.0,0.0,Steady,6,True
2026-05,Acacia Living Group Menora Gardens Aged Care Facility,RSL Care RDNS Limited,Not for Profit,WA,Metropolitan East,MM1,Metropolitan,Large,4.0,3.0,4.0,5.0,4.0,MENORA,3.0,1.0,Improved,1,True
2026-05,Ada Cottage,RSL LifeCare Limited,Not for Profit,NSW,Central West,MM5,Small rural towns,Small,5.0,5.0,5.0,5.0,3.0,KANDOS,5.0,0.0,Steady,7,True
2026-05,Adelene Nursing Home,Alino Living,Not for Profit,NSW,Central Coast,MM1,Metropolitan,Small,4.0,3.0,5.0,4.0,2.0,WYOMING,4.0,0.0,Steady,2,True
2026-05,Adina Care Cootamundra,Cootamundra Health Care Co-operative Limited,Not for Profit,NSW,Riverina/Murray,MM4,Medium rural towns,Medium,3.0,3.0,4.0,3.0,3.0,COOTAMUNDRA,3.0,0.0,Steady,3,True
2026-05,Adria Village Ltd,Adria Village Limited,Not for Profit,ACT,ACT,MM1,Metropolitan,Small,4.0,3.0,5.0,4.0,3.0,STIRLING,4.0,0.0,Steady,13,True
2026-05,Advantaged Care at Barden Lodge,Advantaged Care Pty Ltd,Private for Profit,NSW,South East Sydney,MM1,Metropolitan,Small,4.0,3.0,5.0,3.0,5.0,BARDEN RIDGE,4.0,0.0,Steady,11,True
2026-05,Advantaged Care at Bondi Waters,Advantaged Care Pty Ltd,Private for Profit,NSW,South East Sydney,MM1,Metropolitan,Small,4.0,4.0,5.0,3.0,4.0,BONDI,4.0,0.0,Steady,12,True
2026-05,Advantaged Care at Edensor Gardens,Advantaged Care 4 Pty Limited,Private for Profit,NSW,South West Sydney,MM1,Metropolitan,Large,4.0,4.0,5.0,3.0,3.0,EDENSOR PARK,4.0,0.0,Steady,6,True
2026-05,Advantaged Care at Georges Manor,Advantaged Care Pty Ltd,Private for Profit,NSW,South West Sydney,MM1,Metropolitan,Large,4.0,4.0,5.0,3.0,3.0,GEORGES HALL,4.0,0.0,Steady,8,True
2026-05,Advantaged Care at Prestons Lodge,Advantaged Care 2 Pty Limited,Private for Profit,NSW,South West Sydney,MM1,Metropolitan,Large,3.0,3.0,5.0,2.0,3.0,PRESTONS,4.0,-1.0,Declined,1,True
2026-05,AdventCare Whitehorse,Seventh-Day Adventist Aged Care (Victoria) Ltd,Not for Profit,VIC,Eastern Metro,MM1,Metropolitan,Large,3.0,3.0,5.0,2.0,3.0,NUNAWADING,4.0,-1.0,Declined,1,True
2026-05,AdventCare Yarra Ranges,Seventh-Day Adventist Aged Care (Victoria) Ltd,Not for Profit,VIC,Eastern Metro,MM5,Small rural towns,Small,4.0,4.0,5.0,2.0,3.0,WARBURTON,4.0,0.0,Steady,10,True
2026-05,Adventist Nursing Home,Seventh-day Adventist Aged Care (Greater Sydney) Ltd,Private for Profit,NSW,Western Sydney,MM1,Metropolitan,Large,3.0,3.0,4.0,3.0,2.0,KINGS LANGLEY,3.0,0.0,Steady,12,True
2026-05,Adventist Residential Care,Seventh-Day Adventist Care (Western Australia) Ltd,Not for Profit,WA,Metropolitan South East,MM1,Metropolitan,Small,4.0,3.0,4.0,4.0,4.0,ROSSMOYNE,4.0,0.0,Steady,2,True
2026-05,Adventist Retirement Village - Victoria Pt,Seventh-Day Adventist Aged Care (South Queensland) Ltd,Not for Profit,QLD,Brisbane South,MM1,Metropolitan,Large,4.0,3.0,5.0,4.0,3.0,VICTORIA POINT,4.0,0.0,Steady,3,True
2026-05,Aegis Alfred Carson,Aegis Aged Care Group Pty Ltd,Private for Profit,WA,Metropolitan North,MM1,Metropolitan,Medium,4.0,3.0,5.0,4.0,3.0,CLAREMONT,4.0,0.0,Steady,12,True
2026-05,Aegis Amberley,Aegis Aged Care Group Pty Ltd,Private for Profit,WA,Metropolitan South West,MM1,Metropolitan,Large,4.0,3.0,5.0,4.0,2.0,SPEARWOOD,4.0,0.0,Steady,6,True
2026-05,Aegis Amherst,Aegis Aged Care Group Pty Ltd,Private for Profit,WA,Metropolitan South East,MM1,Metropolitan,Large,4.0,3.0,5.0,4.0,3.0,CANNING VALE,4.0,0.0,Steady,8,True
2026-05,Aegis Anchorage,Aegis Aged Care Group Pty Ltd,Private for Profit,WA,Metropolitan North,MM1,Metropolitan,Medium,4.0,3.0,5.0,4.0,3.0,MINDARIE,4.0,0.0,Steady,11,True
2026-05,Aegis Balmoral,Balmoral Aged Care Group Pty Ltd,Private for Profit,WA,Metropolitan South East,MM1,Metropolitan,Large,3.0,3.0,5.0,3.0,2.0,COMO,3.0,0.0,Steady,2,True
2026-05,Aegis Banksia Park,Aegis Aged Care Group Pty Ltd,Private for Profit,WA,Metropolitan South West,MM1,Metropolitan,Large,3.0,3.0,5.0,3.0,1.0,CALISTA,4.0,-1.0,Declined,1,True
2026-05,Aegis Bassendean,Aegis Aged Care Group Pty Ltd,Private for Profit,WA,Metropolitan East,MM1,Metropolitan,Medium,4.0,3.0,5.0,3.0,3.0,BASSENDEAN,4.0,0.0,Steady,7,True
2026-05,Aegis Carrington,Carrington Aged Care Facility Pty Ltd,Private for Profit,WA,Metropolitan South West,MM1,Metropolitan,Large,4.0,3.0,5.0,4.0,2.0,HAMILTON HILL,4.0,0.0,Steady,8,True
2026-05,Aegis Ellenvale,Aegis Aged Care Group Pty Ltd,Private for Profit,WA,South West,MM3,Large rural towns,Large,3.0,3.0,5.0,3.0,1.0,BROADWATER,3.0,0.0,Steady,2,True
2026-05,Aegis Greenfields,Aegis Aged Care Group Pty Ltd,Private for Profit,WA,Metropolitan South West,MM1,Metropolitan,Large,4.0,4.0,5.0,3.0,1.0,GREENFIELDS,4.0,0.0,Steady,12,True
2026-05,Aegis Hermitage,Aegis Aged Care Group Pty Ltd,Private for Profit,WA,Metropolitan East,MM1,Metropolitan,Large,4.0,3.0,5.0,4.0,2.0,ELLENBROOK,4.0,0.0,Steady,7,True
2026-05,Aegis Hilton Park,Aegis Aged Care Group Pty Ltd,Private for Profit,WA,Metropolitan South West,MM1,Metropolitan,Large,4.0,4.0,5.0,3.0,1.0,HILTON,4.0,0.0,Steady,10,True
2026-05,Aegis Karalee,Aegis Aged Care Group Pty Ltd,Private for Profit,WA,Metropolitan South East,MM1,Metropolitan,Small,4.0,4.0,5.0,5.0,3.0,REDCLIFFE,4.0,0.0,Steady,10,True
2026-05,Aegis Lakeside,Lakeside Hostel Pty Ltd,Private for Profit,WA,Metropolitan South East,MM1,Metropolitan,Small,4.0,3.0,5.0,5.0,1.0,REDCLIFFE,4.0,0.0,Steady,5,True
2026-05,Aegis Lincoln Park,Aegis Aged Care Group Pty Ltd,Private for Profit,WA,Metropolitan East,MM1,Metropolitan,Small,4.0,3.0,5.0,4.0,3.0,HIGHGATE,4.0,0.0,Steady,13,True
2026-05,Aegis Melville,Balmoral Aged Care Group Pty Ltd,Private for Profit,WA,Metropolitan South West,MM1,Metropolitan,Medium,4.0,3.0,5.0,4.0,3.0,MELVILLE,4.0,0.0,Steady,4,True
2026-05,Aegis Montgomery,Aegis Aged Care Group Pty Ltd,Private for Profit,WA,Metropolitan North,MM1,Metropolitan,Medium,4.0,4.0,5.0,4.0,3.0,MOUNT CLAREMONT,4.0,0.0,Steady,12,True
2026-05,Aegis Murdoch,Aegis Health Pty Ltd,Private for Profit,WA,Metropolitan South West,MM1,Metropolitan,Large,3.0,3.0,4.0,3.0,1.0,MURDOCH,3.0,0.0,Steady,4,True
2026-05,Aegis Parkview,Lakeside Hostel Pty Ltd,Private for Profit,WA,Metropolitan South East,MM1,Metropolitan,Medium,3.0,3.0,5.0,3.0,1.0,REDCLIFFE,3.0,0.0,Steady,3,True
2026-05,Aegis Sandstrom,Aegis Aged Care Group Pty Ltd,Private for Profit,WA,Metropolitan East,MM1,Metropolitan,Small,4.0,3.0,5.0,5.0,3.0,MOUNT LAWLEY,4.0,0.0,Steady,13,True
2026-05,Aegis Shawford,Aegis Aged Care Group Pty Ltd,Private for Profit,WA,Metropolitan North,MM1,Metropolitan,Medium,4.0,3.0,5.0,4.0,3.0,INNALOO,4.0,0.0,Steady,7,True
2026-05,Aegis Shoalwater,Aegis Aged Care Shoalwater Pty Ltd,Private for Profit,WA,Metropolitan South West,MM1,Metropolitan,Large,3.0,3.0,5.0,3.0,2.0,SHOALWATER,4.0,-1.0,Declined,1,True
2026-05,Aegis Shorehaven,Aegis Aged Care Group Pty Ltd,Private for Profit,WA,Metropolitan North,MM1,Metropolitan,Large,4.0,3.0,5.0,4.0,3.0,ALKIMOS,4.0,0.0,Steady,5,True
2026-05,Aegis Shoreline,Aegis Aged Care Group Pty Ltd,Private for Profit,WA,Metropolitan South West,MM1,Metropolitan,Large,4.0,3.0,5.0,4.0,1.0,NORTH COOGEE,3.0,1.0,Improved,1,True
2026-05,Aegis St Michael's,Aegis Aged Care Group Pty Ltd,Private for Profit,WA,Metropolitan East,MM1,Metropolitan,Medium,3.0,3.0,5.0,3.0,2.0,NORTH PERTH,3.0,0.0,Steady,2,True
2026-05,Aegis Stirling,Aegis Aged Care Group Pty Ltd,Private for Profit,WA,Metropolitan North,MM1,Metropolitan,Large,4.0,3.0,5.0,4.0,3.0,YOKINE,4.0,0.0,Steady,4,True
2026-05,Aegis The Pines,Aegis Aged Care Group Pty Ltd,Private for Profit,WA,Metropolitan East,MM1,Metropolitan,Medium,4.0,3.0,5.0,4.0,1.0,ELLENBROOK,4.0,0.0,Steady,6,True
2026-05,Aegis Woodlake,Aegis Aged Care Group Pty Ltd,Private for Profit,WA,Metropolitan North,MM1,Metropolitan,Medium,4.0,4.0,5.0,3.0,3.0,KINGSLEY,4.0,0.0,Steady,11,True
2026-05,Aeralife Bayswater,Heritage Care Pty Ltd,Private for Profit,VIC,Eastern Metro,MM1,Metropolitan,Large,4.0,4.0,5.0,3.0,1.0,BAYSWATER,4.0,0.0,Steady,5,True
2026-05,Aeralife Botany,Heritage Care Pty Ltd,Private for Profit,NSW,South East Sydney,MM1,Metropolitan,Large,4.0,4.0,5.0,3.0,2.0,BOTANY,4.0,0.0,Steady,2,True
2026-05,Aeralife Illawong,Heritage Care Pty Ltd,Private for Profit,NSW,South East Sydney,MM1,Metropolitan,Medium,4.0,4.0,5.0,3.0,3.0,ILLAWONG,4.0,0.0,Steady,4,True
2026-05,Aeralife Kingswood,Heritage Care Pty Ltd,Private for Profit,NSW,Nepean,MM1,Metropolitan,Medium,3.0,3.0,5.0,2.0,2.0,KINGSWOOD,3.0,0.0,Steady,2,True
2026-05,Aeralife Northcote,Aeralife Pty Ltd,Private for Profit,VIC,Northern Metro,MM1,Metropolitan,Medium,4.0,3.0,5.0,3.0,3.0,NORTHCOTE,4.0,0.0,Steady,2,True
2026-05,Aeralife Northpoint,Heritage Care Pty Ltd,Private for Profit,VIC,Northern Metro,MM1,Metropolitan,Large,3.0,3.0,5.0,3.0,2.0,EPPING,3.0,0.0,Steady,2,True
2026-05,Aeralife Pennant Hills,Heritage Care Pty Ltd,Private for Profit,NSW,Northern Sydney,MM1,Metropolitan,Small,5.0,5.0,5.0,4.0,4.0,PENNANT HILLS,5.0,0.0,Steady,2,True
2026-05,Aeralife Queanbeyan,Heritage Care Pty Ltd,Private for Profit,NSW,Southern Highlands,MM1,Metropolitan,Medium,3.0,3.0,5.0,2.0,1.0,QUEANBEYAN,4.0,-1.0,Declined,1,True
2026-05,Aeralife The Manor,Villawood Aged Care Pty Ltd,Private for Profit,NSW,South West Sydney,MM1,Metropolitan,Medium,3.0,3.0,5.0,3.0,1.0,FAIRFIELD,4.0,-1.0,Declined,1,True
2026-05,Aeralife Twin Parks,Aeralife Pty Ltd,Private for Profit,VIC,Northern Metro,MM1,Metropolitan,Large,4.0,3.0,5.0,5.0,3.0,RESERVOIR,4.0,0.0,Steady,5,True
2026-05,Aeralife Watergardens,Heritage Care Pty Ltd,Private for Profit,VIC,Western Metro,MM1,Metropolitan,Large,3.0,3.0,5.0,3.0,2.0,SYDENHAM,3.0,0.0,Steady,5,True
2026-05,Agmaroy Nursing Home,Fresh Fields Aged Care Pty Ltd,Private for Profit,WA,Metropolitan South East,MM1,Metropolitan,Small,3.0,3.0,5.0,2.0,3.0,WILSON,4.0,-1.0,Declined,1,True
2026-05,Agris Hutrof House,RSL LifeCare Limited,Not for Profit,NSW,South West Sydney,MM5,Small rural towns,Small,4.0,3.0,5.0,4.0,2.0,THIRLMERE,4.0,0.0,Steady,4,True
2026-05,Ainslie Low Head,Southern Cross Care (Tas) Inc,Not for Profit,TAS,Northern,MM5,Small rural towns,Small,5.0,5.0,5.0,4.0,4.0,LOW HEAD,4.0,1.0,Improved,1,True
2026-05,Akooramak Care of Older Persons,Warwick Benevolent Society Inc,Not for Profit,QLD,Darling Downs,MM4,Medium rural towns,Medium,3.0,4.0,4.0,2.0,3.0,WARWICK,4.0,-1.0,Declined,1,True
2026-05,Alan David Lodge,Barwon Health,Government,VIC,Barwon-South Western,MM1,Metropolitan,Medium,5.0,4.0,5.0,5.0,4.0,GROVEDALE,5.0,0.0,Steady,4,True
2026-05,Albert Moore Gardens,RSL LifeCare Limited,Not for Profit,NSW,Southern Highlands,MM4,Medium rural towns,Small,4.0,4.0,5.0,2.0,4.0,MERIMBULA,4.0,0.0,Steady,8,True
2026-05,Albury Wodonga Health Residential Care Program,Albury Wodonga Health,Government,VIC,Hume,MM5,Small rural towns,Small,5.0,4.0,5.0,5.0,5.0,BEECHWORTH,4.0,1.0,Improved,1,True
2026-05,Alchera House,Bayside Health,Government,VIC,Gippsland,MM5,Small rural towns,Small,,,,,,KORUMBURRA,4.0,,New/First,1,True
2026-05,Alcheringa,Respect Group Limited,Not for Profit,VIC,Loddon-Mallee,MM4,Medium rural towns,Medium,4.0,4.0,5.0,2.0,2.0,SWAN HILL,4.0,0.0,Steady,7,True
2026-05,Aldersgate Aged Care Services,Uniting Communities Incorporated,Not for Profit,SA,Metropolitan East,MM1,Metropolitan,Large,3.0,3.0,5.0,3.0,1.0,FELIXSTOW,4.0,-1.0,Declined,1,True
2026-05,Aldinga Beach Care Community,DPG Services Pty Ltd,Private for Profit,SA,Metropolitan South,MM1,Metropolitan,Large,,3.0,4.0,,3.0,ALDINGA BEACH,3.0,,New/First,1,True
2026-05,Alexander Aged Care,Armenian Rest Home Association Ltd,Not for Profit,NSW,Northern Sydney,MM1,Metropolitan,Medium,4.0,4.0,4.0,3.0,4.0,BROOKVALE,4.0,0.0,Steady,8,True
2026-05,Alexander Campbell House,The Churches of Christ Property Trust,Not for Profit,NSW,Northern Sydney,MM1,Metropolitan,Small,4.0,5.0,5.0,2.0,5.0,FORESTVILLE,4.0,0.0,Steady,9,True
2026-05,Alfred Cove Care Community,DPG Services Pty Ltd,Private for Profit,WA,Metropolitan South West,MM1,Metropolitan,Large,,4.0,5.0,,3.0,ALFRED COVE,4.0,,New/First,1,True
2026-05,Algester Lodge,Bundaleer Lodge Nursing Home Pty Ltd,Private for Profit,QLD,Brisbane South,MM1,Metropolitan,Large,,,,,,ALGESTER,4.0,,New/First,1,True
2026-05,Alice Ross-King Care Centre,Air Force Association WA Limited,Not for Profit,WA,Metropolitan South West,MM1,Metropolitan,Medium,4.0,4.0,5.0,4.0,3.0,BULL CREEK,4.0,0.0,Steady,13,True
2026-05,Alkira Gardens,The Sisters of Our Lady of China Health Care Pty Ltd,Private for Profit,NSW,South East Sydney,MM1,Metropolitan,Medium,4.0,4.0,5.0,3.0,5.0,MIRANDA,4.0,0.0,Steady,13,True
2026-05,Alkira Lodge,Bushland Health Group Limited,Not for Profit,NSW,Mid North Coast,MM3,Large rural towns,Medium,4.0,4.0,4.0,5.0,3.0,TAREE,4.0,0.0,Steady,4,True
2026-05,Allambie Heights Village Residential Aged Care Facility,Allambie Heights Village Ltd,Not for Profit,NSW,Northern Sydney,MM1,Metropolitan,Small,4.0,4.0,5.0,2.0,5.0,ALLAMBIE HEIGHTS,4.0,0.0,Steady,4,True
2026-05,Allanvale Private Nursing Home,MECWA Limited,Not for Profit,VIC,Western Metro,MM1,Metropolitan,Small,,3.0,,4.0,4.0,ALTONA MEADOWS,,,New/First,1,True
2026-05,Allawah Lodge,Coolamon Shire Council,Government,NSW,Riverina/Murray,MM5,Small rural towns,Small,5.0,5.0,5.0,5.0,4.0,COOLAMON,,,New/First,1,True
2026-05,Allawah Special Care Hostel,Yarrawonga Health,Government,VIC,Hume,MM4,Medium rural towns,Small,5.0,5.0,5.0,5.0,2.0,YARRAWONGA,4.0,1.0,Improved,1,True
2026-05,Aloaka Care Centre,Sundale Ltd,Not for Profit,QLD,Cabool,MM5,Small rural towns,Small,4.0,4.0,5.0,3.0,4.0,KILCOY,4.0,0.0,Steady,13,True
2026-05,Alstonville Adventist Aged Care Facility,Seventh-day Adventist Aged Care (North New South Wales) Ltd,Not for Profit,NSW,Far North Coast,MM3,Large rural towns,Small,4.0,4.0,5.0,2.0,3.0,ALSTONVILLE,4.0,0.0,Steady,13,True
2026-05,Alton Lodge,Seventh-day Adventist Aged Care (North New South Wales) Ltd,Not for Profit,NSW,Hunter,MM1,Metropolitan,Small,4.0,4.0,5.0,3.0,5.0,COORANBONG,4.0,0.0,Steady,7,True
2026-05,Altona Gardens Care Community,DPG Services Pty Ltd,Private for Profit,VIC,Western Metro,MM1,Metropolitan,Medium,,3.0,4.0,,3.0,ALTONA NORTH,3.0,,New/First,1,True
2026-05,Alwyndor Aged Care,City of Holdfast Bay,Government,SA,Metropolitan South,MM1,Metropolitan,Large,4.0,3.0,4.0,5.0,2.0,HOVE,3.0,1.0,Improved,1,True
2026-05,Amana Living Frederick Guest Hostel,Amana Living Incorporated,Not for Profit,WA,Metropolitan South West,MM1,Metropolitan,Small,4.0,3.0,5.0,3.0,3.0,BULL CREEK,4.0,0.0,Steady,5,True
2026-05,Amana Living Hale Hostel,Amana Living Incorporated,Not for Profit,WA,Metropolitan South West,MM1,Metropolitan,Small,4.0,3.0,5.0,4.0,4.0,COOLBELLUP,4.0,0.0,Steady,5,True
2026-05,Amana Living James Brown Care Centre,Amana Living Incorporated,Not for Profit,WA,Metropolitan North,MM1,Metropolitan,Medium,4.0,4.0,5.0,3.0,4.0,OSBORNE PARK,4.0,0.0,Steady,5,True
2026-05,Amana Living Kinross Care Community,Amana Living Incorporated,Not for Profit,WA,Metropolitan North,MM1,Metropolitan,Large,4.0,4.0,5.0,3.0,4.0,KINROSS,4.0,0.0,Steady,5,True
2026-05,Amana Living Lady McCusker Home,Amana Living Incorporated,Not for Profit,WA,Metropolitan North,MM1,Metropolitan,Small,4.0,3.0,5.0,4.0,2.0,DUNCRAIG,4.0,0.0,Steady,3,True
2026-05,Amana Living Lefroy Care Centre,Amana Living Incorporated,Not for Profit,WA,Metropolitan South West,MM1,Metropolitan,Small,4.0,3.0,5.0,5.0,1.0,BULL CREEK,4.0,0.0,Steady,2,True
2026-05,Amana Living Moline House,Amana Living Incorporated,Not for Profit,WA,Metropolitan North,MM1,Metropolitan,Small,4.0,3.0,5.0,3.0,3.0,KARRINYUP,4.0,0.0,Steady,5,True
2026-05,Amana Living Mosman Park Care Centre,Amana Living Incorporated,Not for Profit,WA,Metropolitan North,MM1,Metropolitan,Small,,,4.0,4.0,,MOSMAN PARK,,,New/First,1,True
2026-05,Amana Living Parry Care Centre,Amana Living Incorporated,Not for Profit,WA,Metropolitan East,MM1,Metropolitan,Small,4.0,4.0,5.0,3.0,4.0,LESMURDIE,4.0,0.0,Steady,4,True
2026-05,Amana Living Peter Arney Home,Amana Living Incorporated,Not for Profit,WA,Metropolitan South East,MM1,Metropolitan,Medium,4.0,3.0,5.0,5.0,3.0,SALTER POINT,4.0,0.0,Steady,2,True
2026-05,Amana Living St George's Care Centre,Amana Living Incorporated,Not for Profit,WA,Metropolitan East,MM1,Metropolitan,Medium,4.0,3.0,5.0,3.0,3.0,BAYSWATER,4.0,0.0,Steady,3,True
2026-05,Amana Living Thomas Scott Hostel,Amana Living Incorporated,Not for Profit,WA,Metropolitan South East,MM1,Metropolitan,Small,4.0,3.0,5.0,4.0,4.0,CAMILLO,4.0,0.0,Steady,5,True
2026-05,Amana Living Wearne Home,Amana Living Incorporated,Not for Profit,WA,Metropolitan South West,MM1,Metropolitan,Small,4.0,4.0,5.0,5.0,3.0,DUDLEY PARK,5.0,-1.0,Declined,1,True
2026-05,Amaroo Aged Care Facility,Hunter Valley Care Pty Ltd,Private for Profit,NSW,Hunter,MM1,Metropolitan,Medium,4.0,5.0,5.0,2.0,3.0,CHARLESTOWN,4.0,0.0,Steady,2,True
2026-05,Amaroo Village Buckley Caring Centre,Amaroo Care Services Inc,Not for Profit,WA,Metropolitan South East,MM1,Metropolitan,Large,3.0,3.0,4.0,3.0,2.0,GOSNELLS,3.0,0.0,Steady,6,True
2026-05,Amaroo Village McMahon Caring Centre,Amaroo Care Services Inc,Not for Profit,WA,Metropolitan South East,MM1,Metropolitan,Medium,3.0,3.0,4.0,3.0,2.0,GOSNELLS,3.0,0.0,Steady,13,True
2026-05,Amber Aged Care,Amber Aged Care Inc,Not for Profit,SA,Metropolitan East,MM1,Metropolitan,Small,4.0,3.0,5.0,4.0,3.0,PARADISE,4.0,0.0,Steady,11,True
2026-05,Aminya Village Hostel,MID MURRAY HOMES FOR THE AGED INCORPORATED,Not for Profit,SA,Riverland,MM5,Small rural towns,Small,4.0,3.0,5.0,5.0,3.0,MANNUM,4.0,0.0,Steady,2,True
2026-05,Anam Cara,Wesley Mission Queensland Limited,Not for Profit,QLD,Cabool,MM1,Metropolitan,Large,3.0,4.0,4.0,3.0,1.0,BRAY PARK,4.0,-1.0,Declined,1,True
2026-05,Ananda Aged Care Findon,K N H Nominees Pty Ltd,Private for Profit,SA,Metropolitan West,MM1,Metropolitan,Medium,3.0,2.0,5.0,4.0,2.0,FINDON,3.0,0.0,Steady,4,True
2026-05,Andrews House,West Gippsland Healthcare Group,Government,VIC,Gippsland,MM3,Large rural towns,Small,5.0,4.0,5.0,5.0,4.0,TRAFALGAR,4.0,1.0,Improved,1,True
2026-05,Anglican Care Bishop Tyrrell Place,Anglican Care,Not for Profit,NSW,Mid North Coast,MM3,Large rural towns,Medium,3.0,3.0,4.0,2.0,3.0,CUNDLETOWN,3.0,0.0,Steady,2,True
2026-05,Anglican Care C A Brown,Anglican Care,Not for Profit,NSW,Hunter,MM1,Metropolitan,Large,3.0,4.0,5.0,1.0,3.0,BOORAGUL,4.0,-1.0,Declined,1,True
2026-05,Anglican Care Jesmond Grove,Anglican Care,Not for Profit,NSW,Hunter,MM1,Metropolitan,Medium,4.0,4.0,5.0,3.0,3.0,JESMOND,4.0,0.0,Steady,8,True
2026-05,Anglican Care Kilpatrick Court,Anglican Care,Not for Profit,NSW,Hunter,MM1,Metropolitan,Large,3.0,4.0,4.0,2.0,3.0,TORONTO,3.0,0.0,Steady,2,True
2026-05,Anglican Care McIntosh Court,Anglican Care,Not for Profit,NSW,Hunter,MM1,Metropolitan,Medium,4.0,4.0,5.0,3.0,3.0,BOORAGUL,3.0,1.0,Improved,1,True
2026-05,Anglican Care Mirrabooka Place,Anglican Care,Not for Profit,NSW,Mid North Coast,MM5,Small rural towns,Small,4.0,4.0,4.0,3.0,4.0,GLOUCESTER,3.0,1.0,Improved,1,True
2026-05,Anglican Care Scenic Lodge Merewether,Anglican Care,Not for Profit,NSW,Hunter,MM1,Metropolitan,Small,4.0,4.0,5.0,1.0,5.0,MEREWETHER,4.0,0.0,Steady,7,True
2026-05,Anglican Care Storm Village,Anglican Care,Not for Profit,NSW,Mid North Coast,MM3,Large rural towns,Medium,3.0,4.0,4.0,2.0,2.0,TAREE,3.0,0.0,Steady,2,True
2026-05,Anglican Care Warnervale Gardens,Anglican Care,Not for Profit,NSW,Central Coast,MM1,Metropolitan,Medium,4.0,5.0,5.0,2.0,4.0,WOONGARRAH,4.0,0.0,Steady,4,True
2026-05,Anglicare Barry Marsh House,Anglican Community Services,Not for Profit,NSW,South West Sydney,MM1,Metropolitan,Medium,4.0,4.0,5.0,3.0,5.0,ORAN PARK,4.0,0.0,Steady,10,True
2026-05,Anglicare Brian King Gardens,Anglican Community Services,Not for Profit,NSW,Northern Sydney,MM1,Metropolitan,Large,4.0,4.0,4.0,3.0,3.0,CASTLE HILL,4.0,0.0,Steady,6,True
2026-05,Anglicare Carlingford House,Anglican Community Services,Not for Profit,NSW,Western Sydney,MM1,Metropolitan,Small,,,,,,CARLINGFORD,,,New/First,1,True
2026-05,Anglicare Donington Court,Anglican Community Services,Not for Profit,NSW,Northern Sydney,MM1,Metropolitan,Large,4.0,4.0,5.0,3.0,3.0,CASTLE HILL,4.0,0.0,Steady,9,True
2026-05,Anglicare Dorothy Boyt House,Anglican Community Services,Not for Profit,NSW,South East Sydney,MM1,Metropolitan,Small,4.0,3.0,5.0,3.0,5.0,MALABAR,4.0,0.0,Steady,8,True
2026-05,Anglicare Dudley Foord House,Anglican Community Services,Not for Profit,NSW,Western Sydney,MM1,Metropolitan,Medium,4.0,4.0,5.0,3.0,5.0,THE PONDS,4.0,0.0,Steady,10,True
2026-05,Anglicare Eileen Armstrong House,Anglican Community Services,Not for Profit,NSW,Illawarra,MM1,Metropolitan,Small,4.0,4.0,5.0,3.0,4.0,WOONONA,4.0,0.0,Steady,10,True
2026-05,Anglicare Elizabeth Lodge,Anglican Community Services,Not for Profit,NSW,South East Sydney,MM1,Metropolitan,Large,4.0,3.0,5.0,3.0,3.0,RUSHCUTTERS BAY,4.0,0.0,Steady,6,True
2026-05,Anglicare Farrer Brown Court,Anglican Community Services,Not for Profit,NSW,Northern Sydney,MM1,Metropolitan,Large,4.0,5.0,5.0,3.0,3.0,CASTLE HILL,4.0,0.0,Steady,10,True
2026-05,Anglicare Goodhew Gardens & Bay Breeze,Anglican Community Services,Not for Profit,NSW,South East Sydney,MM1,Metropolitan,Large,4.0,4.0,5.0,3.0,3.0,TAREN POINT,4.0,0.0,Steady,5,True
2026-05,Anglicare Jean Ross House,Anglican Community Services,Not for Profit,NSW,Illawarra,MM3,Large rural towns,Small,4.0,4.0,5.0,3.0,3.0,SOUTH NOWRA,4.0,0.0,Steady,10,True
2026-05,Anglicare Lemongrove Gardens,Anglican Community Services,Not for Profit,NSW,Nepean,MM1,Metropolitan,Small,4.0,4.0,5.0,3.0,5.0,PENRITH,4.0,0.0,Steady,10,True
2026-05,Anglicare Marcus Loane House,Anglican Community Services,Not for Profit,NSW,Northern Sydney,MM1,Metropolitan,Large,4.0,4.0,5.0,3.0,3.0,WARRIEWOOD,4.0,0.0,Steady,7,True
2026-05,Anglicare Mary Andrews Village,Anglican Community Services,Not for Profit,NSW,South East Sydney,MM1,Metropolitan,Small,4.0,3.0,5.0,3.0,4.0,SOUTH HURSTVILLE,4.0,0.0,Steady,10,True
2026-05,Anglicare Melva McDonald Lodge,Anglican Community Services,Not for Profit,NSW,Western Sydney,MM1,Metropolitan,Medium,4.0,3.0,5.0,3.0,5.0,ROOTY HILL,4.0,0.0,Steady,6,True
2026-05,Anglicare Mildred Symons House,Anglican Community Services,Not for Profit,NSW,South East Sydney,MM1,Metropolitan,Large,4.0,3.0,5.0,3.0,5.0,JANNALI,4.0,0.0,Steady,10,True
2026-05,Anglicare Newmarch House,Anglican Community Services,Not for Profit,NSW,Nepean,MM1,Metropolitan,Medium,4.0,4.0,5.0,3.0,3.0,KINGSWOOD,4.0,0.0,Steady,8,True
2026-05,Anglicare Piper House,Anglican Community Services,Not for Profit,NSW,Illawarra,MM1,Metropolitan,Large,3.0,3.0,5.0,3.0,2.0,DAPTO,3.0,0.0,Steady,3,True
2026-05,Anglicare Porter Lodge,Anglican Community Services,Not for Profit,NSW,South West Sydney,MM1,Metropolitan,Medium,4.0,3.0,5.0,3.0,5.0,MINTO,4.0,0.0,Steady,6,True
2026-05,Anglicare Roden Cutler Lodge,Anglican Community Services,Not for Profit,NSW,Northern Sydney,MM1,Metropolitan,Large,4.0,4.0,5.0,3.0,4.0,GORDON,4.0,0.0,Steady,6,True
2026-05,Anglicare SQ Abri Home for the Aged,The Corporation of the Synod of the Diocese of Brisbane,Not for Profit,QLD,South Coast,MM1,Metropolitan,Small,5.0,5.0,5.0,5.0,3.0,SOUTHPORT,5.0,0.0,Steady,2,True
2026-05,Anglicare SQ Edwin Marsden Tooth Memorial Home for Aged,The Corporation of the Synod of the Diocese of Brisbane,Not for Profit,QLD,Brisbane South,MM1,Metropolitan,Medium,4.0,4.0,5.0,5.0,3.0,MANLY,4.0,0.0,Steady,11,True
2026-05,Anglicare SQ Kirami Home for the Aged,The Corporation of the Synod of the Diocese of Brisbane,Not for Profit,QLD,Wide Bay,MM2,Regional centres,Medium,4.0,3.0,5.0,4.0,3.0,POINT VERNON,4.0,0.0,Steady,8,True
2026-05,Anglicare SQ Meilene Home for the Aged,The Corporation of the Synod of the Diocese of Brisbane,Not for Profit,QLD,Wide Bay,MM2,Regional centres,Medium,4.0,4.0,5.0,5.0,3.0,BUNDABERG CENTRAL,4.0,0.0,Steady,12,True
2026-05,Anglicare SQ St John's Home for Aged Men,The Corporation of the Synod of the Diocese of Brisbane,Not for Profit,QLD,Brisbane North,MM1,Metropolitan,Medium,4.0,4.0,5.0,4.0,5.0,TOOWONG,4.0,0.0,Steady,13,True
2026-05,Anglicare SQ St Martin's Nursing Home,The Corporation of the Synod of the Diocese of Brisbane,Not for Profit,QLD,Brisbane North,MM1,Metropolitan,Medium,4.0,4.0,5.0,5.0,2.0,TAIGUM,5.0,-1.0,Declined,1,True
2026-05,Anglicare SQ Symes Grove Home for the Aged,The Corporation of the Synod of the Diocese of Brisbane,Not for Profit,QLD,Brisbane North,MM1,Metropolitan,Large,4.0,4.0,5.0,3.0,4.0,TAIGUM,4.0,0.0,Steady,9,True
2026-05,Anglicare SQ Symes Thorpe Home for the Aged,The Corporation of the Synod of the Diocese of Brisbane,Not for Profit,QLD,Darling Downs,MM2,Regional centres,Medium,4.0,4.0,5.0,4.0,3.0,MIDDLE RIDGE,4.0,0.0,Steady,12,True
2026-05,Anglicare The Donald Coburn Centre,Anglican Community Services,Not for Profit,NSW,Northern Sydney,MM1,Metropolitan,Large,4.0,3.0,5.0,3.0,4.0,CASTLE HILL,4.0,0.0,Steady,7,True
2026-05,Anglicare The Terraces Residential Care,Anglican Community Services,Not for Profit,NSW,South East Sydney,MM1,Metropolitan,Medium,3.0,3.0,4.0,3.0,2.0,PADDINGTON,3.0,0.0,Steady,4,True
2026-05,Anglicare Warrina Residential Care,Anglican Community Services,Not for Profit,NSW,Northern Sydney,MM1,Metropolitan,Large,4.0,3.0,5.0,3.0,4.0,CASTLE HILL,4.0,0.0,Steady,10,True
2026-05,Anglicare Woodberry Village,Anglican Community Services,Not for Profit,NSW,Western Sydney,MM1,Metropolitan,Large,4.0,4.0,5.0,3.0,4.0,WINSTON HILLS,4.0,0.0,Steady,8,True
2026-05,AnglicareSA Brompton,ANGLICARE SA LTD.,Not for Profit,SA,Metropolitan West,MM1,Metropolitan,Small,4.0,3.0,5.0,5.0,2.0,BROMPTON,4.0,0.0,Steady,4,True
2026-05,AnglicareSA Elizabeth - Dutton Court,ANGLICARE SA LTD.,Not for Profit,SA,Metropolitan North,MM1,Metropolitan,Medium,4.0,4.0,5.0,4.0,3.0,ELIZABETH EAST,4.0,0.0,Steady,3,True
2026-05,AnglicareSA Elizabeth East,ANGLICARE SA LTD.,Not for Profit,SA,Metropolitan North,MM1,Metropolitan,Large,3.0,3.0,4.0,3.0,1.0,ELIZABETH EAST,4.0,-1.0,Declined,1,True
2026-05,AnglicareSA Grange,ANGLICARE SA LTD.,Not for Profit,SA,Metropolitan West,MM1,Metropolitan,Large,3.0,3.0,5.0,3.0,2.0,GRANGE,3.0,0.0,Steady,8,True
2026-05,AnglicareSA Trott Park,ANGLICARE SA LTD.,Not for Profit,SA,Metropolitan South,MM1,Metropolitan,Large,3.0,3.0,5.0,3.0,1.0,TROTT PARK,4.0,-1.0,Declined,1,True
2026-05,AnglicareSA Westbourne Park,ANGLICARE SA LTD.,Not for Profit,SA,Metropolitan South,MM1,Metropolitan,Medium,3.0,3.0,5.0,3.0,2.0,WESTBOURNE PARK,3.0,0.0,Steady,2,True
2026-05,Annandale Grove Care Community,DPG Services Pty Ltd,Private for Profit,NSW,Inner West,MM1,Metropolitan,Medium,,4.0,5.0,,3.0,ANNANDALE,4.0,,New/First,1,True
2026-05,Annie Green Court,Mission Australia,Not for Profit,NSW,South East Sydney,MM1,Metropolitan,Medium,4.0,3.0,5.0,3.0,3.0,REDFERN,4.0,0.0,Steady,12,True
2026-05,Anthem,TBG Senior Living Services Pty Ltd,Private for Profit,NSW,South West Sydney,MM3,Large rural towns,Large,4.0,4.0,5.0,2.0,5.0,BOWRAL,4.0,0.0,Steady,11,True
2026-05,Anzac Lodge Private Nursing Home,Java Dale Pty Ltd,Private for Profit,VIC,Northern Metro,MM1,Metropolitan,Large,4.0,3.0,5.0,4.0,3.0,COBURG NORTH,4.0,0.0,Steady,2,True
2026-05,Applecross Shore Care Community,DPG Services Pty Ltd,Private for Profit,WA,Metropolitan South West,MM1,Metropolitan,Large,,3.0,5.0,,3.0,APPLECROSS,4.0,,New/First,1,True
2026-05,Apsley Riverview,Walcha Council,Government,NSW,New England,MM5,Small rural towns,Small,4.0,4.0,4.0,4.0,3.0,WALCHA,,,New/First,1,True
2026-05,Arcare Aranda,Arcare Pty Ltd,Private for Profit,ACT,ACT,MM1,Metropolitan,Large,,3.0,,,,ARANDA,,,New/First,1,True
2026-05,Arcare Balnarring,Arcare Pty Ltd,Private for Profit,VIC,Southern Metro,MM1,Metropolitan,Medium,4.0,4.0,5.0,3.0,3.0,BALNARRING,4.0,0.0,Steady,7,True
2026-05,Arcare Belmont,Arcare Pty Ltd,Private for Profit,NSW,Hunter,MM1,Metropolitan,Medium,4.0,4.0,5.0,3.0,3.0,BELMONT,4.0,0.0,Steady,4,True
2026-05,Arcare Birtinya,Arcare Pty Ltd,Private for Profit,QLD,Sunshine Coast,MM1,Metropolitan,Medium,4.0,4.0,5.0,3.0,2.0,BIRTINYA,4.0,0.0,Steady,2,True
2026-05,Arcare Brighton,Arcare Pty Ltd,Private for Profit,VIC,Southern Metro,MM1,Metropolitan,Small,4.0,3.0,5.0,3.0,4.0,BRIGHTON,4.0,0.0,Steady,13,True
2026-05,Arcare Burnside,Arcare Pty Ltd,Private for Profit,VIC,Western Metro,MM1,Metropolitan,Medium,4.0,3.0,5.0,3.0,3.0,BURNSIDE,4.0,0.0,Steady,8,True
2026-05,Arcare Caboolture,Arcare Pty Ltd,Private for Profit,QLD,Cabool,MM1,Metropolitan,Large,4.0,4.0,5.0,3.0,2.0,CABOOLTURE,4.0,0.0,Steady,11,True
2026-05,Arcare Carnegie,Arcare Pty Ltd,Private for Profit,VIC,Southern Metro,MM1,Metropolitan,Large,3.0,3.0,5.0,3.0,2.0,CARNEGIE,3.0,0.0,Steady,2,True
2026-05,Arcare Castlemaine,Arcare Pty Ltd,Private for Profit,VIC,Loddon-Mallee,MM4,Medium rural towns,Medium,4.0,4.0,5.0,3.0,3.0,MCKENZIE HILL,4.0,0.0,Steady,7,True
2026-05,Arcare Caulfield,Arcare Pty Ltd,Private for Profit,VIC,Southern Metro,MM1,Metropolitan,Large,4.0,4.0,5.0,3.0,3.0,CAULFIELD NORTH,4.0,0.0,Steady,5,True
2026-05,Arcare Cheltenham,Arcare Pty Ltd,Private for Profit,VIC,Southern Metro,MM1,Metropolitan,Medium,4.0,4.0,5.0,3.0,3.0,CHELTENHAM,4.0,0.0,Steady,6,True
2026-05,Arcare Clyde,Arcare Pty Ltd,Private for Profit,VIC,Southern Metro,MM1,Metropolitan,Small,,,,,,CRANBOURNE EAST,,,New/First,1,True
2026-05,Arcare Craigieburn,Arcare Pty Ltd,Private for Profit,VIC,Northern Metro,MM1,Metropolitan,Medium,3.0,3.0,5.0,3.0,2.0,CRAIGIEBURN,4.0,-1.0,Declined,1,True
2026-05,Arcare Croydon,Arcare Pty Ltd,Private for Profit,VIC,Eastern Metro,MM1,Metropolitan,Medium,,4.0,,,,CROYDON,,,New/First,1,True
2026-05,Arcare Eight Mile Plains,K & M Healthcare Pty Ltd,Private for Profit,QLD,Brisbane South,MM1,Metropolitan,Large,4.0,4.0,5.0,3.0,3.0,EIGHT MILE PLAINS,4.0,0.0,Steady,7,True
2026-05,Arcare Epping,Arcare Pty Ltd,Private for Profit,VIC,Northern Metro,MM1,Metropolitan,Large,4.0,4.0,5.0,3.0,3.0,EPPING,4.0,0.0,Steady,3,True
2026-05,Arcare Essendon,Arcare Pty Ltd,Private for Profit,VIC,Western Metro,MM1,Metropolitan,Large,4.0,4.0,5.0,3.0,4.0,ESSENDON,4.0,0.0,Steady,9,True
2026-05,Arcare Gisborne,Arcare Pty Ltd,Private for Profit,VIC,Loddon-Mallee,MM3,Large rural towns,Medium,4.0,3.0,4.0,4.0,3.0,GISBORNE,4.0,0.0,Steady,3,True
2026-05,Arcare Glenhaven,Arcare Pty Ltd,Private for Profit,NSW,Western Sydney,MM1,Metropolitan,Large,4.0,4.0,5.0,3.0,3.0,GLENHAVEN,4.0,0.0,Steady,4,True
2026-05,Arcare Helensvale,Arcare Pty Ltd,Private for Profit,QLD,South Coast,MM1,Metropolitan,Medium,4.0,4.0,5.0,3.0,5.0,HELENSVALE,4.0,0.0,Steady,9,True
2026-05,Arcare Helensvale St James,Arcare Pty Ltd,Private for Profit,QLD,South Coast,MM1,Metropolitan,Medium,3.0,2.0,5.0,3.0,3.0,HELENSVALE,3.0,0.0,Steady,2,True
2026-05,Arcare Hillside,Arcare Pty Ltd,Private for Profit,VIC,Western Metro,MM1,Metropolitan,Medium,4.0,4.0,5.0,3.0,3.0,SYDENHAM,4.0,0.0,Steady,6,True
2026-05,Arcare Hope Island,Hope Island Care Pty Ltd,Private for Profit,QLD,South Coast,MM1,Metropolitan,Large,4.0,4.0,5.0,3.0,3.0,HOPE ISLAND,4.0,0.0,Steady,7,True
2026-05,Arcare Kanwal,Arcare Pty Ltd,Private for Profit,NSW,Central Coast,MM1,Metropolitan,Large,3.0,3.0,5.0,3.0,2.0,KANWAL,4.0,-1.0,Declined,1,True
2026-05,Arcare Keysborough,Arcare Pty Ltd,Private for Profit,VIC,Southern Metro,MM1,Metropolitan,Medium,4.0,4.0,5.0,3.0,3.0,KEYSBOROUGH,4.0,0.0,Steady,6,True
2026-05,Arcare Knox,Arcare Pty Ltd,Private for Profit,VIC,Eastern Metro,MM1,Metropolitan,Large,4.0,3.0,5.0,3.0,3.0,WANTIRNA SOUTH,4.0,0.0,Steady,7,True
2026-05,Arcare Lisarow The Orchards,Arcare Pty Ltd,Private for Profit,NSW,Central Coast,MM1,Metropolitan,Large,4.0,4.0,4.0,3.0,3.0,LISAROW,4.0,0.0,Steady,2,True
2026-05,Arcare Logan Reserve,Arcare Pty Ltd,Private for Profit,QLD,Logan River Valley,MM1,Metropolitan,Medium,4.0,3.0,5.0,3.0,3.0,LOGAN RESERVE,4.0,0.0,Steady,9,True
2026-05,Arcare Lysterfield,Arcare Pty Ltd,Private for Profit,VIC,Eastern Metro,MM1,Metropolitan,Medium,,4.0,,3.0,2.0,LYSTERFIELD,,,New/First,1,True
2026-05,Arcare Maidstone,Arcare Pty Ltd,Private for Profit,VIC,Western Metro,MM1,Metropolitan,Medium,3.0,3.0,5.0,3.0,2.0,MAIDSTONE,3.0,0.0,Steady,3,True
2026-05,Arcare Malvern East,Arcare Pty Ltd,Private for Profit,VIC,Southern Metro,MM1,Metropolitan,Medium,4.0,4.0,5.0,3.0,3.0,MALVERN EAST,4.0,0.0,Steady,6,True
2026-05,Arcare Maroochydore,Arcare Pty Ltd,Private for Profit,QLD,Sunshine Coast,MM1,Metropolitan,Medium,4.0,3.0,5.0,3.0,3.0,MAROOCHYDORE,4.0,0.0,Steady,6,True
2026-05,Arcare Mollymook,Arcare Pty Ltd,Private for Profit,NSW,Illawarra,MM4,Medium rural towns,Medium,4.0,4.0,5.0,3.0,5.0,MOLLYMOOK,4.0,0.0,Steady,10,True
2026-05,Arcare Nirvana Avenue,Arcare Pty Ltd,Private for Profit,VIC,Southern Metro,MM1,Metropolitan,Small,4.0,4.0,5.0,4.0,3.0,MALVERN EAST,4.0,0.0,Steady,13,True
2026-05,Arcare Noosa,Arcare Pty Ltd,Private for Profit,QLD,Sunshine Coast,MM1,Metropolitan,Medium,4.0,4.0,5.0,3.0,2.0,NOOSAVILLE,4.0,0.0,Steady,12,True
2026-05,Arcare North Lakes,Arcare Pty Ltd,Private for Profit,QLD,Cabool,MM1,Metropolitan,Large,4.0,4.0,5.0,3.0,1.0,NORTH LAKES,4.0,0.0,Steady,5,True
2026-05,Arcare North Shore,Arcare Pty Ltd,Private for Profit,QLD,Northern,MM2,Regional centres,Medium,4.0,4.0,5.0,3.0,1.0,BURDELL,4.0,0.0,Steady,2,True
2026-05,Arcare Oatlands,Arcare Pty Ltd,Private for Profit,NSW,Western Sydney,MM1,Metropolitan,Large,4.0,4.0,5.0,3.0,3.0,OATLANDS,4.0,0.0,Steady,13,True
2026-05,Arcare Parkinson,Arcare Pty Ltd,Private for Profit,QLD,Brisbane South,MM1,Metropolitan,Large,4.0,4.0,5.0,3.0,3.0,PARKINSON,4.0,0.0,Steady,11,True
2026-05,Arcare Parkview Malvern East,Arcare Pty Ltd,Private for Profit,VIC,Southern Metro,MM1,Metropolitan,Medium,4.0,4.0,5.0,3.0,2.0,MALVERN EAST,4.0,0.0,Steady,3,True
2026-05,Arcare Parkwood,Arcare Pty Ltd,Private for Profit,QLD,South Coast,MM1,Metropolitan,Medium,4.0,4.0,5.0,3.0,2.0,PARKWOOD,4.0,0.0,Steady,3,True
2026-05,Arcare Peregian Springs,Arcare Pty Ltd,Private for Profit,QLD,Sunshine Coast,MM1,Metropolitan,Medium,4.0,4.0,5.0,3.0,1.0,PEREGIAN SPRINGS,4.0,0.0,Steady,4,True
2026-05,Arcare Pimpama,Arcare Pty Ltd,Private for Profit,QLD,South Coast,MM1,Metropolitan,Medium,4.0,4.0,5.0,3.0,2.0,PIMPAMA,4.0,0.0,Steady,12,True
2026-05,Arcare Point Lonsdale,Arcare Pty Ltd,Private for Profit,VIC,Barwon-South Western,MM2,Regional centres,Medium,4.0,3.0,5.0,3.0,3.0,POINT LONSDALE,4.0,0.0,Steady,13,True
2026-05,Arcare Portarlington,Arcare Pty Ltd,Private for Profit,VIC,Barwon-South Western,MM4,Medium rural towns,Medium,4.0,4.0,5.0,3.0,1.0,PORTARLINGTON,4.0,0.0,Steady,13,True
2026-05,Arcare Reservoir,Arcare Pty Ltd,Private for Profit,VIC,Northern Metro,MM1,Metropolitan,Medium,4.0,3.0,5.0,3.0,3.0,RESERVOIR,4.0,0.0,Steady,3,True
2026-05,Arcare Ringwood,Arcare Pty Ltd,Private for Profit,VIC,Eastern Metro,MM1,Metropolitan,Large,4.0,4.0,4.0,4.0,4.0,RINGWOOD,,,New/First,1,True
2026-05,Arcare Sanctuary Manors,Arcare Pty Ltd,Private for Profit,QLD,South Coast,MM1,Metropolitan,Small,4.0,4.0,5.0,4.0,3.0,HOPE ISLAND,4.0,0.0,Steady,13,True
2026-05,Arcare Seven Hills,Arcare Pty Ltd,Private for Profit,QLD,Brisbane South,MM1,Metropolitan,Large,4.0,4.0,5.0,3.0,3.0,SEVEN HILLS,4.0,0.0,Steady,12,True
2026-05,Arcare Slacks Creek,K & M Healthcare Pty Ltd,Private for Profit,QLD,Logan River Valley,MM1,Metropolitan,Large,3.0,3.0,5.0,3.0,2.0,SLACKS CREEK,4.0,-1.0,Declined,1,True
2026-05,Arcare Springwood,Arcare Pty Ltd,Private for Profit,QLD,Logan River Valley,MM1,Metropolitan,Large,4.0,4.0,5.0,4.0,3.0,SPRINGWOOD,4.0,0.0,Steady,11,True
2026-05,Arcare Surrey Hills,Arcare Pty Ltd,Private for Profit,VIC,Eastern Metro,MM1,Metropolitan,Small,4.0,3.0,5.0,3.0,4.0,SURREY HILLS,4.0,0.0,Steady,13,True
2026-05,Arcare Sydenham,Arcare Pty Ltd,Private for Profit,VIC,Western Metro,MM1,Metropolitan,Large,4.0,4.0,5.0,3.0,3.0,SYDENHAM,4.0,0.0,Steady,6,True
2026-05,Arcare Taigum,Arcare Pty Ltd,Private for Profit,QLD,Brisbane North,MM1,Metropolitan,Medium,4.0,4.0,5.0,3.0,3.0,TAIGUM,4.0,0.0,Steady,9,True
2026-05,Arcare Templestowe,Arcare Pty Ltd,Private for Profit,VIC,Eastern Metro,MM1,Metropolitan,Large,4.0,3.0,5.0,3.0,3.0,TEMPLESTOWE,4.0,0.0,Steady,2,True
2026-05,Arcare Thornlands,Arcare Pty Ltd,Private for Profit,QLD,Brisbane South,MM1,Metropolitan,Medium,3.0,3.0,5.0,3.0,2.0,THORNLANDS,4.0,-1.0,Declined,1,True
2026-05,Arcare Warners Bay,Arcare Pty Ltd,Private for Profit,NSW,Hunter,MM1,Metropolitan,Large,3.0,4.0,4.0,3.0,2.0,WARNERS BAY,4.0,-1.0,Declined,1,True
2026-05,Arcare Warriewood,Arcare Pty Ltd,Private for Profit,NSW,Northern Sydney,MM1,Metropolitan,Large,4.0,4.0,5.0,3.0,2.0,WARRIEWOOD,4.0,0.0,Steady,3,True
2026-05,Arcare Werribee,Arcare Pty Ltd,Private for Profit,VIC,Western Metro,MM2,Regional centres,Medium,,,,,,WERRIBEE,,,New/First,1,True
2026-05,Arcare Wright,Arcare Pty Ltd,Private for Profit,ACT,ACT,MM1,Metropolitan,Small,,,,,,WRIGHT,,,New/First,1,True
2026-05,Archbishop Goody Hostel,Catholic Homes Incorporated,Not for Profit,WA,Metropolitan East,MM1,Metropolitan,Small,4.0,3.0,5.0,3.0,3.0,EAST PERTH,4.0,0.0,Steady,8,True
2026-05,Archie Gray Nursing Home Unit,West Wimmera Health Service,Government,VIC,Grampians,MM5,Small rural towns,Small,4.0,4.0,5.0,5.0,3.0,KANIVA,4.0,0.0,Steady,3,True
2026-05,Ardrossan Community Hostel,WALARA INCORPORATED,Not for Profit,SA,"Yorke, Lower North & Barossa",MM5,Small rural towns,Small,,,,,,ARDROSSAN,,,New/First,1,True
2026-05,Armadale Place Care Community,DPG Services Pty Ltd,Private for Profit,WA,Metropolitan South East,MM1,Metropolitan,Medium,,3.0,5.0,,2.0,ARMADALE,4.0,,New/First,1,True
2026-05,Arpad Aged Care,Arpad Elderly Welfare Society Inc,Not for Profit,VIC,Eastern Metro,MM1,Metropolitan,Small,4.0,4.0,5.0,3.0,2.0,WANTIRNA,4.0,0.0,Steady,9,True
2026-05,Arthur Blackburn VC Gardens,RSL LifeCare Limited,Not for Profit,NSW,Mid North Coast,MM3,Large rural towns,Medium,4.0,4.0,5.0,5.0,2.0,PORT MACQUARIE,4.0,0.0,Steady,8,True
2026-05,Aruma Lodge,Southern Cross Care (QLD) Ltd,Not for Profit,NSW,Orana Far West,MM3,Large rural towns,Small,,4.0,,2.0,3.0,BROKEN HILL,,,New/First,1,True
2026-05,Ascott Gardens,United Protestant Association of NSW Limited,Not for Profit,NSW,Central West,MM3,Large rural towns,Medium,4.0,4.0,5.0,5.0,2.0,ORANGE,4.0,0.0,Steady,2,True
2026-05,Ashburn House Aged Care Facility,Christadelphian Homes Limited,Not for Profit,NSW,Northern Sydney,MM1,Metropolitan,Medium,3.0,3.0,5.0,3.0,2.0,GLADESVILLE,4.0,-1.0,Declined,1,True
2026-05,Ashfield Terrace Care Community,DPG Services Pty Ltd,Private for Profit,NSW,Inner West,MM1,Metropolitan,Large,,3.0,5.0,,3.0,ASHFIELD,4.0,,New/First,1,True
2026-05,Ashleigh House Hostel,Ashleigh House Ltd,Not for Profit,VIC,Gippsland,MM4,Medium rural towns,Medium,4.0,5.0,4.0,5.0,3.0,SALE,4.0,0.0,Steady,2,True
2026-05,Ashman Grove Aged Care Hostel,Rosha Pty Ltd,Private for Profit,SA,Metropolitan West,MM1,Metropolitan,Medium,4.0,4.0,5.0,2.0,3.0,BROMPTON,4.0,0.0,Steady,2,True
2026-05,Ashmore Gardens Care Community,DPG Services Pty Ltd,Private for Profit,QLD,South Coast,MM1,Metropolitan,Large,,4.0,5.0,,3.0,ASHMORE,4.0,,New/First,1,True
2026-05,Ashwood Residential Care Service,The Churches of Christ Property Trust,Not for Profit,NSW,Western Sydney,MM1,Metropolitan,Large,3.0,3.0,5.0,1.0,3.0,PENDLE HILL,4.0,-1.0,Declined,1,True
2026-05,Assisi Centre Aged Care,Assisi Centre Limited,Not for Profit,VIC,Northern Metro,MM1,Metropolitan,Large,3.0,3.0,5.0,2.0,3.0,ROSANNA,4.0,-1.0,Declined,1,True
2026-05,Aubrey Downer Aged Care Home,Fresh Fields Aged Care (NSW) - No 1 Pty Ltd,Private for Profit,NSW,Central Coast,MM1,Metropolitan,Small,4.0,3.0,5.0,4.0,3.0,POINT CLARE,4.0,0.0,Steady,13,True
2026-05,Auburn Glen Care Community,DPG Services Pty Ltd,Private for Profit,NSW,Western Sydney,MM1,Metropolitan,Small,,5.0,5.0,,3.0,AUBURN,4.0,,New/First,1,True
2026-05,Auburn House,St Vincent's Hospital (Melbourne) Limited,Not for Profit,VIC,Eastern Metro,MM1,Metropolitan,Small,4.0,4.0,5.0,5.0,3.0,HAWTHORN EAST,4.0,0.0,Steady,11,True
2026-05,Australian Vietnamese Aged Care Services,Australian Vietnamese Aged Care Services Limited,Not for Profit,NSW,South West Sydney,MM1,Metropolitan,Medium,4.0,5.0,5.0,4.0,3.0,SMITHFIELD,4.0,0.0,Steady,2,True
2026-05,Avalon House,Thompson Health Care Pty Ltd,Private for Profit,NSW,Northern Sydney,MM1,Metropolitan,Small,5.0,5.0,5.0,5.0,3.0,AVALON BEACH,5.0,0.0,Steady,4,True
2026-05,Avoca Nursing Home,Maryborough District Health Service,Government,VIC,Grampians,MM5,Small rural towns,Small,5.0,5.0,5.0,5.0,3.0,AVOCA,4.0,1.0,Improved,1,True
2026-05,Avondale Heights Care Community,DPG Services Pty Ltd,Private for Profit,VIC,Western Metro,MM1,Metropolitan,Medium,,3.0,4.0,,2.0,AVONDALE HEIGHTS,3.0,,New/First,1,True
2026-05,Avondale House,Seventh-day Adventist Aged Care (North New South Wales) Ltd,Not for Profit,NSW,Hunter,MM1,Metropolitan,Large,4.0,4.0,5.0,3.0,3.0,COORANBONG,4.0,0.0,Steady,10,True
2026-05,Avonlea,Respect Group Limited,Not for Profit,VIC,Grampians,MM5,Small rural towns,Small,4.0,4.0,5.0,2.0,3.0,NHILL,4.0,0.0,Steady,12,True
2026-05,BSL Aged Care - Clifton Hill,Brotherhood of St Laurence,Not for Profit,VIC,Northern Metro,MM1,Metropolitan,Large,4.0,4.0,5.0,5.0,2.0,CLIFTON HILL,5.0,-1.0,Declined,1,True
2026-05,Bairnsdale Parklands Care Community,DPG Services Pty Ltd,Private for Profit,VIC,Gippsland,MM4,Medium rural towns,Medium,,3.0,5.0,,4.0,BAIRNSDALE,3.0,,New/First,1,True
2026-05,Bairnsdale Regional Health Service,Bairnsdale Regional Health Service,Government,VIC,Gippsland,MM4,Medium rural towns,Small,4.0,4.0,5.0,5.0,3.0,BAIRNSDALE,4.0,0.0,Steady,7,True
2026-05,BallyCara Aged Care,Ballycara Limited,Not for Profit,QLD,Cabool,MM1,Metropolitan,Medium,4.0,4.0,5.0,5.0,3.0,SCARBOROUGH,4.0,0.0,Steady,8,True
2026-05,Balranald Retirement Hostel,Balranald Shire Council,Government,NSW,Orana Far West,MM5,Small rural towns,Small,4.0,5.0,4.0,5.0,3.0,BALRANALD,5.0,-1.0,Declined,1,True
2026-05,Banawah,NCN Health,Government,VIC,Hume,MM5,Small rural towns,Small,4.0,4.0,5.0,5.0,1.0,NATHALIA,4.0,0.0,Steady,2,True
2026-05,Banksia Lodge,Banksia Villages Ltd,Not for Profit,NSW,Southern Highlands,MM5,Small rural towns,Medium,4.0,4.0,5.0,3.0,4.0,BROULEE,4.0,0.0,Steady,4,True
2026-05,Banksia Lodge Residential Aged Care Service,Shepparton Retirement Villages Inc,Not for Profit,VIC,Hume,MM3,Large rural towns,Medium,4.0,3.0,5.0,5.0,2.0,KIALLA,4.0,0.0,Steady,5,True
2026-05,Bankstown Terrace Care Community,DPG Services Pty Ltd,Private for Profit,NSW,South West Sydney,MM1,Metropolitan,Large,,3.0,5.0,,4.0,BANKSTOWN,4.0,,New/First,1,True
2026-05,Banyula Lodge,Bushland Health Group Limited,Not for Profit,NSW,Mid North Coast,MM3,Large rural towns,Small,4.0,4.0,5.0,2.0,3.0,OLD BAR,4.0,0.0,Steady,9,True
2026-05,Baptcare - Hedley Sutton Community,Baptcare Ltd,Not for Profit,VIC,Eastern Metro,MM1,Metropolitan,Medium,3.0,3.0,5.0,2.0,3.0,CAMBERWELL,4.0,-1.0,Declined,1,True
2026-05,Baptcare - Karana Community,Baptcare Ltd,Not for Profit,VIC,Eastern Metro,MM1,Metropolitan,Medium,3.0,3.0,5.0,2.0,3.0,KEW,4.0,-1.0,Declined,1,True
2026-05,Baptcare - Northaven Community,Baptcare Ltd,Not for Profit,VIC,Loddon-Mallee,MM5,Small rural towns,Small,4.0,4.0,5.0,3.0,3.0,KERANG,4.0,0.0,Steady,9,True
2026-05,Baptcare - St Hilary's Community,Baptcare Ltd,Not for Profit,VIC,Gippsland,MM3,Large rural towns,Small,3.0,3.0,5.0,1.0,5.0,MORWELL,4.0,-1.0,Declined,1,True
2026-05,Baptcare - Strathalan Community,Baptcare Ltd,Not for Profit,VIC,Northern Metro,MM1,Metropolitan,Large,4.0,3.0,5.0,2.0,4.0,MACLEOD,4.0,0.0,Steady,12,True
2026-05,Baptcare - Westhaven Community,Baptcare Ltd,Not for Profit,VIC,Western Metro,MM1,Metropolitan,Medium,4.0,3.0,5.0,3.0,4.0,FOOTSCRAY,4.0,0.0,Steady,5,True
2026-05,Baptcare Abbey Gardens Community,Baptcare Ltd,Not for Profit,VIC,Gippsland,MM4,Medium rural towns,Large,4.0,4.0,5.0,2.0,3.0,WARRAGUL,4.0,0.0,Steady,11,True
2026-05,Baptcare Amberlea Community,Baptcare Ltd,Not for Profit,VIC,Gippsland,MM4,Medium rural towns,Medium,4.0,4.0,5.0,3.0,3.0,DROUIN,4.0,0.0,Steady,11,True
2026-05,Baptcare Brookview Community,Baptcare Ltd,Not for Profit,VIC,Northern Metro,MM1,Metropolitan,Medium,4.0,3.0,5.0,3.0,4.0,WESTMEADOWS,4.0,0.0,Steady,8,True
2026-05,Baptcare Coasthaven Community,Baptcare Ltd,Not for Profit,VIC,Barwon-South Western,MM1,Metropolitan,Medium,4.0,4.0,5.0,3.0,4.0,NORLANE,4.0,0.0,Steady,9,True
2026-05,Baptcare Heritage Manor Community,Baptcare Ltd,Not for Profit,VIC,Gippsland,MM3,Large rural towns,Medium,3.0,4.0,5.0,1.0,3.0,MORWELL,4.0,-1.0,Declined,1,True
2026-05,Baptcare Karingal Community Care,Baptcare Ltd,Not for Profit,TAS,North Western,MM3,Large rural towns,Large,4.0,4.0,5.0,1.0,4.0,DEVONPORT,4.0,0.0,Steady,7,True
2026-05,Baptcare Peninsula View Community,Baptcare Ltd,Not for Profit,VIC,Southern Metro,MM1,Metropolitan,Large,4.0,4.0,5.0,3.0,3.0,FRANKSTON SOUTH,4.0,0.0,Steady,13,True
2026-05,Baptcare The Orchards Community,Baptcare Ltd,Not for Profit,VIC,Eastern Metro,MM1,Metropolitan,Large,4.0,4.0,5.0,3.0,4.0,DONCASTER EAST,4.0,0.0,Steady,9,True
2026-05,Baptcare Wattle Grove Community,Baptcare Ltd,Not for Profit,VIC,Northern Metro,MM1,Metropolitan,Large,3.0,3.0,5.0,2.0,1.0,LALOR,4.0,-1.0,Declined,1,True
2026-05,Baptcare Wyndham Lodge Community,Baptcare Ltd,Not for Profit,VIC,Western Metro,MM1,Metropolitan,Large,3.0,3.0,5.0,2.0,3.0,WERRIBEE,3.0,0.0,Steady,2,True
2026-05,BaptistCare Aminya Centre,BaptistCare,Not for Profit,NSW,Western Sydney,MM1,Metropolitan,Medium,4.0,4.0,5.0,2.0,4.0,BAULKHAM HILLS,4.0,0.0,Steady,13,True
2026-05,BaptistCare Bethshan Gardens Centre,BaptistCare,Not for Profit,NSW,Hunter,MM1,Metropolitan,Large,4.0,4.0,5.0,2.0,3.0,WYEE,4.0,0.0,Steady,8,True
2026-05,BaptistCare Caloola Centre,BaptistCare,Not for Profit,NSW,Riverina/Murray,MM3,Large rural towns,Medium,4.0,4.0,5.0,3.0,3.0,WAGGA WAGGA,4.0,0.0,Steady,3,True
2026-05,BaptistCare Carey Gardens Centre,BaptistCare,Not for Profit,ACT,ACT,MM1,Metropolitan,Small,4.0,3.0,5.0,2.0,5.0,RED HILL,4.0,0.0,Steady,12,True
2026-05,BaptistCare Cooinda Court,BaptistCare,Not for Profit,NSW,Northern Sydney,MM1,Metropolitan,Medium,4.0,4.0,5.0,3.0,4.0,MACQUARIE PARK,4.0,0.0,Steady,13,True
2026-05,BaptistCare Dorothy Henderson Lodge,BaptistCare,Not for Profit,NSW,Northern Sydney,MM1,Metropolitan,Medium,4.0,4.0,5.0,2.0,2.0,MACQUARIE PARK,4.0,0.0,Steady,13,True
2026-05,BaptistCare George Forbes House,BaptistCare,Not for Profit,NSW,Southern Highlands,MM1,Metropolitan,Medium,4.0,4.0,5.0,2.0,3.0,QUEANBEYAN,4.0,0.0,Steady,13,True
2026-05,BaptistCare Glendale Lodge,BaptistCare,Not for Profit,NSW,South West Sydney,MM1,Metropolitan,Medium,,4.0,,5.0,5.0,ELDERSLIE,,,New/First,1,True
2026-05,BaptistCare Griffith,BaptistCare,Not for Profit,ACT,ACT,MM1,Metropolitan,Large,4.0,4.0,5.0,2.0,4.0,GRIFFITH,4.0,0.0,Steady,13,True
2026-05,BaptistCare Kularoo Centre,BaptistCare,Not for Profit,NSW,Mid North Coast,MM3,Large rural towns,Large,4.0,4.0,5.0,3.0,3.0,FORSTER,4.0,0.0,Steady,7,True
2026-05,BaptistCare Maranoa Centre - Alstonville,BaptistCare,Not for Profit,NSW,Far North Coast,MM3,Large rural towns,Medium,3.0,4.0,5.0,1.0,3.0,ALSTONVILLE,4.0,-1.0,Declined,1,True
2026-05,BaptistCare Mid Richmond Centre - Coraki,BaptistCare,Not for Profit,NSW,Far North Coast,MM5,Small rural towns,Small,4.0,4.0,5.0,4.0,3.0,CORAKI,4.0,0.0,Steady,8,True
2026-05,BaptistCare Minnamurra,BaptistCare,Not for Profit,NSW,Inner West,MM1,Metropolitan,Medium,,4.0,,4.0,4.0,DRUMMOYNE,,,New/First,1,True
2026-05,BaptistCare Morven Gardens Centre,BaptistCare,Not for Profit,NSW,Nepean,MM1,Metropolitan,Medium,3.0,4.0,5.0,1.0,3.0,LEURA,4.0,-1.0,Declined,1,True
2026-05,BaptistCare Niola Centre,BaptistCare,Not for Profit,NSW,Central West,MM4,Medium rural towns,Small,4.0,4.0,5.0,3.0,2.0,PARKES,4.0,0.0,Steady,13,True
2026-05,BaptistCare Orana Centre,BaptistCare,Not for Profit,NSW,Central Coast,MM1,Metropolitan,Large,4.0,4.0,4.0,3.0,3.0,POINT CLARE,4.0,0.0,Steady,6,True
2026-05,BaptistCare Shalom Centre,BaptistCare,Not for Profit,NSW,Northern Sydney,MM1,Metropolitan,Large,3.0,4.0,4.0,1.0,3.0,MACQUARIE PARK,3.0,0.0,Steady,3,True
2026-05,BaptistCare The Gracewood Centre,BaptistCare,Not for Profit,NSW,Western Sydney,MM1,Metropolitan,Large,4.0,4.0,5.0,2.0,3.0,KELLYVILLE,4.0,0.0,Steady,3,True
2026-05,BaptistCare Warabrook Centre,BaptistCare,Not for Profit,NSW,Hunter,MM1,Metropolitan,Large,3.0,4.0,5.0,1.0,3.0,WARABROOK,4.0,-1.0,Declined,1,True
2026-05,BaptistCare Warena Centre,BaptistCare,Not for Profit,NSW,South East Sydney,MM1,Metropolitan,Large,4.0,4.0,5.0,2.0,3.0,BANGOR,4.0,0.0,Steady,7,True
2026-05,Baptistcare Balladong Gardens,BaptistCare,Not for Profit,WA,Wheatbelt,MM5,Small rural towns,Small,3.0,3.0,4.0,4.0,1.0,YORK,4.0,-1.0,Declined,1,True
2026-05,Baptistcare Bethel,BaptistCare,Not for Profit,WA,Great Southern,MM3,Large rural towns,Medium,3.0,3.0,4.0,3.0,3.0,YAKAMIA,3.0,0.0,Steady,7,True
2026-05,Baptistcare David Buttfield Centre,BaptistCare,Not for Profit,WA,Metropolitan North,MM1,Metropolitan,Large,3.0,3.0,4.0,3.0,1.0,GWELUP,3.0,0.0,Steady,3,True
2026-05,Baptistcare Graceford,BaptistCare,Not for Profit,WA,Metropolitan South East,MM1,Metropolitan,Medium,3.0,3.0,4.0,3.0,1.0,BYFORD,3.0,0.0,Steady,5,True
2026-05,Baptistcare Gracehaven,BaptistCare,Not for Profit,WA,Metropolitan South West,MM1,Metropolitan,Medium,4.0,4.0,4.0,4.0,3.0,ROCKINGHAM,3.0,1.0,Improved,1,True
2026-05,Baptistcare Gracewood,BaptistCare,Not for Profit,WA,Metropolitan South East,MM1,Metropolitan,Large,4.0,4.0,4.0,3.0,3.0,SALTER POINT,4.0,0.0,Steady,2,True
2026-05,Baptistcare Mirrambeena,BaptistCare,Not for Profit,WA,South West,MM4,Medium rural towns,Small,4.0,4.0,4.0,3.0,3.0,MARGARET RIVER,3.0,1.0,Improved,1,True
2026-05,Baptistcare Moonya,BaptistCare,Not for Profit,WA,South West,MM5,Small rural towns,Medium,3.0,3.0,4.0,3.0,3.0,MANJIMUP,3.0,0.0,Steady,3,True
2026-05,Baptistcare Morrison Gardens,BaptistCare,Not for Profit,WA,Metropolitan East,MM1,Metropolitan,Medium,3.0,3.0,4.0,3.0,3.0,MIDLAND,3.0,0.0,Steady,5,True
2026-05,Baptistcare William Carey Court,BaptistCare,Not for Profit,WA,South West,MM3,Large rural towns,Medium,3.0,3.0,4.0,2.0,3.0,BROADWATER,3.0,0.0,Steady,7,True
2026-05,Baptistcare Yallambee,BaptistCare,Not for Profit,WA,Metropolitan East,MM1,Metropolitan,Small,4.0,4.0,4.0,2.0,4.0,MUNDARING,4.0,0.0,Steady,6,True
2026-05,Barossa Park Lodge,OneCare Limited,Not for Profit,TAS,Southern,MM2,Regional centres,Large,4.0,4.0,5.0,3.0,5.0,GLENORCHY,4.0,0.0,Steady,9,True
2026-05,Barossa Village Inc,Barossa Village Inc,Not for Profit,SA,"Yorke, Lower North & Barossa",MM4,Medium rural towns,Large,4.0,4.0,5.0,2.0,3.0,NURIOOTPA,4.0,0.0,Steady,6,True
2026-05,Barridale Lodge,Shire of Wanneroo Aged Persons Homes Trust Inc,Not for Profit,WA,Metropolitan North,MM1,Metropolitan,Small,3.0,3.0,5.0,2.0,3.0,KINGSLEY,4.0,-1.0,Declined,1,True
2026-05,Barrington Lodge,The Salvation Army (NSW) Property Trust,Not for Profit,TAS,Southern,MM2,Regional centres,Medium,,,,,,NEW TOWN,,,New/First,1,True
2026-05,Barunga Village Incorporated,BARUNGA VILLAGE INC,Not for Profit,SA,"Yorke, Lower North & Barossa",MM5,Small rural towns,Medium,4.0,4.0,5.0,2.0,2.0,PORT BROUGHTON,4.0,0.0,Steady,8,True
2026-05,Bathurst Riverview Care Community,DPG Services Pty Ltd,Private for Profit,NSW,Central West,MM3,Large rural towns,Large,,3.0,5.0,,1.0,BATHURST,4.0,,New/First,1,True
2026-05,Baw Baw Views,Respect Group Limited,Not for Profit,VIC,Gippsland,MM3,Large rural towns,Large,3.0,3.0,4.0,2.0,2.0,MOE,3.0,0.0,Steady,3,True
2026-05,Bayswater Gardens,DPG Services Pty Ltd,Private for Profit,NSW,Inner West,MM1,Metropolitan,Medium,,4.0,4.0,,3.0,ABBOTSFORD,,,New/First,1,True
2026-05,Bayview Haven,Respect Group Limited,Not for Profit,VIC,Barwon-South Western,MM4,Medium rural towns,Medium,3.0,4.0,4.0,1.0,3.0,PORTLAND,4.0,-1.0,Declined,1,True
2026-05,Bayview Treetops Care Community,DPG Services Pty Ltd,Private for Profit,NSW,Northern Sydney,MM1,Metropolitan,Small,,4.0,5.0,,3.0,BAYVIEW,4.0,,New/First,1,True
2026-05,Beauaraba Lodge,Beauaraba Living Pittsworth Ltd,Not for Profit,QLD,Darling Downs,MM5,Small rural towns,Large,5.0,4.0,5.0,5.0,4.0,PITTSWORTH,4.0,1.0,Improved,1,True
2026-05,Beaufort Hostel,Beaufort & Skipton Health Service,Government,VIC,Grampians,MM5,Small rural towns,Small,4.0,4.0,5.0,5.0,3.0,BEAUFORT,4.0,0.0,Steady,2,True
2026-05,Beaufort Nursing Home,Beaufort & Skipton Health Service,Government,VIC,Grampians,MM5,Small rural towns,Small,4.0,4.0,5.0,5.0,2.0,BEAUFORT,5.0,-1.0,Declined,1,True
2026-05,Beaumont Care Roslyn Lodge,Beaumont Care (Holdings) Pty Ltd,Private for Profit,QLD,Logan River Valley,MM1,Metropolitan,Small,4.0,5.0,5.0,4.0,3.0,NORTH TAMBORINE,4.0,0.0,Steady,4,True
2026-05,Beaumont Care Wamuran,Beaumont Care (Holdings) Pty Ltd,Private for Profit,QLD,Cabool,MM1,Metropolitan,Medium,4.0,3.0,5.0,4.0,2.0,WAMURAN,4.0,0.0,Steady,2,True
2026-05,Bedingfeld Lodge,Bedingfeld Park Inc,Not for Profit,WA,Metropolitan South West,MM1,Metropolitan,Medium,3.0,3.0,5.0,2.0,3.0,PINJARRA,4.0,-1.0,Declined,1,True
2026-05,Beechworth Health Service Residential Care Program,Beechworth Health Service,Government,VIC,Hume,MM5,Small rural towns,Small,4.0,4.0,5.0,2.0,2.0,BEECHWORTH,4.0,0.0,Steady,13,True
2026-05,Beecroft House Aged Care,THOMPSON HEALTH CARE NO. 2 HOLDINGS PTY LTD,Private for Profit,NSW,Northern Sydney,MM1,Metropolitan,Small,4.0,4.0,5.0,4.0,3.0,BEECROFT,4.0,0.0,Steady,3,True
2026-05,Belalie Lodge,Helping Hand Aged Care Inc,Not for Profit,SA,Mid North,MM5,Small rural towns,Small,4.0,3.0,5.0,2.0,4.0,JAMESTOWN,4.0,0.0,Steady,6,True
2026-05,Bella Vista Gardens,DPG Services Pty Ltd,Private for Profit,NSW,Western Sydney,MM1,Metropolitan,Large,,3.0,4.0,,3.0,KELLYVILLE,,,New/First,1,True
2026-05,Bellevue Care Centre,Burswood Care Pty Ltd,Private for Profit,QLD,Cabool,MM1,Metropolitan,Medium,4.0,4.0,5.0,4.0,1.0,FERNY HILLS,4.0,0.0,Steady,3,True
2026-05,Bellevue Court Residential Care,Southern Cross Care (SA NT & VIC) Incorporated,Not for Profit,SA,Metropolitan North,MM1,Metropolitan,Medium,3.0,3.0,5.0,1.0,3.0,GAWLER EAST,4.0,-1.0,Declined,1,True
2026-05,Belmont Community Nursing Home,Fresh Fields Aged Care Pty Ltd,Private for Profit,WA,Metropolitan South East,MM1,Metropolitan,Small,3.0,3.0,5.0,2.0,3.0,RIVERVALE,4.0,-1.0,Declined,1,True
2026-05,Belmont Grange,Wickro Pty Ltd,Private for Profit,VIC,Barwon-South Western,MM1,Metropolitan,Medium,4.0,4.0,5.0,4.0,3.0,GROVEDALE,4.0,0.0,Steady,7,True
2026-05,Belmore Place Care Community,DPG Services Pty Ltd,Private for Profit,NSW,Inner West,MM1,Metropolitan,Small,,3.0,5.0,,1.0,LAKEMBA,3.0,,New/First,1,True
2026-05,Belvedere Aged Care,Belvedere Aged Care Pty Ltd,Private for Profit,VIC,Southern Metro,MM1,Metropolitan,Small,4.0,4.0,5.0,4.0,5.0,NOBLE PARK,4.0,0.0,Steady,9,True
2026-05,Bene Aged Care - Campbelltown,Italian Benevolent Foundation SA Inc,Not for Profit,SA,Metropolitan East,MM1,Metropolitan,Small,3.0,3.0,5.0,2.0,2.0,CAMPBELLTOWN,4.0,-1.0,Declined,1,True
2026-05,Bene Aged Care - St Clair,Italian Benevolent Foundation SA Inc,Not for Profit,SA,Metropolitan West,MM1,Metropolitan,Small,3.0,2.0,5.0,3.0,1.0,WOODVILLE,3.0,0.0,Steady,3,True
2026-05,Bene Aged Care - The Italian Village,Italian Benevolent Foundation SA Inc,Not for Profit,SA,Metropolitan North,MM1,Metropolitan,Large,4.0,3.0,5.0,5.0,1.0,ST AGNES,3.0,1.0,Improved,1,True
2026-05,Bene St Pauls,Italian Benevolent Foundation SA Inc,Not for Profit,SA,"Hills, Mallee & Southern",MM2,Regional centres,Medium,4.0,3.0,5.0,4.0,3.0,HAHNDORF,3.0,1.0,Improved,1,True
2026-05,Benetas Bridgewater Lake Aged Care,Anglican Aged Care Services Group,Not for Profit,VIC,Northern Metro,MM1,Metropolitan,Medium,,,,,,ROXBURGH PARK,,,New/First,1,True
2026-05,Benetas Broughton Hall,Anglican Aged Care Services Group,Not for Profit,VIC,Eastern Metro,MM1,Metropolitan,Small,4.0,3.0,5.0,5.0,3.0,CAMBERWELL,4.0,0.0,Steady,13,True
2026-05,Benetas Colton Close,Anglican Aged Care Services Group,Not for Profit,VIC,Northern Metro,MM1,Metropolitan,Medium,4.0,4.0,5.0,5.0,3.0,GLENROY,4.0,0.0,Steady,6,True
2026-05,Benetas Corowa Court,Anglican Aged Care Services Group,Not for Profit,VIC,Southern Metro,MM1,Metropolitan,Large,4.0,3.0,5.0,3.0,5.0,MORNINGTON,4.0,0.0,Steady,6,True
2026-05,Benetas Dalkeith Gardens,Anglican Aged Care Services Group,Not for Profit,VIC,Gippsland,MM3,Large rural towns,Medium,4.0,4.0,5.0,2.0,2.0,TRARALGON,4.0,0.0,Steady,3,True
2026-05,Benetas Gladswood Lodge,Anglican Aged Care Services Group,Not for Profit,VIC,Northern Metro,MM1,Metropolitan,Small,4.0,3.0,5.0,5.0,3.0,BRUNSWICK WEST,4.0,0.0,Steady,13,True
2026-05,Benetas St George's,Anglican Aged Care Services Group,Not for Profit,VIC,Western Metro,MM1,Metropolitan,Large,4.0,3.0,5.0,4.0,3.0,ALTONA MEADOWS,4.0,0.0,Steady,5,True
2026-05,Benetas St Laurence Court - Eaglehawk,Anglican Aged Care Services Group,Not for Profit,VIC,Loddon-Mallee,MM2,Regional centres,Medium,4.0,3.0,5.0,4.0,2.0,CALIFORNIA GULLY,4.0,0.0,Steady,6,True
2026-05,Benetas St Laurence Court - Kangaroo Flat,Anglican Aged Care Services Group,Not for Profit,VIC,Loddon-Mallee,MM2,Regional centres,Small,3.0,3.0,5.0,2.0,3.0,KANGAROO FLAT,4.0,-1.0,Declined,1,True
2026-05,Benetas St Paul's Terrace,Anglican Aged Care Services Group,Not for Profit,VIC,Southern Metro,MM1,Metropolitan,Medium,4.0,4.0,5.0,5.0,3.0,FRANKSTON,4.0,0.0,Steady,9,True
2026-05,Benevolent Living,Benevolent Aged Care Ltd,Not for Profit,QLD,Fitzroy,MM2,Regional centres,Large,4.0,3.0,5.0,2.0,4.0,ROCKHAMPTON,4.0,0.0,Steady,2,True
2026-05,Benjamin Short Grove,Mission Australia,Not for Profit,NSW,Central West,MM3,Large rural towns,Small,4.0,4.0,5.0,4.0,3.0,ORANGE,4.0,0.0,Steady,9,True
2026-05,Bentleys Aged Care,Violet Town Bush Nursing Centre Inc,Not for Profit,VIC,Loddon-Mallee,MM2,Regional centres,Small,4.0,4.0,5.0,5.0,3.0,EAST BENDIGO,4.0,0.0,Steady,2,True
2026-05,Bentons Lodge - Residential Aged Service,IC (Victoria) Pty Ltd,Private for Profit,VIC,Southern Metro,MM1,Metropolitan,Large,,,,,,MORNINGTON,4.0,,New/First,1,True
2026-05,Berengarra,St Vincent's Hospital (Melbourne) Limited,Not for Profit,VIC,Eastern Metro,MM1,Metropolitan,Medium,4.0,3.0,5.0,5.0,3.0,KEW,4.0,0.0,Steady,13,True
2026-05,Beresford Hall,Provectus Care Pty Limited,Private for Profit,NSW,South East Sydney,MM1,Metropolitan,Large,4.0,4.0,5.0,4.0,3.0,ROSE BAY,4.0,0.0,Steady,12,True
2026-05,Berkeley Vale Care Community,DPG Services Pty Ltd,Private for Profit,NSW,Central Coast,MM1,Metropolitan,Large,,4.0,5.0,,1.0,BERKELEY VALE,4.0,,New/First,1,True
2026-05,Berlasco Court Caring Centre,The Ethnic Communities Council of Queensland Limited,Not for Profit,QLD,Brisbane North,MM1,Metropolitan,Large,4.0,4.0,5.0,5.0,1.0,INDOOROOPILLY,4.0,0.0,Steady,13,True
2026-05,Bernard Chan Nursing Home,Australian Nursing Home Foundation Limited,Not for Profit,NSW,Inner West,MM1,Metropolitan,Small,4.0,4.0,5.0,3.0,5.0,BURWOOD,4.0,0.0,Steady,13,True
2026-05,Berrinba Greens Care Community,DPG Services Pty Ltd,Private for Profit,QLD,Logan River Valley,MM1,Metropolitan,Large,,3.0,5.0,,3.0,BROWNS PLAINS,4.0,,New/First,1,True
2026-05,Bert England Lodge,THE BETHANIE GROUP INC,Not for Profit,WA,Metropolitan South West,MM1,Metropolitan,Small,4.0,3.0,5.0,3.0,3.0,COOLOONGUP,4.0,0.0,Steady,4,True
2026-05,Bert Newton Retirement Village,Ryman Aged Care (Australia) Pty Ltd,Private for Profit,VIC,Southern Metro,MM1,Metropolitan,Medium,3.0,4.0,4.0,3.0,2.0,HIGHETT,4.0,-1.0,Declined,1,True
2026-05,Bethania Gardens,Pu-Fam Pty Ltd,Private for Profit,QLD,Logan River Valley,MM1,Metropolitan,Large,3.0,4.0,3.0,3.0,2.0,BETHANIA,3.0,0.0,Steady,2,True
2026-05,Bethania Parklands Care Community,DPG Services Pty Ltd,Private for Profit,QLD,Logan River Valley,MM1,Metropolitan,Large,,4.0,4.0,,4.0,BETHANIA,4.0,,New/First,1,True
2026-05,Bethanie Beachside,THE BETHANIE GROUP INC,Not for Profit,WA,Metropolitan North,MM1,Metropolitan,Large,3.0,3.0,5.0,2.0,2.0,YANCHEP,3.0,0.0,Steady,3,True
2026-05,Bethanie Como,THE BETHANIE GROUP INC,Not for Profit,WA,Metropolitan South East,MM1,Metropolitan,Medium,4.0,4.0,5.0,2.0,4.0,COMO,4.0,0.0,Steady,7,True
2026-05,Bethanie Dalyellup,THE BETHANIE GROUP INC,Not for Profit,WA,South West,MM2,Regional centres,Large,4.0,3.0,5.0,3.0,3.0,DALYELLUP,4.0,0.0,Steady,2,True
2026-05,Bethanie Edinboro,THE BETHANIE GROUP INC,Not for Profit,WA,Metropolitan North,MM1,Metropolitan,Small,3.0,3.0,5.0,2.0,3.0,JOONDANNA,4.0,-1.0,Declined,1,True
2026-05,Bethanie Elanora Villas Nursing Home,THE BETHANIE GROUP INC,Not for Profit,WA,South West,MM2,Regional centres,Medium,4.0,3.0,4.0,4.0,4.0,SOUTH BUNBURY,4.0,0.0,Steady,5,True
2026-05,Bethanie Fields,THE BETHANIE GROUP INC,Not for Profit,WA,South West,MM2,Regional centres,Large,3.0,3.0,5.0,2.0,3.0,EATON,4.0,-1.0,Declined,1,True
2026-05,Bethanie Geneff,THE BETHANIE GROUP INC,Not for Profit,WA,Metropolitan North,MM1,Metropolitan,Small,4.0,3.0,5.0,4.0,5.0,INNALOO,4.0,0.0,Steady,8,True
2026-05,Bethanie Gwelup,THE BETHANIE GROUP INC,Not for Profit,WA,Metropolitan North,MM1,Metropolitan,Large,3.0,3.0,4.0,3.0,3.0,GWELUP,3.0,0.0,Steady,12,True
2026-05,Bethanie Illawong,THE BETHANIE GROUP INC,Not for Profit,WA,Metropolitan South West,MM1,Metropolitan,Small,4.0,3.0,5.0,2.0,5.0,HAMILTON HILL,4.0,0.0,Steady,10,True
2026-05,Bethanie Kingsley,THE BETHANIE GROUP INC,Not for Profit,WA,Metropolitan North,MM1,Metropolitan,Small,3.0,3.0,5.0,2.0,3.0,KINGSLEY,4.0,-1.0,Declined,1,True
2026-05,Bethanie Peel,THE BETHANIE GROUP INC,Not for Profit,WA,Metropolitan South West,MM1,Metropolitan,Small,4.0,4.0,5.0,3.0,3.0,COODANUP,4.0,0.0,Steady,8,True
2026-05,Bethanie Subiaco,THE BETHANIE GROUP INC,Not for Profit,WA,Metropolitan North,MM1,Metropolitan,Medium,4.0,4.0,5.0,3.0,3.0,JOLIMONT,4.0,0.0,Steady,3,True
2026-05,Bethanie Waters,THE BETHANIE GROUP INC,Not for Profit,WA,Metropolitan South West,MM1,Metropolitan,Large,4.0,3.0,5.0,3.0,3.0,PORT KENNEDY,4.0,0.0,Steady,2,True
2026-05,Bethany,Mercy Health and Aged Care Central Queensland Limited,Not for Profit,QLD,Fitzroy,MM2,Regional centres,Large,4.0,3.0,5.0,3.0,3.0,THE RANGE,4.0,0.0,Steady,6,True
2026-05,Bethany Aged Care Plus Centre,The Salvation Army (NSW) Property Trust,Not for Profit,NSW,Mid North Coast,MM3,Large rural towns,Medium,3.0,4.0,5.0,1.0,3.0,PORT MACQUARIE,4.0,-1.0,Declined,1,True
2026-05,Bethel Aged Care,Java Dale Pty Ltd,Private for Profit,VIC,Northern Metro,MM1,Metropolitan,Medium,4.0,3.0,5.0,5.0,3.0,MILL PARK,4.0,0.0,Steady,3,True
2026-05,Bethel Lodge,Ashfield Baptist Homes Ltd,Not for Profit,NSW,Inner West,MM1,Metropolitan,Large,4.0,4.0,5.0,3.0,3.0,ASHFIELD,4.0,0.0,Steady,3,True
2026-05,Bethesda Aged Care Plus Centre,The Salvation Army (NSW) Property Trust,Not for Profit,QLD,Fitzroy,MM2,Regional centres,Small,,,,,,THE RANGE,,,New/First,1,True
2026-05,Bethsalem Care,Christadelphian Care Services (SA) Incorporated,Not for Profit,SA,Metropolitan South,MM1,Metropolitan,Medium,4.0,4.0,4.0,3.0,3.0,HAPPY VALLEY,4.0,0.0,Steady,4,True
2026-05,Bexley Care Centre,Fresh Fields Aged Care (NSW) - No 1 Pty Ltd,Private for Profit,NSW,South East Sydney,MM1,Metropolitan,Small,,,,3.0,3.0,BEXLEY,,,New/First,1,True
2026-05,Bill Crawford Lodge,Grampians Health,Government,VIC,Grampians,MM2,Regional centres,Small,4.0,3.0,5.0,5.0,1.0,BALLARAT,4.0,0.0,Steady,13,True
2026-05,Bill McKenzie Gardens,RSL LifeCare Limited,Not for Profit,ACT,ACT,MM1,Metropolitan,Large,4.0,4.0,5.0,2.0,4.0,PAGE,4.0,0.0,Steady,3,True
2026-05,Bill Newton VC Gardens,RSL LifeCare Limited,Not for Profit,NSW,Orana Far West,MM3,Large rural towns,Small,4.0,4.0,5.0,4.0,3.0,DUBBO,4.0,0.0,Steady,4,True
2026-05,Bilyara Hostel,Cowra Retirement Village Ltd,Not for Profit,NSW,Central West,MM4,Medium rural towns,Medium,4.0,4.0,5.0,4.0,3.0,COWRA,4.0,0.0,Steady,12,True
2026-05,Bindaree Care Centre,Sundale Ltd,Not for Profit,QLD,Fitzroy,MM3,Large rural towns,Small,4.0,4.0,5.0,3.0,2.0,BOYNE ISLAND,4.0,0.0,Steady,13,True
2026-05,Bindaree Retirement Centre,Mansfield District Hospital,Government,VIC,Hume,MM5,Small rural towns,Small,4.0,3.0,5.0,5.0,3.0,MANSFIELD,,,New/First,1,True
2026-05,Birchip Nursing Home,East Wimmera Health Service,Government,VIC,Loddon-Mallee,MM5,Small rural towns,Small,5.0,5.0,5.0,5.0,5.0,BIRCHIP,5.0,0.0,Steady,8,True
2026-05,Bishop Davies Court,OneCare Limited,Not for Profit,TAS,Southern,MM2,Regional centres,Medium,4.0,4.0,5.0,2.0,5.0,KINGSTON,4.0,0.0,Steady,13,True
2026-05,Blacktown Nursing Home,Budumu Pty Ltd,Private for Profit,NSW,Western Sydney,MM1,Metropolitan,Medium,4.0,3.0,5.0,3.0,3.0,BLACKTOWN,4.0,0.0,Steady,4,True
2026-05,Blacktown Terrace Care Community,DPG Services Pty Ltd,Private for Profit,NSW,Western Sydney,MM1,Metropolitan,Large,,3.0,5.0,,4.0,BLACKTOWN,4.0,,New/First,1,True
2026-05,Blakehurst Aged Care Centre,Blakehurst Aged Care Services Pty Ltd,Private for Profit,NSW,South East Sydney,MM1,Metropolitan,Medium,4.0,4.0,5.0,4.0,3.0,BLAKEHURST,4.0,0.0,Steady,12,True
2026-05,Blue Care Arundel Woodlands Lodge Aged Care Facility,UnitingCare Queensland Limited,Not for Profit,QLD,South Coast,MM1,Metropolitan,Small,,4.0,,,,ARUNDEL,,,New/First,1,True
2026-05,Blue Care Beenleigh Bethania Haven Aged Care Facility,UnitingCare Queensland Limited,Not for Profit,QLD,Logan River Valley,MM1,Metropolitan,Small,,,,,,BETHANIA,,,New/First,1,True
2026-05,Blue Care Bli Bli Aged Care Facility,UnitingCare Queensland Limited,Not for Profit,QLD,Sunshine Coast,MM1,Metropolitan,Medium,,,,,,BLI BLI,,,New/First,1,True
2026-05,Blue Care Brassall Aged Care Facility,UnitingCare Queensland Limited,Not for Profit,QLD,West Moreton,MM1,Metropolitan,Medium,,,,,,BRASSALL,,,New/First,1,True
2026-05,Blue Care Bundaberg Pioneer Aged Care Facility,UnitingCare Queensland Limited,Not for Profit,QLD,Wide Bay,MM2,Regional centres,Large,,3.0,,,,BUNDABERG,,,New/First,1,True
2026-05,Blue Care Bundaberg Riverlea Aged Care Facility,UnitingCare Queensland Limited,Not for Profit,QLD,Wide Bay,MM2,Regional centres,Large,,4.0,,,,MILLBANK,,,New/First,1,True
2026-05,Blue Care Caloundra Aged Care Facility,UnitingCare Queensland Limited,Not for Profit,QLD,Sunshine Coast,MM1,Metropolitan,Large,,,,,,CALOUNDRA,,,New/First,1,True
2026-05,Blue Care Capricorn Aged Care Facility,UnitingCare Queensland Limited,Not for Profit,QLD,Fitzroy,MM3,Large rural towns,Medium,,5.0,,,,YEPPOON,,,New/First,1,True
2026-05,Blue Care Carbrook Wirunya Aged Care Facility,UnitingCare Queensland Limited,Not for Profit,QLD,Logan River Valley,MM1,Metropolitan,Small,,,,,,CARBROOK,,,New/First,1,True
2026-05,Blue Care Carina Aged Care Facility,UnitingCare Queensland Limited,Not for Profit,QLD,Brisbane South,MM1,Metropolitan,Large,,4.0,,,,CARINA,,,New/First,1,True
2026-05,Blue Care Dicky Beach Aged Care Facility,UnitingCare Queensland Limited,Not for Profit,QLD,Sunshine Coast,MM1,Metropolitan,Small,,,,,,DICKY BEACH,,,New/First,1,True
2026-05,Blue Care Elanora Pineshaven Aged Care Facility,UnitingCare Queensland Limited,Not for Profit,QLD,South Coast,MM1,Metropolitan,Small,,,,,,ELANORA,,,New/First,1,True
2026-05,Blue Care Flinders View Nowlanvil Aged Care Facility,UnitingCare Queensland Limited,Not for Profit,QLD,West Moreton,MM1,Metropolitan,Medium,,,,,,FLINDERS VIEW,,,New/First,1,True
2026-05,Blue Care Gladstone Edenvale Aged Care Facility,UnitingCare Queensland Limited,Not for Profit,QLD,Fitzroy,MM3,Large rural towns,Small,,4.0,,,,GLEN EDEN,,,New/First,1,True
2026-05,Blue Care Gympie Grevillea Gardens Aged Care Facility,UnitingCare Queensland Limited,Not for Profit,QLD,Sunshine Coast,MM3,Large rural towns,Small,,,,,,GYMPIE,,,New/First,1,True
2026-05,Blue Care Hollingsworth Elders Village,UnitingCare Queensland Limited,Not for Profit,QLD,Far North,MM2,Regional centres,Small,,,,,,CAIRNS,,,New/First,1,True
2026-05,Blue Care Kallangur Pilgrim Aged Care Facility,UnitingCare Queensland Limited,Not for Profit,QLD,Cabool,MM1,Metropolitan,Small,,,,,,KALLANGUR,,,New/First,1,True
2026-05,Blue Care Kenmore Aged Care Facility,UnitingCare Queensland Limited,Not for Profit,QLD,Brisbane North,MM1,Metropolitan,Large,,4.0,,,,KENMORE HILLS,,,New/First,1,True
2026-05,Blue Care Kingaroy Canowindra Aged Care Facility,UnitingCare Queensland Limited,Not for Profit,QLD,Wide Bay,MM4,Medium rural towns,Small,,,,,,KINGAROY,,,New/First,1,True
2026-05,Blue Care Kirra Aged Care Facility,UnitingCare Queensland Limited,Not for Profit,QLD,South Coast,MM1,Metropolitan,Medium,,3.0,,,,COOLANGATTA,,,New/First,1,True
2026-05,Blue Care Labrador Aged Care Facility,UnitingCare Queensland Limited,Not for Profit,QLD,South Coast,MM1,Metropolitan,Large,,,,,,LABRADOR,,,New/First,1,True
2026-05,Blue Care Lawnton Pine Woods Aged Care Facility,UnitingCare Queensland Limited,Not for Profit,QLD,Cabool,MM1,Metropolitan,Medium,,,,,,LAWNTON,,,New/First,1,True
2026-05,Blue Care Lowood Glenwood Aged Care Facility,UnitingCare Queensland Limited,Not for Profit,QLD,West Moreton,MM5,Small rural towns,Small,,,,,,LOWOOD,,,New/First,1,True
2026-05,Blue Care Mackay Homefield Aged Care Facility,UnitingCare Queensland Limited,Not for Profit,QLD,Mackay,MM2,Regional centres,Medium,,,,,,MACKAY,,,New/First,1,True
2026-05,Blue Care Redcliffe Aged Care Facility,UnitingCare Queensland Limited,Not for Profit,QLD,Cabool,MM1,Metropolitan,Medium,,,,,,REDCLIFFE,,,New/First,1,True
2026-05,Blue Care Redland Bay Yarrabee Aged Care Facility,UnitingCare Queensland Limited,Not for Profit,QLD,Brisbane South,MM1,Metropolitan,Small,,,,,,REDLAND BAY,,,New/First,1,True
2026-05,Blue Care Rothwell Nazarene Aged Care Facility,UnitingCare Queensland Limited,Not for Profit,QLD,Cabool,MM1,Metropolitan,Large,,3.0,,,,ROTHWELL,,,New/First,1,True
2026-05,Blue Care Shalom Elders Village,UnitingCare Queensland Limited,Not for Profit,QLD,Northern,MM2,Regional centres,Small,,5.0,,,,CONDON,,,New/First,1,True
2026-05,Blue Care Springwood Yurana Aged Care Facility,UnitingCare Queensland Limited,Not for Profit,QLD,Logan River Valley,MM1,Metropolitan,Small,,,,,,SPRINGWOOD,,,New/First,1,True
2026-05,Blue Care Star of the Sea Elders Village,UnitingCare Queensland Limited,Not for Profit,QLD,Far North,MM7,Very remote communities,Small,,,,,,THURSDAY ISLAND,,,New/First,1,True
2026-05,Blue Care Sunnybank Hills Carramar Aged Care Facility,UnitingCare Queensland Limited,Not for Profit,QLD,Brisbane South,MM1,Metropolitan,Medium,,,,,,SUNNYBANK HILLS,,,New/First,1,True
2026-05,Blue Care Tallebudgera Talleyhaven Aged Care Facility,UnitingCare Queensland Limited,Not for Profit,QLD,South Coast,MM1,Metropolitan,Small,,,,,,TALLEBUDGERA,,,New/First,1,True
2026-05,Blue Care Toowoomba Residential Aged Care Facility,UnitingCare Queensland Limited,Not for Profit,QLD,Darling Downs,MM2,Regional centres,Large,,,,,,TOOWOOMBA,,,New/First,1,True
2026-05,Blue Care Townsville Mt Louisa Aged Care Facility,UnitingCare Queensland Limited,Not for Profit,QLD,Northern,MM2,Regional centres,Medium,,,,,,MOUNT LOUISA,,,New/First,1,True
2026-05,Blue Care Warana Beachwood Aged Care Facility,UnitingCare Queensland Limited,Not for Profit,QLD,Sunshine Coast,MM1,Metropolitan,Small,,,,,,WARANA,,,New/First,1,True
2026-05,Blue Care Wynnum Aged Care Facility,UnitingCare Queensland Limited,Not for Profit,QLD,Brisbane South,MM1,Metropolitan,Large,,,,,,WYNNUM WEST,,,New/First,1,True
2026-05,Blue Haven Bonaira,Fresh Fields Management (NSW) No 2 Pty Ltd,Private for Profit,NSW,Illawarra,MM2,Regional centres,Large,3.0,4.0,4.0,1.0,2.0,KIAMA,,,New/First,1,True
2026-05,Blue Hills Manor,BaptistCare,Not for Profit,NSW,South West Sydney,MM1,Metropolitan,Medium,4.0,4.0,5.0,3.0,4.0,PRESTONS,4.0,0.0,Steady,6,True
2026-05,BlueWave Living,Woy Woy Community Aged Care Ltd,Not for Profit,NSW,Central Coast,MM1,Metropolitan,Large,4.0,4.0,5.0,4.0,2.0,WOY WOY,4.0,0.0,Steady,4,True
2026-05,Boandik Crouch Street,Boandik Lodge Inc,Not for Profit,SA,South East,MM3,Large rural towns,Medium,3.0,4.0,5.0,1.0,2.0,MOUNT GAMBIER,4.0,-1.0,Declined,1,True
2026-05,Boandik Kessal,Boandik Lodge Inc,Not for Profit,SA,South East,MM3,Large rural towns,Medium,4.0,3.0,5.0,5.0,3.0,MOUNT GAMBIER,4.0,0.0,Steady,2,True
2026-05,Boandik St Mary's,Boandik Lodge Inc,Not for Profit,SA,South East,MM3,Large rural towns,Medium,3.0,3.0,5.0,1.0,1.0,MOUNT GAMBIER,3.0,0.0,Steady,3,True
2026-05,Bolga Court Hostel,Tallangatta Health Service,Government,VIC,Hume,MM5,Small rural towns,Small,5.0,4.0,5.0,5.0,5.0,TALLANGATTA,5.0,0.0,Steady,3,True
2026-05,Bolton Clarke Avonlea,RSL Care RDNS Limited,Not for Profit,VIC,Southern Metro,MM1,Metropolitan,Medium,4.0,2.0,5.0,4.0,4.0,MENTONE,4.0,0.0,Steady,4,True
2026-05,Bolton Clarke Bass Hill,RSL Care RDNS Limited,Not for Profit,NSW,South West Sydney,MM1,Metropolitan,Small,4.0,4.0,5.0,4.0,4.0,BASS HILL,4.0,0.0,Steady,7,True
2026-05,Bolton Clarke Baycrest,RSL Care RDNS Limited,Not for Profit,QLD,Wide Bay,MM2,Regional centres,Medium,4.0,4.0,5.0,3.0,3.0,KAWUNGAN,4.0,0.0,Steady,8,True
2026-05,Bolton Clarke Bayside (PKA - Bayside Residential Aged Care Facility),RSL Care RDNS Limited,Not for Profit,NSW,Hunter,MM1,Metropolitan,Large,4.0,4.0,5.0,3.0,4.0,BONNELLS BAY,4.0,0.0,Steady,2,True
2026-05,Bolton Clarke Bayside (VIC),RSL Care RDNS Limited,Not for Profit,VIC,Southern Metro,MM1,Metropolitan,Small,4.0,3.0,5.0,5.0,1.0,MORDIALLOC,4.0,0.0,Steady,3,True
2026-05,Bolton Clarke Beechwood (PKA - Beechwood Aged Care),RSL Care RDNS Limited,Not for Profit,NSW,South West Sydney,MM1,Metropolitan,Large,4.0,3.0,5.0,3.0,5.0,REVESBY,4.0,0.0,Steady,3,True
2026-05,Bolton Clarke Brentwood (PKA - Brentwood Residential Aged Care Facility),RSL Care RDNS Limited,Not for Profit,NSW,Western Sydney,MM1,Metropolitan,Small,4.0,3.0,5.0,4.0,3.0,PARRAMATTA,4.0,0.0,Steady,2,True
2026-05,Bolton Clarke Bribie Cove,RSL Care RDNS Limited,Not for Profit,QLD,Cabool,MM2,Regional centres,Medium,3.0,4.0,4.0,2.0,3.0,BONGAREE,4.0,-1.0,Declined,1,True
2026-05,Bolton Clarke Buderim Views,RSL Care RDNS Limited,Not for Profit,QLD,Sunshine Coast,MM1,Metropolitan,Large,4.0,4.0,4.0,4.0,3.0,BUDERIM,4.0,0.0,Steady,4,True
2026-05,Bolton Clarke Cabrini,RSL Care RDNS Limited,Not for Profit,NSW,Western Sydney,MM1,Metropolitan,Large,4.0,4.0,5.0,3.0,3.0,WESTMEAD,4.0,0.0,Steady,12,True
2026-05,Bolton Clarke Calare (PKA - Calare Residential Aged Care Facility),RSL Care RDNS Limited,Not for Profit,NSW,Central West,MM3,Large rural towns,Small,4.0,4.0,5.0,4.0,5.0,ORANGE,5.0,-1.0,Declined,1,True
2026-05,Bolton Clarke Camberwell Green,RSL Care RDNS Limited,Not for Profit,VIC,Eastern Metro,MM1,Metropolitan,Small,4.0,4.0,5.0,3.0,3.0,CAMBERWELL,4.0,0.0,Steady,8,True
2026-05,Bolton Clarke Capella Bay,RSL Care RDNS Limited,Not for Profit,QLD,Brisbane South,MM1,Metropolitan,Large,4.0,4.0,4.0,3.0,5.0,CAPALABA,4.0,0.0,Steady,4,True
2026-05,Bolton Clarke Carinya,RSL Care RDNS Limited,Not for Profit,SA,Metropolitan East,MM1,Metropolitan,Small,4.0,3.0,5.0,5.0,3.0,MYRTLE BANK,4.0,0.0,Steady,8,True
2026-05,Bolton Clarke Carrington,RSL Care RDNS Limited,Not for Profit,QLD,Brisbane South,MM1,Metropolitan,Large,4.0,4.0,5.0,3.0,2.0,PARKINSON,4.0,0.0,Steady,8,True
2026-05,Bolton Clarke Cazna Gardens,RSL Care RDNS Limited,Not for Profit,QLD,Brisbane South,MM1,Metropolitan,Large,4.0,3.0,5.0,4.0,4.0,SUNNYBANK HILLS,4.0,0.0,Steady,3,True
2026-05,Bolton Clarke Centaur,RSL Care RDNS Limited,Not for Profit,QLD,Sunshine Coast,MM1,Metropolitan,Medium,4.0,4.0,5.0,4.0,5.0,CALOUNDRA,4.0,0.0,Steady,11,True
2026-05,Bolton Clarke Charles Young,RSL Care RDNS Limited,Not for Profit,SA,Metropolitan South,MM1,Metropolitan,Large,4.0,3.0,5.0,3.0,3.0,MORPHETTVILLE,4.0,0.0,Steady,3,True
2026-05,Bolton Clarke Charlesbrook,RSL Care RDNS Limited,Not for Profit,VIC,Eastern Metro,MM1,Metropolitan,Medium,4.0,3.0,4.0,5.0,3.0,TEMPLESTOWE,3.0,1.0,Improved,1,True
2026-05,Bolton Clarke Chelsea,RSL Care RDNS Limited,Not for Profit,QLD,Wide Bay,MM3,Large rural towns,Medium,4.0,4.0,5.0,2.0,2.0,MARYBOROUGH,3.0,1.0,Improved,1,True
2026-05,Bolton Clarke Claremont Terrace,RSL Care RDNS Limited,Not for Profit,VIC,Southern Metro,MM1,Metropolitan,Large,4.0,3.0,5.0,3.0,3.0,MCKINNON,4.0,0.0,Steady,8,True
2026-05,Bolton Clarke Coastal Waters (PKA - Coastal Waters Aged Care),RSL Care RDNS Limited,Not for Profit,NSW,Illawarra,MM4,Medium rural towns,Large,5.0,4.0,5.0,5.0,4.0,WORROWING HEIGHTS,4.0,1.0,Improved,1,True
2026-05,Bolton Clarke Cunningham Villas,RSL Care RDNS Limited,Not for Profit,QLD,Northern,MM4,Medium rural towns,Small,4.0,4.0,5.0,4.0,3.0,BOWEN,4.0,0.0,Steady,7,True
2026-05,Bolton Clarke Darlington,RSL Care RDNS Limited,Not for Profit,NSW,Far North Coast,MM1,Metropolitan,Medium,5.0,4.0,5.0,5.0,4.0,BANORA POINT,4.0,1.0,Improved,1,True
2026-05,Bolton Clarke Fairview,RSL Care RDNS Limited,Not for Profit,QLD,Brisbane North,MM1,Metropolitan,Large,4.0,4.0,5.0,3.0,4.0,PINJARRA HILLS,4.0,0.0,Steady,4,True
2026-05,Bolton Clarke Fairways,RSL Care RDNS Limited,Not for Profit,QLD,Wide Bay,MM2,Regional centres,Large,4.0,4.0,5.0,4.0,5.0,BUNDABERG NORTH,4.0,0.0,Steady,11,True
2026-05,Bolton Clarke Farnorha,RSL Care RDNS Limited,Not for Profit,QLD,Far North,MM2,Regional centres,Large,4.0,4.0,5.0,3.0,3.0,WESTCOURT,4.0,0.0,Steady,4,True
2026-05,Bolton Clarke Fernhill,RSL Care RDNS Limited,Not for Profit,QLD,Cabool,MM1,Metropolitan,Large,3.0,3.0,4.0,3.0,3.0,CABOOLTURE,3.0,0.0,Steady,9,True
2026-05,Bolton Clarke Galleon Gardens,RSL Care RDNS Limited,Not for Profit,QLD,South Coast,MM1,Metropolitan,Large,4.0,4.0,5.0,3.0,3.0,CURRUMBIN WATERS,4.0,0.0,Steady,3,True
2026-05,Bolton Clarke Glasshouse Views,RSL Care RDNS Limited,Not for Profit,QLD,Sunshine Coast,MM2,Regional centres,Medium,4.0,4.0,4.0,4.0,3.0,BEERWAH,4.0,0.0,Steady,3,True
2026-05,Bolton Clarke Glendale,RSL Care RDNS Limited,Not for Profit,QLD,Northern,MM2,Regional centres,Medium,4.0,4.0,5.0,3.0,3.0,MOUNT LOUISA,4.0,0.0,Steady,13,True
2026-05,Bolton Clarke Glendale (VIC),RSL Care RDNS Limited,Not for Profit,VIC,Western Metro,MM1,Metropolitan,Large,4.0,3.0,5.0,4.0,3.0,WERRIBEE,4.0,0.0,Steady,2,True
2026-05,Bolton Clarke Gosling Creek,RSL Care RDNS Limited,Not for Profit,NSW,Central West,MM3,Large rural towns,Medium,4.0,3.0,5.0,3.0,4.0,ORANGE,4.0,0.0,Steady,7,True
2026-05,Bolton Clarke Greenview,RSL Care RDNS Limited,Not for Profit,VIC,Eastern Metro,MM1,Metropolitan,Medium,3.0,3.0,5.0,3.0,2.0,DONVALE,4.0,-1.0,Declined,1,True
2026-05,Bolton Clarke Greenwood,RSL Care RDNS Limited,Not for Profit,NSW,Northern Sydney,MM1,Metropolitan,Large,4.0,5.0,5.0,3.0,3.0,NORMANHURST,4.0,0.0,Steady,8,True
2026-05,Bolton Clarke Heritage Lodge,RSL Care RDNS Limited,Not for Profit,NSW,Far North Coast,MM2,Regional centres,Medium,4.0,4.0,4.0,2.0,5.0,MURWILLUMBAH,4.0,0.0,Steady,4,True
2026-05,Bolton Clarke Highwood Court,RSL Care RDNS Limited,Not for Profit,VIC,Eastern Metro,MM1,Metropolitan,Medium,3.0,3.0,5.0,3.0,2.0,BURWOOD,4.0,-1.0,Declined,1,True
2026-05,Bolton Clarke Hillside,RSL Care RDNS Limited,Not for Profit,SA,"Hills, Mallee & Southern",MM1,Metropolitan,Small,4.0,4.0,5.0,4.0,5.0,HEATHFIELD,4.0,0.0,Steady,2,True
2026-05,Bolton Clarke Holly,RSL Care RDNS Limited,Not for Profit,SA,Metropolitan South,MM1,Metropolitan,Large,4.0,3.0,5.0,4.0,3.0,HACKHAM,4.0,0.0,Steady,2,True
2026-05,Bolton Clarke Inverpine,RSL Care RDNS Limited,Not for Profit,QLD,Cabool,MM1,Metropolitan,Medium,4.0,3.0,5.0,4.0,3.0,MURRUMBA DOWNS,4.0,0.0,Steady,13,True
2026-05,Bolton Clarke Keperra Sanctuary,RSL Care RDNS Limited,Not for Profit,QLD,Brisbane North,MM1,Metropolitan,Small,4.0,4.0,5.0,4.0,5.0,KEPERRA,4.0,0.0,Steady,2,True
2026-05,Bolton Clarke Lexington Gardens,RSL Care RDNS Limited,Not for Profit,VIC,Southern Metro,MM1,Metropolitan,Medium,4.0,3.0,5.0,3.0,4.0,SPRINGVALE,4.0,0.0,Steady,5,True
2026-05,Bolton Clarke Lilydale,RSL Care RDNS Limited,Not for Profit,VIC,Eastern Metro,MM1,Metropolitan,Medium,4.0,4.0,5.0,4.0,5.0,LILYDALE,4.0,0.0,Steady,2,True
2026-05,Bolton Clarke Little Para,RSL Care RDNS Limited,Not for Profit,SA,Metropolitan North,MM1,Metropolitan,Medium,3.0,3.0,4.0,4.0,1.0,ELIZABETH VALE,3.0,0.0,Steady,7,True
2026-05,Bolton Clarke Lynbrook Park,RSL Care RDNS Limited,Not for Profit,VIC,Southern Metro,MM1,Metropolitan,Large,4.0,4.0,4.0,3.0,3.0,LYNBROOK,4.0,0.0,Steady,3,True
2026-05,Bolton Clarke Macquarie View - Bolton Point,RSL Care RDNS Limited,Not for Profit,NSW,Hunter,MM1,Metropolitan,Small,5.0,4.0,5.0,5.0,4.0,BOLTON POINT,4.0,1.0,Improved,1,True
2026-05,Bolton Clarke Marten,RSL Care RDNS Limited,Not for Profit,SA,Metropolitan West,MM1,Metropolitan,Large,4.0,3.0,5.0,5.0,2.0,LARGS NORTH,4.0,0.0,Steady,2,True
2026-05,Bolton Clarke Medina Manor,RSL Care RDNS Limited,Not for Profit,VIC,Northern Metro,MM1,Metropolitan,Small,3.0,3.0,5.0,3.0,2.0,THORNBURY,3.0,0.0,Steady,5,True
2026-05,Bolton Clarke Milford Grange,RSL Care RDNS Limited,Not for Profit,QLD,West Moreton,MM1,Metropolitan,Medium,4.0,4.0,5.0,3.0,3.0,EASTERN HEIGHTS,4.0,0.0,Steady,8,True
2026-05,Bolton Clarke Montclaire,RSL Care RDNS Limited,Not for Profit,VIC,Southern Metro,MM1,Metropolitan,Small,4.0,3.0,5.0,4.0,5.0,BRIGHTON,4.0,0.0,Steady,4,True
2026-05,Bolton Clarke Moreton Shores,RSL Care RDNS Limited,Not for Profit,QLD,Brisbane South,MM1,Metropolitan,Large,4.0,3.0,5.0,5.0,3.0,THORNLANDS,4.0,0.0,Steady,9,True
2026-05,Bolton Clarke Newmans on the Park,RSL Care RDNS Limited,Not for Profit,VIC,Eastern Metro,MM1,Metropolitan,Medium,4.0,3.0,4.0,5.0,3.0,TEMPLESTOWE,4.0,0.0,Steady,3,True
2026-05,Bolton Clarke Pemulwuy,RSL Care RDNS Limited,Not for Profit,NSW,Western Sydney,MM1,Metropolitan,Large,4.0,4.0,5.0,3.0,3.0,PEMULWUY,4.0,0.0,Steady,2,True
2026-05,Bolton Clarke Pendle Hill,RSL Care RDNS Limited,Not for Profit,NSW,Western Sydney,MM1,Metropolitan,Small,4.0,4.0,5.0,3.0,4.0,PENDLE HILL,4.0,0.0,Steady,3,True
2026-05,Bolton Clarke Pioneers,RSL Care RDNS Limited,Not for Profit,QLD,Central West,MM7,Very remote communities,Small,4.0,4.0,5.0,5.0,3.0,LONGREACH,4.0,0.0,Steady,11,True
2026-05,Bolton Clarke Princeton View,RSL Care RDNS Limited,Not for Profit,VIC,Southern Metro,MM1,Metropolitan,Large,4.0,3.0,5.0,3.0,3.0,BRIGHTON EAST,4.0,0.0,Steady,2,True
2026-05,Bolton Clarke Raffles,RSL Care RDNS Limited,Not for Profit,NSW,Far North Coast,MM1,Metropolitan,Medium,4.0,4.0,4.0,3.0,3.0,TWEED HEADS SOUTH,4.0,0.0,Steady,3,True
2026-05,Bolton Clarke Redleaf Manor,RSL Care RDNS Limited,Not for Profit,NSW,Inner West,MM1,Metropolitan,Large,4.0,4.0,5.0,3.0,3.0,CONCORD,4.0,0.0,Steady,2,True
2026-05,Bolton Clarke Riddell Gardens,RSL Care RDNS Limited,Not for Profit,VIC,Northern Metro,MM1,Metropolitan,Medium,4.0,3.0,5.0,3.0,3.0,SUNBURY,4.0,0.0,Steady,2,True
2026-05,Bolton Clarke Ridgehaven,RSL Care RDNS Limited,Not for Profit,SA,Metropolitan North,MM1,Metropolitan,Large,4.0,3.0,5.0,3.0,3.0,RIDGEHAVEN,4.0,0.0,Steady,2,True
2026-05,Bolton Clarke Riverwood,RSL Care RDNS Limited,Not for Profit,NSW,Riverina/Murray,MM2,Regional centres,Small,4.0,4.0,5.0,4.0,5.0,WEST ALBURY,4.0,0.0,Steady,5,True
2026-05,Bolton Clarke Rosebrook,RSL Care RDNS Limited,Not for Profit,VIC,Southern Metro,MM1,Metropolitan,Medium,4.0,4.0,4.0,4.0,3.0,ROSEBUD,4.0,0.0,Steady,5,True
2026-05,Bolton Clarke Rosemore,RSL Care RDNS Limited,Not for Profit,NSW,Inner West,MM1,Metropolitan,Small,4.0,3.0,5.0,5.0,5.0,BELMORE,4.0,0.0,Steady,8,True
2026-05,Bolton Clarke Ross Robertson,RSL Care RDNS Limited,Not for Profit,SA,"Hills, Mallee & Southern",MM3,Large rural towns,Medium,4.0,3.0,5.0,5.0,3.0,VICTOR HARBOR,4.0,0.0,Steady,2,True
2026-05,Bolton Clarke Rowes Bay,RSL Care RDNS Limited,Not for Profit,QLD,Northern,MM2,Regional centres,Large,4.0,4.0,5.0,3.0,3.0,ROWES BAY,4.0,0.0,Steady,4,True
2026-05,Bolton Clarke Sandbrook,RSL Care RDNS Limited,Not for Profit,QLD,South Coast,MM1,Metropolitan,Large,4.0,4.0,4.0,4.0,3.0,BURLEIGH WATERS,4.0,0.0,Steady,3,True
2026-05,Bolton Clarke Seabrook,RSL Care RDNS Limited,Not for Profit,QLD,Cabool,MM1,Metropolitan,Large,4.0,4.0,4.0,4.0,3.0,DECEPTION BAY,4.0,0.0,Steady,2,True
2026-05,Bolton Clarke Seaton Place,RSL Care RDNS Limited,Not for Profit,QLD,Brisbane South,MM1,Metropolitan,Large,4.0,4.0,4.0,3.0,4.0,CLEVELAND,4.0,0.0,Steady,3,True
2026-05,Bolton Clarke Smithfield,RSL Care RDNS Limited,Not for Profit,SA,Metropolitan North,MM1,Metropolitan,Medium,4.0,3.0,5.0,4.0,3.0,SMITHFIELD,4.0,0.0,Steady,2,True
2026-05,Bolton Clarke Somerton Park,RSL Care RDNS Limited,Not for Profit,SA,Metropolitan South,MM1,Metropolitan,Medium,4.0,3.0,5.0,3.0,3.0,SOMERTON PARK,4.0,0.0,Steady,3,True
2026-05,Bolton Clarke Sunset Ridge,RSL Care RDNS Limited,Not for Profit,QLD,Fitzroy,MM5,Small rural towns,Medium,4.0,3.0,5.0,3.0,3.0,ZILZIE,4.0,0.0,Steady,8,True
2026-05,Bolton Clarke Sutton Park,RSL Care RDNS Limited,Not for Profit,VIC,Western Metro,MM1,Metropolitan,Large,4.0,3.0,4.0,4.0,3.0,MELTON SOUTH,4.0,0.0,Steady,2,True
2026-05,Bolton Clarke Talbarra,RSL Care RDNS Limited,Not for Profit,QLD,Logan River Valley,MM1,Metropolitan,Small,5.0,4.0,5.0,5.0,5.0,WATERFORD,4.0,1.0,Improved,1,True
2026-05,Bolton Clarke Tannoch Brae,RSL Care RDNS Limited,Not for Profit,VIC,Barwon-South Western,MM1,Metropolitan,Small,5.0,4.0,5.0,5.0,4.0,ST ALBANS PARK,4.0,1.0,Improved,1,True
2026-05,Bolton Clarke Tantula Rise,RSL Care RDNS Limited,Not for Profit,QLD,Sunshine Coast,MM1,Metropolitan,Large,4.0,4.0,5.0,5.0,1.0,ALEXANDRA HEADLAND,4.0,0.0,Steady,8,True
2026-05,Bolton Clarke Templestowe Manor,RSL Care RDNS Limited,Not for Profit,VIC,Eastern Metro,MM1,Metropolitan,Small,3.0,2.0,5.0,4.0,3.0,TEMPLESTOWE LOWER,4.0,-1.0,Declined,1,True
2026-05,Bolton Clarke The Ashley,RSL Care RDNS Limited,Not for Profit,VIC,Northern Metro,MM1,Metropolitan,Medium,4.0,4.0,4.0,4.0,3.0,RESERVOIR,4.0,0.0,Steady,3,True
2026-05,Bolton Clarke The Ormsby,RSL Care RDNS Limited,Not for Profit,QLD,Sunshine Coast,MM1,Metropolitan,Large,4.0,4.0,3.0,4.0,5.0,BUDERIM,3.0,1.0,Improved,1,True
2026-05,Bolton Clarke The Terraces,RSL Care RDNS Limited,Not for Profit,QLD,South Coast,MM1,Metropolitan,Large,4.0,3.0,4.0,4.0,3.0,VARSITY LAKES,4.0,0.0,Steady,4,True
2026-05,Bolton Clarke Trevi Court,RSL Care RDNS Limited,Not for Profit,VIC,Western Metro,MM1,Metropolitan,Small,4.0,3.0,5.0,4.0,3.0,ESSENDON,4.0,0.0,Steady,6,True
2026-05,Bolton Clarke Villa Serena,RSL Care RDNS Limited,Not for Profit,QLD,South Coast,MM1,Metropolitan,Medium,4.0,4.0,5.0,3.0,4.0,ROBINA,4.0,0.0,Steady,4,True
2026-05,Bolton Clarke Walkerville,RSL Care RDNS Limited,Not for Profit,SA,Metropolitan East,MM1,Metropolitan,Large,3.0,3.0,4.0,3.0,4.0,WALKERVILLE,3.0,0.0,Steady,8,True
2026-05,Bolton Clarke Westhaven,RSL Care RDNS Limited,Not for Profit,QLD,Darling Downs,MM2,Regional centres,Medium,4.0,4.0,5.0,2.0,3.0,HARRISTOWN,4.0,0.0,Steady,10,True
2026-05,Bolton Clarke Willandra,RSL Care RDNS Limited,Not for Profit,NSW,Inner West,MM1,Metropolitan,Small,5.0,5.0,5.0,3.0,5.0,MARRICKVILLE,4.0,1.0,Improved,1,True
2026-05,Bolton Clarke Willowdale,RSL Care RDNS Limited,Not for Profit,NSW,South West Sydney,MM1,Metropolitan,Large,4.0,5.0,4.0,3.0,3.0,DENHAM COURT,4.0,0.0,Steady,2,True
2026-05,Bolton Clarke Winders Lodge,RSL Care RDNS Limited,Not for Profit,NSW,Far North Coast,MM1,Metropolitan,Small,4.0,5.0,5.0,4.0,3.0,BANORA POINT,4.0,0.0,Steady,12,True
2026-05,Bonney Lodge,Riverland Mallee Coorong Local Health Network Incorporated,Government,SA,Riverland,MM5,Small rural towns,Medium,3.0,3.0,4.0,3.0,1.0,BARMERA,3.0,0.0,Steady,2,True
2026-05,Boollam Boollam Aged Care Centre,Monash Health,Government,VIC,Southern Metro,MM1,Metropolitan,Large,,4.0,,,,CHELTENHAM,,,New/First,1,True
2026-05,Booroongen Djugun Limited,Booroongen Djugun Limited,Not for Profit,NSW,Mid North Coast,MM4,Medium rural towns,Small,3.0,3.0,4.0,5.0,1.0,GREENHILL,4.0,-1.0,Declined,1,True
2026-05,Boort District Health Loddon Place,Boort District Health,Government,VIC,Loddon-Mallee,MM5,Small rural towns,Small,5.0,4.0,5.0,5.0,5.0,BOORT,5.0,0.0,Steady,4,True
2026-05,Borella House,The Churches of Christ Property Trust,Not for Profit,NSW,Riverina/Murray,MM2,Regional centres,Medium,4.0,5.0,5.0,2.0,4.0,ALBURY,4.0,0.0,Steady,2,True
2026-05,Boronia House,Thompson Health Care Pty Ltd,Private for Profit,NSW,Nepean,MM1,Metropolitan,Large,4.0,4.0,5.0,3.0,3.0,ST MARYS,4.0,0.0,Steady,4,True
2026-05,Boronia Residential Aged Care,Aged Care Group Pty Ltd,Private for Profit,VIC,Eastern Metro,MM1,Metropolitan,Small,3.0,2.0,5.0,2.0,3.0,BORONIA,3.0,0.0,Steady,12,True
2026-05,Bossley Parkside Care Community,DPG Services Pty Ltd,Private for Profit,NSW,South West Sydney,MM1,Metropolitan,Medium,,4.0,5.0,,2.0,BOSSLEY PARK,4.0,,New/First,1,True
2026-05,Bowder Care Centre,Sundale Ltd,Not for Profit,QLD,Sunshine Coast,MM1,Metropolitan,Small,4.0,4.0,5.0,4.0,3.0,NAMBOUR,5.0,-1.0,Declined,1,True
2026-05,Bowral House Nursing Home,Thompson Health Care Pty Ltd,Private for Profit,NSW,South West Sydney,MM3,Large rural towns,Medium,4.0,4.0,5.0,4.0,3.0,BOWRAL,4.0,0.0,Steady,9,True
2026-05,Box Hill Views Care Community,DPG Services Pty Ltd,Private for Profit,VIC,Eastern Metro,MM1,Metropolitan,Large,,3.0,4.0,,3.0,BOX HILL,3.0,,New/First,1,True
2026-05,Boyne Russell House,Melbourne Health,Government,VIC,Northern Metro,MM1,Metropolitan,Small,4.0,4.0,5.0,5.0,3.0,BRUNSWICK,5.0,-1.0,Declined,1,True
2026-05,Bracken House Dubbo,United Protestant Association of NSW Limited,Not for Profit,NSW,Orana Far West,MM3,Large rural towns,Medium,5.0,5.0,5.0,5.0,3.0,DUBBO,4.0,1.0,Improved,1,True
2026-05,Braemar Cooinda,Fresh Fields Aged Care Pty Ltd,Private for Profit,WA,Metropolitan South West,MM1,Metropolitan,Large,,,,2.0,3.0,WILLAGEE,,,New/First,1,True
2026-05,Braemar House,Fresh Fields Aged Care Pty Ltd,Private for Profit,WA,Metropolitan South West,MM1,Metropolitan,Small,,,,4.0,1.0,EAST FREMANTLE,,,New/First,1,True
2026-05,Braemar Village,Fresh Fields Aged Care Pty Ltd,Private for Profit,WA,Metropolitan South West,MM1,Metropolitan,Small,,,,2.0,2.0,WILLAGEE,,,New/First,1,True
2026-05,Brighton Health Campus (Gannet House),Metro North Hospital and Health Service,Government,QLD,Brisbane North,MM1,Metropolitan,Small,,3.0,,,,BRIGHTON,,,New/First,1,True
2026-05,Brighton Shore Care Community,DPG Services Pty Ltd,Private for Profit,VIC,Southern Metro,MM1,Metropolitan,Small,,4.0,4.0,,3.0,BRIGHTON,4.0,,New/First,1,True
2026-05,Brightwater Birralee,Brightwater Care Group Limited,Not for Profit,WA,Metropolitan North,MM1,Metropolitan,Small,4.0,3.0,5.0,3.0,4.0,INNALOO,4.0,0.0,Steady,13,True
2026-05,Brightwater Inglewood,Brightwater Care Group Limited,Not for Profit,WA,Metropolitan East,MM1,Metropolitan,Large,4.0,3.0,5.0,3.0,3.0,INGLEWOOD,4.0,0.0,Steady,2,True
2026-05,Brightwater Madeley,Brightwater Care Group Limited,Not for Profit,WA,Metropolitan North,MM1,Metropolitan,Large,3.0,3.0,4.0,3.0,1.0,MADELEY,3.0,0.0,Steady,2,True
2026-05,Brightwater Onslow Gardens,Brightwater Care Group Limited,Not for Profit,WA,Metropolitan North,MM1,Metropolitan,Medium,4.0,3.0,5.0,3.0,5.0,SUBIACO,4.0,0.0,Steady,3,True
2026-05,Brightwater Oxford Gardens,Brightwater Care Group Limited,Not for Profit,WA,Metropolitan North,MM1,Metropolitan,Medium,3.0,3.0,5.0,3.0,2.0,JOONDALUP,4.0,-1.0,Declined,1,True
2026-05,Brightwater Redcliffe,Brightwater Care Group Limited,Not for Profit,WA,Metropolitan South East,MM1,Metropolitan,Small,3.0,3.0,5.0,3.0,2.0,REDCLIFFE,4.0,-1.0,Declined,1,True
2026-05,Brightwater The Cove,Brightwater Care Group Limited,Not for Profit,WA,Metropolitan South West,MM1,Metropolitan,Large,4.0,3.0,5.0,3.0,4.0,DUDLEY PARK,4.0,0.0,Steady,13,True
2026-05,Brightwater The Oaks,Brightwater Care Group Limited,Not for Profit,WA,Metropolitan South West,MM1,Metropolitan,Medium,4.0,4.0,5.0,3.0,3.0,WAIKIKI,4.0,0.0,Steady,5,True
2026-05,Brightwater The Village,Brightwater Care Group Limited,Not for Profit,WA,Metropolitan East,MM1,Metropolitan,Small,4.0,4.0,5.0,5.0,2.0,INGLEWOOD,4.0,0.0,Steady,10,True
2026-05,Brimlea Aged Care,Five Star Care Pty Ltd,Private for Profit,VIC,Southern Metro,MM1,Metropolitan,Medium,4.0,3.0,5.0,2.0,5.0,MURRUMBEENA,4.0,0.0,Steady,13,True
2026-05,Broadwater Grove Care Community,DPG Services Pty Ltd,Private for Profit,QLD,South Coast,MM1,Metropolitan,Medium,,4.0,5.0,,5.0,SOUTHPORT,4.0,,New/First,1,True
2026-05,Brookfield Green,The Baptist Union of Queensland,Not for Profit,QLD,Brisbane North,MM1,Metropolitan,Medium,4.0,4.0,5.0,4.0,3.0,BROOKFIELD,4.0,0.0,Steady,4,True
2026-05,Brother Alberts Home,Holy Family Services,Not for Profit,NSW,Western Sydney,MM1,Metropolitan,Large,5.0,4.0,5.0,5.0,4.0,MARAYONG,4.0,1.0,Improved,1,True
2026-05,Buckland,The Buckland Convalescent Hospital,Not for Profit,NSW,Nepean,MM1,Metropolitan,Large,4.0,4.0,5.0,4.0,3.0,SPRINGWOOD,4.0,0.0,Steady,13,True
2026-05,Buckland House Nursing Home,Mansfield District Hospital,Government,VIC,Hume,MM5,Small rural towns,Small,4.0,4.0,5.0,2.0,3.0,MANSFIELD,,,New/First,1,True
2026-05,Bucklands Residential Care,Southern Cross Care (SA NT & VIC) Incorporated,Not for Profit,SA,Metropolitan West,MM1,Metropolitan,Large,3.0,3.0,5.0,2.0,3.0,NORTH PLYMPTON,4.0,-1.0,Declined,1,True
2026-05,Bunbury Gardens Care Community,DPG Services Pty Ltd,Private for Profit,WA,South West,MM2,Regional centres,Medium,,3.0,5.0,,3.0,BUNBURY,4.0,,New/First,1,True
2026-05,Bundaleer Gardens Hostel,APOLLO CARE OPERATIONS PTY LIMITED,Private for Profit,NSW,Mid North Coast,MM3,Large rural towns,Medium,3.0,4.0,5.0,1.0,3.0,WAUCHOPE,4.0,-1.0,Declined,1,True
2026-05,Bundaleer Lodge Nursing Home,Bundaleer Lodge Nursing Home Pty Ltd,Private for Profit,QLD,West Moreton,MM1,Metropolitan,Large,4.0,3.0,5.0,5.0,3.0,NORTH IPSWICH,4.0,0.0,Steady,3,True
2026-05,Bupa Armidale,Bupa Aged Care Australia Pty Ltd,Private for Profit,NSW,New England,MM3,Large rural towns,Small,4.0,4.0,5.0,2.0,3.0,ARMIDALE,4.0,0.0,Steady,6,True
2026-05,Bupa Ashbury,Bupa Aged Care Australia Pty Ltd,Private for Profit,NSW,Inner West,MM1,Metropolitan,Small,4.0,4.0,5.0,2.0,4.0,ASHFIELD,4.0,0.0,Steady,13,True
2026-05,Bupa Ashfield,Bupa Aged Care Australia Pty Ltd,Private for Profit,NSW,Inner West,MM1,Metropolitan,Small,4.0,4.0,5.0,2.0,3.0,ASHFIELD,4.0,0.0,Steady,4,True
2026-05,Bupa Ballarat,Bupa Aged Care Australia Pty Ltd,Private for Profit,VIC,Grampians,MM2,Regional centres,Large,4.0,3.0,5.0,2.0,4.0,DELACOMBE,4.0,0.0,Steady,5,True
2026-05,Bupa Ballina,Bupa Aged Care Australia Pty Ltd,Private for Profit,NSW,Far North Coast,MM3,Large rural towns,Large,3.0,3.0,5.0,2.0,2.0,BALLINA,4.0,-1.0,Declined,1,True
2026-05,Bupa Bankstown,Bupa Aged Care Australia Pty Ltd,Private for Profit,NSW,South West Sydney,MM1,Metropolitan,Large,4.0,4.0,5.0,1.0,4.0,YAGOONA,4.0,0.0,Steady,7,True
2026-05,Bupa Banora Point,Bupa Aged Care Australia Pty Ltd,Private for Profit,NSW,Far North Coast,MM1,Metropolitan,Large,3.0,4.0,5.0,1.0,2.0,BANORA POINT,3.0,0.0,Steady,2,True
2026-05,Bupa Barrabool,Bupa Aged Care Australia Pty Ltd,Private for Profit,VIC,Barwon-South Western,MM1,Metropolitan,Small,4.0,4.0,5.0,4.0,4.0,BELMONT,4.0,0.0,Steady,11,True
2026-05,Bupa Bateau Bay,Bupa Aged Care Australia Pty Ltd,Private for Profit,NSW,Central Coast,MM1,Metropolitan,Medium,3.0,4.0,5.0,1.0,2.0,BATEAU BAY,3.0,0.0,Steady,10,True
2026-05,Bupa Baulkham Hills,Bupa Aged Care Australia Pty Ltd,Private for Profit,NSW,Western Sydney,MM1,Metropolitan,Large,3.0,4.0,5.0,1.0,1.0,BAULKHAM HILLS,3.0,0.0,Steady,3,True
2026-05,Bupa Bellarine Lakes,Bupa Aged Care Australia Pty Ltd,Private for Profit,VIC,Barwon-South Western,MM1,Metropolitan,Medium,3.0,3.0,5.0,2.0,2.0,MOOLAP,3.0,0.0,Steady,2,True
2026-05,Bupa Bendigo,Bupa Aged Care Australia Pty Ltd,Private for Profit,VIC,Loddon-Mallee,MM2,Regional centres,Large,3.0,3.0,5.0,1.0,2.0,BENDIGO,3.0,0.0,Steady,13,True
2026-05,Bupa Berwick,Bupa Aged Care Australia Pty Ltd,Private for Profit,VIC,Southern Metro,MM1,Metropolitan,Large,3.0,4.0,5.0,1.0,3.0,NARRE WARREN NORTH,4.0,-1.0,Declined,1,True
2026-05,Bupa Bexley,Bupa Aged Care Australia Pty Ltd,Private for Profit,NSW,South East Sydney,MM1,Metropolitan,Small,3.0,3.0,4.0,2.0,3.0,BEXLEY,3.0,0.0,Steady,6,True
2026-05,Bupa Bonbeach,Bupa Aged Care Australia Pty Ltd,Private for Profit,VIC,Southern Metro,MM1,Metropolitan,Medium,3.0,3.0,5.0,1.0,4.0,Chelsea,4.0,-1.0,Declined,1,True
2026-05,Bupa Cairns,Bupa Aged Care Australia Pty Ltd,Private for Profit,QLD,Far North,MM2,Regional centres,Large,3.0,3.0,5.0,2.0,2.0,MOOROOBOOL,3.0,0.0,Steady,13,True
2026-05,Bupa Campbelltown,Bupa Aged Care Australia Pty Ltd,Private for Profit,SA,Metropolitan East,MM1,Metropolitan,Small,3.0,3.0,5.0,2.0,3.0,CAMPBELLTOWN,4.0,-1.0,Declined,1,True
2026-05,Bupa Caulfield,Bupa Aged Care Australia Pty Ltd,Private for Profit,VIC,Southern Metro,MM1,Metropolitan,Large,3.0,4.0,5.0,1.0,3.0,CAULFIELD SOUTH,4.0,-1.0,Declined,1,True
2026-05,Bupa Clayton,Bupa Aged Care Australia Pty Ltd,Private for Profit,VIC,Eastern Metro,MM1,Metropolitan,Large,3.0,3.0,5.0,2.0,1.0,CLAYTON,4.0,-1.0,Declined,1,True
2026-05,Bupa Clemton Park,Bupa Aged Care Australia Pty Ltd,Private for Profit,NSW,Inner West,MM1,Metropolitan,Large,4.0,4.0,5.0,2.0,3.0,CLEMTON PARK,3.0,1.0,Improved,1,True
2026-05,Bupa Coburg,Bupa Aged Care Australia Pty Ltd,Private for Profit,VIC,Northern Metro,MM1,Metropolitan,Small,3.0,3.0,5.0,1.0,3.0,COBURG,4.0,-1.0,Declined,1,True
2026-05,Bupa Croydon,Bupa Aged Care Australia Pty Ltd,Private for Profit,VIC,Eastern Metro,MM1,Metropolitan,Medium,4.0,3.0,5.0,3.0,3.0,CROYDON,4.0,0.0,Steady,5,True
2026-05,Bupa Dural,Bupa Aged Care Australia Pty Ltd,Private for Profit,NSW,Western Sydney,MM1,Metropolitan,Medium,3.0,3.0,5.0,3.0,2.0,DURAL,4.0,-1.0,Declined,1,True
2026-05,Bupa Eastwood,Bupa Aged Care Australia Pty Ltd,Private for Profit,VIC,Gippsland,MM4,Medium rural towns,Medium,4.0,4.0,5.0,2.0,3.0,BAIRNSDALE,4.0,0.0,Steady,2,True
2026-05,Bupa Echuca,Bupa Aged Care Australia Pty Ltd,Private for Profit,VIC,Loddon-Mallee,MM3,Large rural towns,Large,4.0,4.0,5.0,2.0,3.0,ECHUCA,3.0,1.0,Improved,1,True
2026-05,Bupa Enfield,Bupa Aged Care Australia Pty Ltd,Private for Profit,SA,Metropolitan East,MM1,Metropolitan,Medium,3.0,3.0,5.0,1.0,3.0,ENFIELD,3.0,0.0,Steady,2,True
2026-05,Bupa Glenvale,Bupa Aged Care Australia Pty Ltd,Private for Profit,QLD,Darling Downs,MM2,Regional centres,Large,3.0,3.0,5.0,2.0,1.0,GLENVALE,3.0,0.0,Steady,2,True
2026-05,Bupa Greenacre,Bupa Aged Care Australia Pty Ltd,Private for Profit,NSW,South West Sydney,MM1,Metropolitan,Large,3.0,4.0,4.0,1.0,2.0,GREENACRE,3.0,0.0,Steady,3,True
2026-05,Bupa Greensborough,Bupa Aged Care Australia Pty Ltd,Private for Profit,VIC,Northern Metro,MM1,Metropolitan,Medium,4.0,4.0,5.0,3.0,1.0,GREENSBOROUGH,4.0,0.0,Steady,4,True
2026-05,Bupa Kempsey,Bupa Aged Care Australia Pty Ltd,Private for Profit,NSW,Mid North Coast,MM4,Medium rural towns,Medium,4.0,4.0,5.0,4.0,3.0,WEST KEMPSEY,4.0,0.0,Steady,8,True
2026-05,Bupa Kyneton,Bupa Aged Care Australia Pty Ltd,Private for Profit,VIC,Loddon-Mallee,MM5,Small rural towns,Medium,3.0,3.0,5.0,1.0,3.0,KYNETON,4.0,-1.0,Declined,1,True
2026-05,Bupa Maroubra,Bupa Aged Care Australia Pty Ltd,Private for Profit,NSW,South East Sydney,MM1,Metropolitan,Medium,3.0,3.0,5.0,1.0,3.0,MAROUBRA,4.0,-1.0,Declined,1,True
2026-05,Bupa Merrimac,Bupa Aged Care Australia Pty Ltd,Private for Profit,QLD,South Coast,MM1,Metropolitan,Medium,3.0,3.0,5.0,1.0,1.0,MERRIMAC,3.0,0.0,Steady,2,True
2026-05,Bupa Mildura,Bupa Aged Care Australia Pty Ltd,Private for Profit,VIC,Loddon-Mallee,MM3,Large rural towns,Medium,4.0,4.0,5.0,1.0,4.0,MILDURA,3.0,1.0,Improved,1,True
2026-05,Bupa Morphettville,Bupa Aged Care Australia Pty Ltd,Private for Profit,SA,Metropolitan South,MM1,Metropolitan,Medium,3.0,3.0,5.0,2.0,3.0,MORPHETTVILLE,4.0,-1.0,Declined,1,True
2026-05,Bupa Mosman,Bupa Aged Care Australia Pty Ltd,Private for Profit,NSW,Northern Sydney,MM1,Metropolitan,Small,3.0,3.0,5.0,1.0,4.0,MOSMAN,4.0,-1.0,Declined,1,True
2026-05,Bupa Mt Sheridan,Bupa Aged Care Australia Pty Ltd,Private for Profit,QLD,Far North,MM2,Regional centres,Large,4.0,4.0,5.0,2.0,4.0,WHITE ROCK,4.0,0.0,Steady,3,True
2026-05,Bupa New Farm,Bupa Aged Care Australia Pty Ltd,Private for Profit,QLD,Brisbane North,MM1,Metropolitan,Medium,3.0,3.0,5.0,1.0,3.0,NEW FARM,4.0,-1.0,Declined,1,True
2026-05,Bupa North Rocks,Bupa Aged Care Australia Pty Ltd,Private for Profit,NSW,Western Sydney,MM1,Metropolitan,Large,3.0,4.0,5.0,1.0,3.0,NORTH ROCKS,4.0,-1.0,Declined,1,True
2026-05,Bupa Pottsville Beach,Bupa Aged Care Australia Pty Ltd,Private for Profit,NSW,Far North Coast,MM1,Metropolitan,Large,3.0,4.0,5.0,1.0,2.0,POTTSVILLE,4.0,-1.0,Declined,1,True
2026-05,Bupa Queens Park,Bupa Aged Care Australia Pty Ltd,Private for Profit,NSW,South East Sydney,MM1,Metropolitan,Medium,3.0,4.0,4.0,1.0,5.0,WAVERLEY,4.0,-1.0,Declined,1,True
2026-05,Bupa Rangeville,Bupa Aged Care Australia Pty Ltd,Private for Profit,QLD,Darling Downs,MM2,Regional centres,Large,3.0,4.0,5.0,1.0,2.0,RANGEVILLE,4.0,-1.0,Declined,1,True
2026-05,Bupa Runaway Bay,Bupa Aged Care Australia Pty Ltd,Private for Profit,QLD,South Coast,MM1,Metropolitan,Medium,3.0,4.0,5.0,1.0,3.0,COOMBABAH,4.0,-1.0,Declined,1,True
2026-05,Bupa Seaforth,Bupa Aged Care Australia Pty Ltd,Private for Profit,NSW,Northern Sydney,MM1,Metropolitan,Medium,3.0,3.0,4.0,2.0,3.0,SEAFORTH,3.0,0.0,Steady,11,True
2026-05,Bupa South Morang,Bupa Aged Care Australia Pty Ltd,Private for Profit,VIC,Northern Metro,MM1,Metropolitan,Small,4.0,3.0,5.0,4.0,2.0,SOUTH MORANG,4.0,0.0,Steady,4,True
2026-05,Bupa St Ives,Bupa Aged Care Australia Pty Ltd,Private for Profit,NSW,Northern Sydney,MM1,Metropolitan,Medium,3.0,3.0,5.0,1.0,2.0,ST IVES,3.0,0.0,Steady,13,True
2026-05,Bupa Sutherland,Bupa Aged Care Australia Pty Ltd,Private for Profit,NSW,South East Sydney,MM1,Metropolitan,Large,4.0,4.0,5.0,2.0,3.0,SUTHERLAND,4.0,0.0,Steady,13,True
2026-05,Bupa Tamworth,Bupa Aged Care Australia Pty Ltd,Private for Profit,NSW,New England,MM3,Large rural towns,Medium,4.0,4.0,5.0,2.0,3.0,NORTH TAMWORTH,4.0,0.0,Steady,3,True
2026-05,Bupa Templestowe,Bupa Aged Care Australia Pty Ltd,Private for Profit,VIC,Eastern Metro,MM1,Metropolitan,Large,3.0,3.0,5.0,2.0,3.0,TEMPLESTOWE,4.0,-1.0,Declined,1,True
2026-05,Bupa Traralgon,Bupa Aged Care Australia Pty Ltd,Private for Profit,VIC,Gippsland,MM3,Large rural towns,Large,4.0,4.0,4.0,2.0,4.0,TRARALGON,4.0,0.0,Steady,5,True
2026-05,Bupa Tugun,Bupa Aged Care Australia Pty Ltd,Private for Profit,QLD,South Coast,MM1,Metropolitan,Large,3.0,4.0,5.0,2.0,1.0,TUGUN,3.0,0.0,Steady,13,True
2026-05,Bupa Waratah,Bupa Aged Care Australia Pty Ltd,Private for Profit,NSW,Hunter,MM1,Metropolitan,Medium,4.0,4.0,5.0,3.0,2.0,WARATAH,3.0,1.0,Improved,1,True
2026-05,Bupa Willoughby,Bupa Aged Care Australia Pty Ltd,Private for Profit,NSW,Northern Sydney,MM1,Metropolitan,Medium,4.0,4.0,5.0,1.0,4.0,WILLOUGHBY,4.0,0.0,Steady,4,True
2026-05,Bupa Windsor,Bupa Aged Care Australia Pty Ltd,Private for Profit,VIC,Southern Metro,MM1,Metropolitan,Small,4.0,5.0,5.0,4.0,3.0,WINDSOR,4.0,0.0,Steady,3,True
2026-05,Bupa Wodonga,Bupa Aged Care Australia Pty Ltd,Private for Profit,VIC,Hume,MM2,Regional centres,Large,3.0,3.0,4.0,1.0,3.0,WODONGA,3.0,0.0,Steady,8,True
2026-05,Bupa Woodend,Bupa Aged Care Australia Pty Ltd,Private for Profit,VIC,Loddon-Mallee,MM5,Small rural towns,Medium,4.0,4.0,5.0,3.0,5.0,WOODEND,4.0,0.0,Steady,10,True
2026-05,Bupa Woodville,Bupa Aged Care Australia Pty Ltd,Private for Profit,SA,Metropolitan West,MM1,Metropolitan,Large,4.0,3.0,5.0,4.0,2.0,WOODVILLE,3.0,1.0,Improved,1,True
2026-05,Burpengary Gardens Care Community,DPG Services Pty Ltd,Private for Profit,QLD,Cabool,MM1,Metropolitan,Medium,,3.0,5.0,,3.0,BURPENGARY,4.0,,New/First,1,True
2026-05,Burpengary Manor Aged Care,Tingari Group Pty Ltd,Private for Profit,QLD,Cabool,MM1,Metropolitan,Large,3.0,3.0,5.0,3.0,2.0,BURPENGARY EAST,4.0,-1.0,Declined,1,True
2026-05,Burrowa House,BOOROWA HOSTEL INC,Not for Profit,NSW,Southern Highlands,MM5,Small rural towns,Small,,4.0,4.0,,3.0,BOOROWA,,,New/First,1,True
2026-05,Burswood Care Annie Bryson McKeown Lodge,Burswood Care Pty Ltd,Private for Profit,WA,Great Southern,MM3,Large rural towns,Small,4.0,3.0,5.0,4.0,3.0,SPENCER PARK,3.0,1.0,Improved,1,True
2026-05,Burswood Care Gwen Hardie Lodge,Burswood Care Pty Ltd,Private for Profit,WA,Great Southern,MM3,Large rural towns,Small,4.0,4.0,5.0,5.0,2.0,EMU POINT,4.0,0.0,Steady,8,True
2026-05,Burswood Care Sunshine Park,Burswood Care Pty Ltd,Private for Profit,WA,Metropolitan East,MM1,Metropolitan,Small,4.0,4.0,5.0,4.0,4.0,LESMURDIE,4.0,0.0,Steady,13,True
2026-05,Byron Aged Care,St Andrew's Village Ballina Limited,Not for Profit,NSW,Far North Coast,MM4,Medium rural towns,Small,4.0,3.0,4.0,5.0,2.0,BYRON BAY,,,New/First,1,True
2026-05,CASS Asquith Residential Aged Care Facility,Chinese Australian Services Society Limited,Not for Profit,NSW,Northern Sydney,MM1,Metropolitan,Medium,4.0,4.0,4.0,3.0,4.0,ASQUITH,4.0,0.0,Steady,5,True
2026-05,CASS Residential Aged Care Facility,Chinese Australian Services Society Limited,Not for Profit,NSW,Inner West,MM1,Metropolitan,Medium,4.0,5.0,5.0,3.0,3.0,CAMPSIE,4.0,0.0,Steady,5,True
2026-05,CASTRELLA CARE,Castrella Care,Not for Profit,NSW,Western Sydney,MM1,Metropolitan,Small,,,,,,WENTWORTHVILLE,,,New/First,1,True
2026-05,CCSSCI - On Luck Chinese Nursing Home,Chinese Community Social Services Centre Limited,Not for Profit,VIC,Eastern Metro,MM1,Metropolitan,Large,4.0,3.0,5.0,4.0,3.0,DONVALE,4.0,0.0,Steady,12,True
2026-05,Cabanda Aged Care,LUTHERAN CHURCH OF AUSTRALIA QUEENSLAND DISTRICT,Not for Profit,QLD,West Moreton,MM2,Regional centres,Medium,,,,,,ROSEWOOD,4.0,,New/First,1,True
2026-05,Caboolture Parklands,DPG Services Pty Ltd,Private for Profit,QLD,Cabool,MM1,Metropolitan,Large,,,,,,CABOOLTURE,,,New/First,1,True
2026-05,Cadorna House,The Trustee for Cormiston Village Unit Trust,Private for Profit,TAS,Northern,MM2,Regional centres,Small,5.0,5.0,5.0,5.0,5.0,RIVERSIDE,5.0,0.0,Steady,6,True
2026-05,Caladenia Nursing Home,Northern Health,Government,VIC,Hume,MM4,Medium rural towns,Small,4.0,3.0,4.0,5.0,4.0,KILMORE,,,New/First,1,True
2026-05,Calamvale Parklands Care Community,DPG Services Pty Ltd,Private for Profit,QLD,Brisbane South,MM1,Metropolitan,Large,,5.0,5.0,,4.0,CALAMVALE,5.0,,New/First,1,True
2026-05,Caloundra Adventist Retirement Village,Seventh-Day Adventist Aged Care (South Queensland) Ltd,Not for Profit,QLD,Sunshine Coast,MM1,Metropolitan,Small,4.0,4.0,5.0,4.0,3.0,LITTLE MOUNTAIN,4.0,0.0,Steady,6,True
2026-05,Caloundra Place Care Community,DPG Services Pty Ltd,Private for Profit,QLD,Sunshine Coast,MM1,Metropolitan,Small,,3.0,5.0,,3.0,DICKY BEACH,3.0,,New/First,1,True
2026-05,Calvary Albury & District,Calvary Aged Care Limited,Not for Profit,NSW,Riverina/Murray,MM2,Regional centres,Large,,,,3.0,1.0,GLENROY,,,New/First,1,True
2026-05,Calvary Balmoral Grove,Calvary Aged Care Limited,Not for Profit,VIC,Barwon-South Western,MM1,Metropolitan,Medium,,,,4.0,2.0,GROVEDALE,,,New/First,1,True
2026-05,Calvary Barongarook Gardens,Calvary Aged Care Limited,Not for Profit,VIC,Barwon-South Western,MM4,Medium rural towns,Small,,4.0,,5.0,3.0,COLAC,,,New/First,1,True
2026-05,Calvary Bayview,Calvary Aged Care Limited,Not for Profit,VIC,Southern Metro,MM1,Metropolitan,Medium,,,,4.0,3.0,CARRUM DOWNS,,,New/First,1,True
2026-05,Calvary Brighton,Calvary Aged Care Limited,Not for Profit,SA,Metropolitan South,MM1,Metropolitan,Medium,,3.0,,3.0,2.0,SOUTH BRIGHTON,,,New/First,1,True
2026-05,Calvary Brighton-Le-Sands,Calvary Aged Care Limited,Not for Profit,NSW,South East Sydney,MM1,Metropolitan,Medium,,,,3.0,3.0,BRIGHTON LE SANDS,,,New/First,1,True
2026-05,Calvary Capel Sands,Calvary Aged Care Limited,Not for Profit,VIC,Southern Metro,MM1,Metropolitan,Small,,3.0,,2.0,1.0,CAPEL SOUND,,,New/First,1,True
2026-05,Calvary Cessnock Retirement Community,Calvary Aged Care Limited,Not for Profit,NSW,Hunter,MM3,Large rural towns,Large,,4.0,,1.0,1.0,CESSNOCK,,,New/First,1,True
2026-05,Calvary Cooinda Retirement Community,Calvary Aged Care Limited,Not for Profit,NSW,Hunter,MM4,Medium rural towns,Small,,,,4.0,4.0,SINGLETON,,,New/First,1,True
2026-05,Calvary Cordelia Grove,Calvary Aged Care Limited,Not for Profit,VIC,Barwon-South Western,MM3,Large rural towns,Small,,4.0,,2.0,3.0,ANGLESEA,,,New/First,1,True
2026-05,Calvary Corymbia,Calvary Aged Care Limited,Not for Profit,NSW,Northern Sydney,MM1,Metropolitan,Medium,,4.0,,2.0,3.0,BELROSE,,,New/First,1,True
2026-05,Calvary Elanora,Calvary Aged Care Limited,Not for Profit,VIC,Southern Metro,MM1,Metropolitan,Large,,3.0,,4.0,3.0,BRIGHTON,,,New/First,1,True
2026-05,Calvary Elouera,Calvary Aged Care Limited,Not for Profit,VIC,Barwon-South Western,MM2,Regional centres,Medium,,4.0,,2.0,3.0,TORQUAY,,,New/First,1,True
2026-05,Calvary Flora McDonald Retirement Community,Calvary Aged Care Limited,Not for Profit,SA,Metropolitan West,MM1,Metropolitan,Large,,,,3.0,3.0,COWANDILLA,,,New/First,1,True
2026-05,Calvary George Vowell,Calvary Aged Care Limited,Not for Profit,VIC,Southern Metro,MM1,Metropolitan,Large,,,,2.0,2.0,MOUNT ELIZA,,,New/First,1,True
2026-05,Calvary Goonawarra,Calvary Aged Care Limited,Not for Profit,VIC,Northern Metro,MM1,Metropolitan,Large,,3.0,,2.0,2.0,SUNBURY,,,New/First,1,True
2026-05,Calvary Haydon Retirement Community,Calvary Aged Care Limited,Not for Profit,ACT,ACT,MM1,Metropolitan,Medium,,3.0,,3.0,2.0,BRUCE,,,New/First,1,True
2026-05,Calvary Henley Manor,Calvary Aged Care Limited,Not for Profit,NSW,Western Sydney,MM1,Metropolitan,Small,,5.0,,4.0,5.0,DOONSIDE,,,New/First,1,True
2026-05,Calvary Huntly Suites,Calvary Aged Care Limited,Not for Profit,VIC,Southern Metro,MM1,Metropolitan,Medium,,,,4.0,1.0,CAULFIELD SOUTH,,,New/First,1,True
2026-05,Calvary Kelaston,Calvary Aged Care Limited,Not for Profit,VIC,Grampians,MM2,Regional centres,Medium,,3.0,,2.0,1.0,WENDOUREE,,,New/First,1,True
2026-05,Calvary Kingston Gardens,Calvary Aged Care Limited,Not for Profit,VIC,Southern Metro,MM1,Metropolitan,Large,,2.0,,4.0,3.0,SPRINGVALE SOUTH,,,New/First,1,True
2026-05,Calvary Kingswood,Calvary Aged Care Limited,Not for Profit,SA,Metropolitan South,MM1,Metropolitan,Small,,,,4.0,3.0,KINGSWOOD,,,New/First,1,True
2026-05,Calvary Kirralee,Calvary Aged Care Limited,Not for Profit,VIC,Grampians,MM2,Regional centres,Medium,,3.0,,2.0,2.0,BALLARAT,,,New/First,1,True
2026-05,Calvary Lakes Entrance,Calvary Aged Care Limited,Not for Profit,VIC,Gippsland,MM4,Medium rural towns,Small,,4.0,,2.0,1.0,KALIMNA,,,New/First,1,True
2026-05,Calvary Lower Plenty Garden Views,Calvary Aged Care Limited,Not for Profit,VIC,Northern Metro,MM1,Metropolitan,Medium,,3.0,,2.0,1.0,LOWER PLENTY,,,New/First,1,True
2026-05,Calvary Millward,Calvary Aged Care Limited,Not for Profit,VIC,Eastern Metro,MM1,Metropolitan,Large,,3.0,,4.0,2.0,DONCASTER EAST,,,New/First,1,True
2026-05,Calvary Mirridong,Calvary Aged Care Limited,Not for Profit,VIC,Loddon-Mallee,MM2,Regional centres,Medium,,4.0,,4.0,3.0,BENDIGO,,,New/First,1,True
2026-05,Calvary Mt Carmel Retirement Community,Calvary Aged Care Limited,Not for Profit,NSW,Hunter,MM1,Metropolitan,Small,,,,3.0,2.0,MAITLAND,,,New/First,1,True
2026-05,Calvary Muswellbrook Retirement Community,Calvary Aged Care Limited,Not for Profit,NSW,Hunter,MM4,Medium rural towns,Small,,,,1.0,1.0,MUSWELLBROOK,,,New/First,1,True
2026-05,Calvary Narracan Gardens,Calvary Aged Care Limited,Not for Profit,VIC,Gippsland,MM3,Large rural towns,Medium,,3.0,,3.0,2.0,NEWBOROUGH,,,New/First,1,True
2026-05,Calvary Oaklands,Calvary Aged Care Limited,Not for Profit,SA,Metropolitan South,MM1,Metropolitan,Medium,,,,2.0,1.0,OAKLANDS PARK,,,New/First,1,True
2026-05,Calvary Riverside Views,Calvary Aged Care Limited,Not for Profit,TAS,Northern,MM2,Regional centres,Medium,,4.0,,3.0,2.0,RIVERSIDE,,,New/First,1,True
2026-05,Calvary Roccoco,Calvary Aged Care Limited,Not for Profit,VIC,Barwon-South Western,MM1,Metropolitan,Small,,,,4.0,3.0,ST ALBANS PARK,,,New/First,1,True
2026-05,Calvary Rosanna Views,Calvary Aged Care Limited,Not for Profit,VIC,Northern Metro,MM1,Metropolitan,Medium,,3.0,,4.0,2.0,ROSANNA,,,New/First,1,True
2026-05,Calvary Ryde Retirement Community - Mary Potter Residential Care,Calvary Aged Care Limited,Not for Profit,NSW,Northern Sydney,MM1,Metropolitan,Large,,4.0,,2.0,3.0,RYDE,,,New/First,1,True
2026-05,Calvary Rye Sands,Calvary Aged Care Limited,Not for Profit,VIC,Southern Metro,MM1,Metropolitan,Medium,,3.0,,3.0,2.0,RYE,,,New/First,1,True
2026-05,Calvary Sandhill,Calvary Aged Care Limited,Not for Profit,TAS,Northern,MM2,Regional centres,Large,,3.0,,3.0,2.0,SOUTH LAUNCESTON,,,New/First,1,True
2026-05,Calvary Sandhurst,Calvary Aged Care Limited,Not for Profit,VIC,Southern Metro,MM1,Metropolitan,Small,,,,5.0,3.0,CARRUM DOWNS,,,New/First,1,True
2026-05,Calvary Scottvale,Calvary Aged Care Limited,Not for Profit,VIC,Southern Metro,MM1,Metropolitan,Medium,,3.0,,4.0,1.0,DANDENONG,,,New/First,1,True
2026-05,Calvary Springvale,Calvary Aged Care Limited,Not for Profit,VIC,Southern Metro,MM1,Metropolitan,Small,,3.0,,4.0,4.0,SPRINGVALE,,,New/First,1,True
2026-05,Calvary St Catherine's Retirement Community,Calvary Aged Care Limited,Not for Profit,SA,Riverland,MM5,Small rural towns,Small,,3.0,,2.0,2.0,BERRI,,,New/First,1,True
2026-05,Calvary St Francis Retirement Community,Calvary Aged Care Limited,Not for Profit,NSW,Hunter,MM1,Metropolitan,Medium,,,,1.0,2.0,ELEEBANA,,,New/First,1,True
2026-05,Calvary St Joseph's Retirement Community,Calvary Aged Care Limited,Not for Profit,NSW,Hunter,MM1,Metropolitan,Large,,4.0,,1.0,1.0,SANDGATE,,,New/First,1,True
2026-05,Calvary St Judes,Calvary Aged Care Limited,Not for Profit,VIC,Southern Metro,MM1,Metropolitan,Medium,,2.0,,4.0,3.0,NARRE WARREN NORTH,,,New/First,1,True
2026-05,Calvary St Martin de Porres Retirement Community,Calvary Aged Care Limited,Not for Profit,NSW,Hunter,MM1,Metropolitan,Small,,,,3.0,1.0,WARATAH,,,New/First,1,True
2026-05,Calvary St Paul's Retirement Community,Calvary Aged Care Limited,Not for Profit,NSW,Mid North Coast,MM3,Large rural towns,Small,,3.0,,2.0,3.0,CUNDLETOWN,,,New/First,1,True
2026-05,Calvary Strzelecki House,Calvary Aged Care Limited,Not for Profit,VIC,Gippsland,MM5,Small rural towns,Small,,,,2.0,3.0,MIRBOO NORTH,,,New/First,1,True
2026-05,Calvary Tanilba Shores Retirement Community,Calvary Aged Care Limited,Not for Profit,NSW,Hunter,MM5,Small rural towns,Small,,,,2.0,3.0,TANILBA BAY,,,New/First,1,True
2026-05,Calvary The Brelsford,Calvary Aged Care Limited,Not for Profit,NSW,Mid North Coast,MM3,Large rural towns,Large,,4.0,,1.0,4.0,COFFS HARBOUR,,,New/First,1,True
2026-05,Calvary The Highbury,Calvary Aged Care Limited,Not for Profit,VIC,Eastern Metro,MM1,Metropolitan,Small,,,,4.0,2.0,GLEN WAVERLEY,,,New/First,1,True
2026-05,Calvary The Homestead,Calvary Aged Care Limited,Not for Profit,SA,Metropolitan North,MM1,Metropolitan,Medium,,3.0,,2.0,2.0,WALKLEY HEIGHTS,,,New/First,1,True
2026-05,Calvary The Mariner,Calvary Aged Care Limited,Not for Profit,NSW,Mid North Coast,MM4,Medium rural towns,Medium,,,,1.0,3.0,SOUTH WEST ROCKS,,,New/First,1,True
2026-05,Calvary The Regent,Calvary Aged Care Limited,Not for Profit,VIC,Eastern Metro,MM1,Metropolitan,Large,,3.0,,2.0,1.0,MOUNT WAVERLEY,,,New/First,1,True
2026-05,Calvary Trevu House,Calvary Aged Care Limited,Not for Profit,SA,Metropolitan North,MM1,Metropolitan,Medium,,3.0,,3.0,3.0,GAWLER EAST,,,New/First,1,True
2026-05,Calvary Trugo Place,Calvary Aged Care Limited,Not for Profit,VIC,Western Metro,MM1,Metropolitan,Large,,3.0,,3.0,1.0,NEWPORT,,,New/First,1,True
2026-05,Calvary Viewhills Manor,Calvary Aged Care Limited,Not for Profit,VIC,Southern Metro,MM1,Metropolitan,Large,,4.0,,2.0,2.0,ENDEAVOUR HILLS,,,New/First,1,True
2026-05,Calvary Vonlea Manor,Calvary Aged Care Limited,Not for Profit,VIC,Barwon-South Western,MM1,Metropolitan,Small,,,,4.0,1.0,NORLANE,,,New/First,1,True
2026-05,Camberwell Gables Care Community,DPG Services Pty Ltd,Private for Profit,VIC,Eastern Metro,MM1,Metropolitan,Medium,,3.0,4.0,,3.0,CAMBERWELL,3.0,,New/First,1,True
2026-05,Camberwell Gardens,Menarock Aged Care Services (Victoria) Pty Ltd,Private for Profit,VIC,Eastern Metro,MM1,Metropolitan,Medium,4.0,3.0,5.0,4.0,4.0,CAMBERWELL,4.0,0.0,Steady,8,True
2026-05,Camberwell Mews Care Community,DPG Services Pty Ltd,Private for Profit,VIC,Eastern Metro,MM1,Metropolitan,Small,,3.0,4.0,,3.0,CAMBERWELL EAST,4.0,,New/First,1,True
2026-05,Cameron Park Care Community,DPG Services Pty Ltd,Private for Profit,NSW,Hunter,MM1,Metropolitan,Large,,4.0,5.0,,2.0,CAMERON PARK,4.0,,New/First,1,True
2026-05,Campbell Place,Australian Unity Care Services Pty Ltd,Private for Profit,VIC,Eastern Metro,MM1,Metropolitan,Medium,4.0,4.0,5.0,3.0,3.0,GLEN WAVERLEY,4.0,0.0,Steady,8,True
2026-05,Canberra Aged Care Facility,Fresh Fields Aged Care (NSW) - No 1 Pty Ltd,Private for Profit,ACT,ACT,MM1,Metropolitan,Medium,,2.0,,3.0,3.0,LYNEHAM,,,New/First,1,True
2026-05,Canberra Nursing Home,Clendon Care Pty Ltd,Private for Profit,NSW,Western Sydney,MM1,Metropolitan,Medium,4.0,3.0,5.0,5.0,3.0,LIDCOMBE,4.0,0.0,Steady,10,True
2026-05,Canterbury Place Care Community,DPG Services Pty Ltd,Private for Profit,NSW,Inner West,MM1,Metropolitan,Medium,,4.0,5.0,,3.0,CAMPSIE,4.0,,New/First,1,True
2026-05,Capecare,Ray Village Aged Services Inc,Not for Profit,WA,South West,MM3,Large rural towns,Large,3.0,3.0,5.0,2.0,2.0,BROADWATER,4.0,-1.0,Declined,1,True
2026-05,Capecare Dunsborough,Ray Village Aged Services Inc,Not for Profit,WA,South West,MM3,Large rural towns,Medium,3.0,3.0,5.0,1.0,2.0,DUNSBOROUGH,4.0,-1.0,Declined,1,True
2026-05,Capricorn Adventist Retirement Village,Seventh-Day Adventist Aged Care (South Queensland) Ltd,Not for Profit,QLD,Fitzroy,MM3,Large rural towns,Medium,4.0,4.0,5.0,4.0,3.0,YEPPOON,4.0,0.0,Steady,2,True
2026-05,Caravonica Waters,IC (Cairns) Pty Ltd,Private for Profit,QLD,Far North,MM2,Regional centres,Large,4.0,4.0,5.0,2.0,3.0,CARAVONICA,4.0,0.0,Steady,4,True
2026-05,Cardinal Stepinac Village,Australian-Croatian Cardinal Stepinac Association Limited,Not for Profit,NSW,South West Sydney,MM1,Metropolitan,Large,4.0,4.0,5.0,4.0,4.0,ST JOHNS PARK,4.0,0.0,Steady,13,True
2026-05,Cardinia Community Aged Care,Luson Aged Care Pty Ltd,Not for Profit,VIC,Southern Metro,MM1,Metropolitan,Large,3.0,3.0,4.0,3.0,3.0,OFFICER,3.0,0.0,Steady,2,True
2026-05,Carine Parkside Care Community,DPG Services Pty Ltd,Private for Profit,WA,Metropolitan North,MM1,Metropolitan,Large,,3.0,4.0,,1.0,CARINE,3.0,,New/First,1,True
2026-05,Carinity Brownesholme Manor,The Baptist Union of Queensland,Not for Profit,QLD,Darling Downs,MM2,Regional centres,Medium,4.0,4.0,5.0,3.0,5.0,HIGHFIELDS,4.0,0.0,Steady,13,True
2026-05,Carinity Cedarbrook,The Baptist Union of Queensland,Not for Profit,QLD,South Coast,MM1,Metropolitan,Medium,4.0,4.0,5.0,3.0,5.0,MUDGEERABA,4.0,0.0,Steady,8,True
2026-05,Carinity Clifford House,The Baptist Union of Queensland,Not for Profit,QLD,Brisbane North,MM1,Metropolitan,Small,4.0,3.0,5.0,5.0,3.0,WOOLOOWIN,4.0,0.0,Steady,12,True
2026-05,Carinity Colthup Manor,The Baptist Union of Queensland,Not for Profit,QLD,West Moreton,MM1,Metropolitan,Medium,5.0,5.0,5.0,5.0,5.0,IPSWICH,5.0,0.0,Steady,3,True
2026-05,Carinity Fairfield Grange,The Baptist Union of Queensland,Not for Profit,QLD,Northern,MM2,Regional centres,Medium,3.0,3.0,5.0,3.0,1.0,IDALIA,4.0,-1.0,Declined,1,True
2026-05,Carinity Hilltop,The Baptist Union of Queensland,Not for Profit,QLD,Brisbane North,MM1,Metropolitan,Medium,4.0,3.0,5.0,5.0,5.0,KELVIN GROVE,4.0,0.0,Steady,9,True
2026-05,Carinity Karinya Place,The Baptist Union of Queensland,Not for Profit,QLD,West Moreton,MM5,Small rural towns,Small,3.0,3.0,5.0,2.0,2.0,LAIDLEY,4.0,-1.0,Declined,1,True
2026-05,Carinity Kepnock Grove,The Baptist Union of Queensland,Not for Profit,QLD,Wide Bay,MM2,Regional centres,Small,4.0,4.0,5.0,5.0,3.0,BUNDABERG,5.0,-1.0,Declined,1,True
2026-05,Carinity Shalom,The Baptist Union of Queensland,Not for Profit,QLD,Fitzroy,MM2,Regional centres,Small,3.0,4.0,5.0,2.0,1.0,KAWANA,4.0,-1.0,Declined,1,True
2026-05,Carinity Wishart Gardens,The Baptist Union of Queensland,Not for Profit,QLD,Brisbane South,MM1,Metropolitan,Medium,4.0,4.0,5.0,2.0,2.0,WISHART,4.0,0.0,Steady,13,True
2026-05,Carino Care at Oatley,Carino Care Pty Ltd,Private for Profit,NSW,South East Sydney,MM1,Metropolitan,Medium,4.0,3.0,5.0,4.0,5.0,OATLEY,4.0,0.0,Steady,3,True
2026-05,Carino Care at Rockdale,Carino Care Pty Ltd,Private for Profit,NSW,South East Sydney,MM1,Metropolitan,Small,4.0,4.0,5.0,3.0,3.0,BANKSIA,4.0,0.0,Steady,4,True
2026-05,Carino Care at Russell Lea,Carino Care Pty Ltd,Private for Profit,NSW,Inner West,MM1,Metropolitan,Small,4.0,4.0,5.0,3.0,3.0,RUSSELL LEA,4.0,0.0,Steady,4,True
2026-05,Carino Care at Sylvania,Carino Care Pty Ltd,Private for Profit,NSW,South East Sydney,MM1,Metropolitan,Medium,4.0,4.0,5.0,3.0,2.0,SYLVANIA,4.0,0.0,Steady,4,True
2026-05,Carinya Home For The Aged,Carinya Home for the Aged,Not for Profit,QLD,Far North,MM4,Medium rural towns,Large,4.0,4.0,5.0,4.0,3.0,ATHERTON,4.0,0.0,Steady,13,True
2026-05,Carinya House,Christian Community Services,Not for Profit,NSW,Western Sydney,MM1,Metropolitan,Small,4.0,4.0,5.0,3.0,3.0,GLENHAVEN,4.0,0.0,Steady,3,True
2026-05,Carinya Lodge Hostel,CARINYA LODGE HOMES INC.,Not for Profit,VIC,Gippsland,MM5,Small rural towns,Small,4.0,4.0,5.0,2.0,3.0,KORUMBURRA,4.0,0.0,Steady,3,True
2026-05,Carinya Nursing Home (Frankston Extended Care),Bayside Health,Government,VIC,Southern Metro,MM1,Metropolitan,Small,,,5.0,5.0,4.0,CAPEL SOUND,,,New/First,1,True
2026-05,Carinya Of Bicton,Pu-Fam Pty Ltd,Private for Profit,WA,Metropolitan South West,MM1,Metropolitan,Small,3.0,3.0,3.0,5.0,2.0,BICTON,3.0,0.0,Steady,4,True
2026-05,Carinya Of Bristol,Pu-Fam Pty Ltd,Private for Profit,WA,Metropolitan South West,MM1,Metropolitan,Small,4.0,3.0,4.0,5.0,3.0,BICTON,4.0,0.0,Steady,5,True
2026-05,Carmel Roshana Care,Burswood Care Pty Ltd,Private for Profit,WA,Metropolitan East,MM1,Metropolitan,Large,4.0,3.0,5.0,4.0,2.0,CARMEL,4.0,0.0,Steady,2,True
2026-05,Carmelite Residential Care,Southern Cross Care (SA NT & VIC) Incorporated,Not for Profit,SA,Metropolitan East,MM1,Metropolitan,Medium,4.0,3.0,5.0,2.0,4.0,MYRTLE BANK,4.0,0.0,Steady,13,True
2026-05,Caroline Chisholm Nursing Home,Fresh Fields Aged Care (NSW) - No 1 Pty Ltd,Private for Profit,NSW,Northern Sydney,MM1,Metropolitan,Small,3.0,3.0,4.0,2.0,3.0,LANE COVE,3.0,0.0,Steady,10,True
2026-05,Carpenter Court Aged Care Plus Centre,The Salvation Army (NSW) Property Trust,Not for Profit,NSW,Hunter,MM1,Metropolitan,Small,4.0,4.0,5.0,4.0,4.0,MEREWETHER,4.0,0.0,Steady,10,True
2026-05,Carramar Aged Care,NoosaCare Inc,Not for Profit,QLD,Sunshine Coast,MM1,Metropolitan,Large,4.0,4.0,5.0,3.0,1.0,TEWANTIN,4.0,0.0,Steady,4,True
2026-05,Carrum Downs Aged Care,Aged Care Group Pty Ltd,Private for Profit,VIC,Southern Metro,MM1,Metropolitan,Small,3.0,3.0,5.0,2.0,3.0,CARRUM DOWNS,4.0,-1.0,Declined,1,True
2026-05,Carrum Downs Private Nursing Home,Merakis Enterprises Pty Ltd,Private for Profit,VIC,Southern Metro,MM1,Metropolitan,Small,4.0,4.0,5.0,5.0,2.0,CARRUM DOWNS,4.0,0.0,Steady,8,True
2026-05,Carseldine Greens Care Community,DPG Services Pty Ltd,Private for Profit,QLD,Brisbane North,MM1,Metropolitan,Large,,3.0,5.0,,3.0,CARSELDINE,4.0,,New/First,1,True
2026-05,Carshalton House Hostel,Bendigo Health Care Group,Government,VIC,Loddon-Mallee,MM2,Regional centres,Small,4.0,4.0,5.0,4.0,3.0,GOLDEN SQUARE,4.0,0.0,Steady,10,True
2026-05,Casa Mia Aged Care Centre,IC (PADSTOW) PTY LTD,Private for Profit,NSW,South West Sydney,MM1,Metropolitan,Medium,4.0,3.0,5.0,3.0,4.0,PADSTOW,3.0,1.0,Improved,1,True
2026-05,Casey Aged Care,Aged Care Group Pty Ltd,Private for Profit,VIC,Southern Metro,MM1,Metropolitan,Large,3.0,3.0,5.0,2.0,2.0,NARRE WARREN,3.0,0.0,Steady,2,True
2026-05,Casey Manor,Aged Care Group Pty Ltd,Private for Profit,VIC,Southern Metro,MM1,Metropolitan,Small,4.0,3.0,5.0,2.0,4.0,NARRE WARREN SOUTH,3.0,1.0,Improved,1,True
2026-05,Casson House,Casson Homes Incorporated,Not for Profit,WA,Metropolitan East,MM1,Metropolitan,Small,4.0,3.0,5.0,5.0,3.0,NORTH PERTH,4.0,0.0,Steady,7,True
2026-05,Casterton Memorial Hospital Nursing Home,Western District Health Service,Government,VIC,Barwon-South Western,MM5,Small rural towns,Small,,,,,,CASTERTON,4.0,,New/First,1,True
2026-05,Castle Hill Aged Care Home,Elderly Australian Chinese Homes (NSW) Co-operative Limited,Not for Profit,NSW,Western Sydney,MM1,Metropolitan,Small,4.0,4.0,5.0,5.0,3.0,CASTLE HILL,5.0,-1.0,Declined,1,True
2026-05,Castledare Retirement Village,Catholic Homes Incorporated,Not for Profit,WA,Metropolitan South East,MM1,Metropolitan,Medium,4.0,4.0,5.0,3.0,2.0,WILSON,4.0,0.0,Steady,13,True
2026-05,Castlemaine Health,Dhelkaya Health,Government,VIC,Loddon-Mallee,MM4,Medium rural towns,Large,4.0,4.0,5.0,5.0,3.0,CASTLEMAINE,4.0,0.0,Steady,5,True
2026-05,Catholic Healthcare Bethlehem House,Catholic Healthcare Limited,Not for Profit,NSW,South East Sydney,MM1,Metropolitan,Small,5.0,4.0,5.0,5.0,5.0,KOGARAH,4.0,1.0,Improved,1,True
2026-05,Catholic Healthcare Blakeney Lodge,Catholic Healthcare Limited,Not for Profit,NSW,Riverina/Murray,MM4,Medium rural towns,Small,5.0,4.0,5.0,5.0,5.0,TUMUT,4.0,1.0,Improved,1,True
2026-05,Catholic Healthcare Bodington,Catholic Healthcare Limited,Not for Profit,NSW,Nepean,MM1,Metropolitan,Large,4.0,3.0,5.0,3.0,3.0,WENTWORTH FALLS,3.0,1.0,Improved,1,True
2026-05,Catholic Healthcare Brigidine House,Catholic Healthcare Limited,Not for Profit,NSW,South East Sydney,MM1,Metropolitan,Small,5.0,4.0,5.0,5.0,4.0,RANDWICK,4.0,1.0,Improved,1,True
2026-05,Catholic Healthcare Charles O'Neill Hostel,Catholic Healthcare Limited,Not for Profit,NSW,Hunter,MM1,Metropolitan,Medium,4.0,3.0,5.0,3.0,4.0,MAYFIELD,4.0,0.0,Steady,10,True
2026-05,Catholic Healthcare Coolamon Villa,Catholic Healthcare Limited,Not for Profit,NSW,Far North Coast,MM5,Small rural towns,Small,4.0,4.0,5.0,2.0,3.0,MULLUMBIMBY,4.0,0.0,Steady,3,True
2026-05,Catholic Healthcare Emmaus Village,Catholic Healthcare Limited,Not for Profit,NSW,Nepean,MM1,Metropolitan,Medium,4.0,4.0,4.0,3.0,3.0,KEMPS CREEK,4.0,0.0,Steady,7,True
2026-05,Catholic Healthcare George Mockler Hostel,Catholic Healthcare Limited,Not for Profit,NSW,Northern Sydney,MM1,Metropolitan,Small,4.0,4.0,5.0,4.0,5.0,MONA VALE,4.0,0.0,Steady,5,True
2026-05,Catholic Healthcare Gertrude Abbott Aged Care,Catholic Healthcare Limited,Not for Profit,NSW,South East Sydney,MM1,Metropolitan,Medium,4.0,3.0,5.0,3.0,3.0,DARLINGHURST,4.0,0.0,Steady,12,True
2026-05,Catholic Healthcare Holy Cross Kincumber,Catholic Healthcare Limited,Not for Profit,NSW,Central Coast,MM1,Metropolitan,Medium,,,,,,KINCUMBER,,,New/First,1,True
2026-05,Catholic Healthcare Holy Spirit Aged Care,Catholic Healthcare Limited,Not for Profit,NSW,South West Sydney,MM1,Metropolitan,Small,4.0,4.0,5.0,3.0,3.0,REVESBY,4.0,0.0,Steady,5,True
2026-05,Catholic Healthcare Holy Spirit Casula,Catholic Healthcare Limited,Not for Profit,NSW,South West Sydney,MM1,Metropolitan,Large,4.0,4.0,5.0,3.0,4.0,CASULA,4.0,0.0,Steady,10,True
2026-05,Catholic Healthcare Holy Spirit Croydon,Catholic Healthcare Limited,Not for Profit,NSW,Inner West,MM1,Metropolitan,Large,4.0,4.0,5.0,3.0,3.0,CROYDON,4.0,0.0,Steady,4,True
2026-05,Catholic Healthcare Holy Spirit Dubbo,Catholic Healthcare Limited,Not for Profit,NSW,Orana Far West,MM3,Large rural towns,Small,4.0,4.0,5.0,3.0,5.0,DUBBO,4.0,0.0,Steady,8,True
2026-05,Catholic Healthcare Jemalong Residential Village,Catholic Healthcare Limited,Not for Profit,NSW,Central West,MM4,Medium rural towns,Medium,4.0,4.0,5.0,2.0,3.0,FORBES,4.0,0.0,Steady,7,True
2026-05,Catholic Healthcare Lewisham Nursing Home,Catholic Healthcare Limited,Not for Profit,NSW,Inner West,MM1,Metropolitan,Small,4.0,4.0,5.0,4.0,5.0,LEWISHAM,4.0,0.0,Steady,2,True
2026-05,Catholic Healthcare Lewisham Retirement Hostel,Catholic Healthcare Limited,Not for Profit,NSW,Inner West,MM1,Metropolitan,Small,5.0,5.0,5.0,3.0,5.0,LEWISHAM,5.0,0.0,Steady,2,True
2026-05,Catholic Healthcare Macquarie Care Centre,Catholic Healthcare Limited,Not for Profit,NSW,Central West,MM3,Large rural towns,Small,4.0,4.0,5.0,3.0,3.0,BATHURST,4.0,0.0,Steady,2,True
2026-05,Catholic Healthcare Maranatha Lodge,Catholic Healthcare Limited,Not for Profit,NSW,Southern Highlands,MM4,Medium rural towns,Medium,4.0,5.0,5.0,4.0,3.0,BATEHAVEN,5.0,-1.0,Declined,1,True
2026-05,Catholic Healthcare McQuoin Park,Catholic Healthcare Limited,Not for Profit,NSW,Northern Sydney,MM1,Metropolitan,Large,4.0,3.0,5.0,3.0,3.0,WAHROONGA,4.0,0.0,Steady,7,True
2026-05,Catholic Healthcare Our Lady of Loreto Gardens,Catholic Healthcare Limited,Not for Profit,NSW,Central Coast,MM1,Metropolitan,Small,4.0,4.0,5.0,3.0,3.0,HAMLYN TERRACE,4.0,0.0,Steady,8,True
2026-05,Catholic Healthcare Percy Miles Villa,Catholic Healthcare Limited,Not for Profit,NSW,South East Sydney,MM1,Metropolitan,Small,4.0,3.0,5.0,4.0,4.0,KIRRAWEE,4.0,0.0,Steady,13,True
2026-05,Catholic Healthcare St Anne's Aged Care,Catholic Healthcare Limited,Not for Profit,NSW,Northern Sydney,MM1,Metropolitan,Small,4.0,3.0,5.0,4.0,4.0,HUNTERS HILL,4.0,0.0,Steady,9,True
2026-05,Catholic Healthcare St Bedes Home,Catholic Healthcare Limited,Not for Profit,NSW,South East Sydney,MM1,Metropolitan,Small,4.0,5.0,5.0,3.0,3.0,SOUTH HURSTVILLE,4.0,0.0,Steady,2,True
2026-05,Catholic Healthcare St Catherine's Aged Care,Catholic Healthcare Limited,Not for Profit,NSW,Central West,MM3,Large rural towns,Large,3.0,3.0,5.0,2.0,3.0,GORMANS HILL,4.0,-1.0,Declined,1,True
2026-05,Catholic Healthcare St Francis Aged Care,Catholic Healthcare Limited,Not for Profit,NSW,Far North Coast,MM3,Large rural towns,Small,,5.0,5.0,4.0,,GRAFTON,5.0,,New/First,1,True
2026-05,Catholic Healthcare St Francis Aged Care,Catholic Healthcare Limited,Not for Profit,NSW,Central West,MM3,Large rural towns,Small,4.0,4.0,5.0,5.0,3.0,ORANGE,,,New/First,1,True
2026-05,Catholic Healthcare St James Villa,Catholic Healthcare Limited,Not for Profit,NSW,South East Sydney,MM1,Metropolitan,Small,4.0,3.0,5.0,4.0,4.0,MATRAVILLE,4.0,0.0,Steady,2,True
2026-05,Catholic Healthcare St John's Villa,Catholic Healthcare Limited,Not for Profit,NSW,Hunter,MM1,Metropolitan,Small,4.0,4.0,5.0,4.0,3.0,NEW LAMBTON,4.0,0.0,Steady,11,True
2026-05,Catholic Healthcare St Joseph Aged Care,Catholic Healthcare Limited,Not for Profit,NSW,Northern Sydney,MM1,Metropolitan,Small,4.0,5.0,5.0,3.0,4.0,HUNTERS HILL,5.0,-1.0,Declined,1,True
2026-05,Catholic Healthcare St Joseph's Aged Care,Catholic Healthcare Limited,Not for Profit,NSW,Mid North Coast,MM3,Large rural towns,Large,4.0,3.0,5.0,4.0,3.0,COFFS HARBOUR,4.0,0.0,Steady,11,True
2026-05,Catholic Healthcare St Mary's Retirement Village,Catholic Healthcare Limited,Not for Profit,NSW,Illawarra,MM1,Metropolitan,Small,5.0,4.0,5.0,5.0,4.0,BERKELEY,4.0,1.0,Improved,1,True
2026-05,Catholic Healthcare St Paul's Residential Aged Care,Catholic Healthcare Limited,Not for Profit,NSW,Northern Sydney,MM1,Metropolitan,Small,5.0,4.0,5.0,5.0,5.0,NORTHBRIDGE,4.0,1.0,Improved,1,True
2026-05,Catholic Healthcare St Peter's Lane Cove North,Catholic Healthcare Limited,Not for Profit,NSW,Northern Sydney,MM1,Metropolitan,Medium,4.0,4.0,5.0,3.0,4.0,LANE COVE NORTH,4.0,0.0,Steady,8,True
2026-05,Catholic Healthcare The Haven Residential Aged Care,Catholic Healthcare Limited,Not for Profit,NSW,Riverina/Murray,MM3,Large rural towns,Large,5.0,4.0,5.0,5.0,4.0,WAGGA WAGGA,4.0,1.0,Improved,1,True
2026-05,Catholic Healthcare The Sister Anne Court Aged Care,Catholic Healthcare Limited,Not for Profit,NSW,South East Sydney,MM1,Metropolitan,Medium,4.0,3.0,5.0,4.0,2.0,DARLINGHURST,4.0,0.0,Steady,7,True
2026-05,Catholic Healthcare Villa Maria Centre,Catholic Healthcare Limited,Not for Profit,NSW,Illawarra,MM1,Metropolitan,Medium,4.0,4.0,5.0,3.0,4.0,UNANDERRA,4.0,0.0,Steady,4,True
2026-05,Catholic Healthcare Vincentian Aged Care Service,Catholic Healthcare Limited,Not for Profit,NSW,South East Sydney,MM1,Metropolitan,Small,5.0,4.0,5.0,5.0,5.0,DARLINGHURST,5.0,0.0,Steady,2,True
2026-05,Caulfield Horizons Care Community,DPG Services Pty Ltd,Private for Profit,VIC,Southern Metro,MM1,Metropolitan,Small,,5.0,4.0,,2.0,CAULFIELD NORTH,4.0,,New/First,1,True
2026-05,Centennial Lodge,Royal Freemasons Ltd,Not for Profit,VIC,Eastern Metro,MM1,Metropolitan,Medium,4.0,3.0,5.0,3.0,3.0,WANTIRNA SOUTH,4.0,0.0,Steady,2,True
2026-05,Central & Upper Burnett District Home for the Aged Nursing Home,The Central & Upper Burnett District Home for the Aged,Not for Profit,QLD,Wide Bay,MM5,Small rural towns,Small,4.0,4.0,5.0,5.0,3.0,GAYNDAH,4.0,0.0,Steady,12,True
2026-05,Chaffey House,Respect Group Limited,Not for Profit,VIC,Loddon-Mallee,MM3,Large rural towns,Medium,,,,,,MERBEIN,,,New/First,1,True
2026-05,Chamberlain Gardens Aged Care,IC (WYOMING) PTY LTD,Private for Profit,NSW,Central Coast,MM1,Metropolitan,Large,4.0,4.0,5.0,2.0,3.0,WYOMING,4.0,0.0,Steady,4,True
2026-05,Charingfield,APOLLO CARE OPERATIONS PTY LIMITED,Private for Profit,NSW,South East Sydney,MM1,Metropolitan,Small,4.0,3.0,5.0,2.0,4.0,WAVERLEY,4.0,0.0,Steady,7,True
2026-05,Charla Lodge,Limestone Coast Local Health Network Incorporated,Government,SA,South East,MM5,Small rural towns,Small,4.0,4.0,5.0,5.0,1.0,BORDERTOWN,4.0,0.0,Steady,2,True
2026-05,Charles Brownlow Retirement Village,Ryman Aged Care (Australia) Pty Ltd,Private for Profit,VIC,Barwon-South Western,MM1,Metropolitan,Medium,4.0,4.0,5.0,2.0,3.0,HIGHTON,4.0,0.0,Steady,13,True
2026-05,Charles Chambers Court,Mission Australia,Not for Profit,NSW,South East Sydney,MM1,Metropolitan,Small,4.0,4.0,5.0,3.0,5.0,SURRY HILLS,4.0,0.0,Steady,12,True
2026-05,Charlton Aged Care,East Wimmera Health Service,Government,VIC,Loddon-Mallee,MM5,Small rural towns,Small,5.0,4.0,5.0,5.0,5.0,CHARLTON,5.0,0.0,Steady,2,True
2026-05,Chelsea Manor Care Community,DPG Services Pty Ltd,Private for Profit,VIC,Southern Metro,MM1,Metropolitan,Medium,,4.0,4.0,,2.0,CHELSEA,4.0,,New/First,1,True
2026-05,Chelsea Parkside Care Community,DPG Services Pty Ltd,Private for Profit,VIC,Southern Metro,MM1,Metropolitan,Small,,3.0,4.0,,2.0,CHELSEA,3.0,,New/First,1,True
2026-05,Cheltenham House Aged Care Facility,Thompson Health Care Pty Ltd,Private for Profit,NSW,Northern Sydney,MM1,Metropolitan,Medium,4.0,4.0,5.0,3.0,3.0,BEECROFT,4.0,0.0,Steady,5,True
2026-05,Cheltenham Manor,Aged Care Group Pty Ltd,Private for Profit,VIC,Southern Metro,MM1,Metropolitan,Large,,4.0,,,,CHELTENHAM,,,New/First,1,True
2026-05,Cheltenham Parkside Care Community,DPG Services Pty Ltd,Private for Profit,VIC,Southern Metro,MM1,Metropolitan,Small,,3.0,4.0,,3.0,CHELTENHAM,3.0,,New/First,1,True
2026-05,Cherrybrook Christian Care Centre,Christian Community Services,Not for Profit,NSW,Northern Sydney,MM1,Metropolitan,Large,3.0,3.0,5.0,3.0,2.0,CHERRYBROOK,4.0,-1.0,Declined,1,True
2026-05,Chestnut Gardens Aged Care Home,Monash Health,Government,VIC,Southern Metro,MM1,Metropolitan,Medium,4.0,4.0,5.0,5.0,1.0,DOVETON,4.0,0.0,Steady,12,True
2026-05,Chirnside Views,Norsan Pty Ltd,Private for Profit,VIC,Eastern Metro,MM1,Metropolitan,Large,4.0,3.0,5.0,5.0,5.0,CHIRNSIDE PARK,4.0,0.0,Steady,6,True
2026-05,Chiswick Manor Care Community,DPG Services Pty Ltd,Private for Profit,NSW,Inner West,MM1,Metropolitan,Large,,3.0,5.0,,4.0,CHISWICK,4.0,,New/First,1,True
2026-05,Chow Cho-Poon Nursing Home,Australian Nursing Home Foundation Limited,Not for Profit,NSW,Inner West,MM1,Metropolitan,Small,4.0,3.0,5.0,2.0,5.0,EARLWOOD,5.0,-1.0,Declined,1,True
2026-05,Christies Beach Residential Care Services,Hahndorf Holdings Pty Ltd,Private for Profit,SA,Metropolitan South,MM1,Metropolitan,Medium,3.0,3.0,5.0,2.0,1.0,CHRISTIES BEACH,4.0,-1.0,Declined,1,True
2026-05,Christophorus House Hostel,Christophorus House Retirement Village,Not for Profit,NSW,Northern Sydney,MM1,Metropolitan,Small,,4.0,4.0,,4.0,HORNSBY,4.0,,New/First,1,True
2026-05,Churches of Christ Arcadia Aged Care Service,Churches of Christ in Queensland,Not for Profit,VIC,Western Metro,MM1,Metropolitan,Medium,4.0,3.0,5.0,5.0,3.0,ESSENDON,4.0,0.0,Steady,12,True
2026-05,Churches of Christ Bribie Aged Care Service,Churches of Christ in Queensland,Not for Profit,QLD,Cabool,MM2,Regional centres,Large,3.0,3.0,4.0,3.0,2.0,BONGAREE,3.0,0.0,Steady,2,True
2026-05,Churches of Christ Brig-o-doon Aged Care Service,Churches of Christ in Queensland,Not for Profit,QLD,Brisbane South,MM1,Metropolitan,Medium,4.0,4.0,5.0,4.0,3.0,ACACIA RIDGE,4.0,0.0,Steady,7,True
2026-05,Churches of Christ Buckingham Gardens Aged Care Service,Churches of Christ in Queensland,Not for Profit,QLD,Brisbane South,MM1,Metropolitan,Small,4.0,3.0,5.0,3.0,3.0,ALEXANDRA HILLS,4.0,0.0,Steady,4,True
2026-05,Churches of Christ Clive Burdeu Aged Care Service,Churches of Christ in Queensland,Not for Profit,QLD,Logan River Valley,MM1,Metropolitan,Medium,4.0,4.0,5.0,4.0,2.0,HILLCREST,4.0,0.0,Steady,7,True
2026-05,Churches of Christ Crows Nest Aged Care Service,Churches of Christ in Queensland,Not for Profit,QLD,Darling Downs,MM5,Small rural towns,Medium,4.0,4.0,5.0,2.0,2.0,CROWS NEST,4.0,0.0,Steady,5,True
2026-05,Churches of Christ Fair Haven Aged Care Service Hervey Bay,Churches of Christ in Queensland,Not for Profit,QLD,Wide Bay,MM2,Regional centres,Medium,4.0,4.0,5.0,4.0,3.0,URRAWEEN,4.0,0.0,Steady,4,True
2026-05,Churches of Christ Fair Haven Aged Care Service Maryborough,Churches of Christ in Queensland,Not for Profit,QLD,Wide Bay,MM3,Large rural towns,Medium,3.0,4.0,5.0,1.0,2.0,MARYBOROUGH,3.0,0.0,Steady,2,True
2026-05,Churches of Christ Fassifern Aged Care Service,Churches of Christ in Queensland,Not for Profit,QLD,West Moreton,MM5,Small rural towns,Large,4.0,4.0,5.0,3.0,2.0,BOONAH,4.0,0.0,Steady,4,True
2026-05,Churches of Christ Golden Age Aged Care Service,Churches of Christ in Queensland,Not for Profit,QLD,South Coast,MM1,Metropolitan,Medium,4.0,4.0,5.0,3.0,3.0,SOUTHPORT,4.0,0.0,Steady,6,True
2026-05,Churches of Christ Gracehaven Aged Care Service,Churches of Christ in Queensland,Not for Profit,QLD,Wide Bay,MM2,Regional centres,Large,4.0,4.0,5.0,2.0,3.0,BUNDABERG,4.0,0.0,Steady,6,True
2026-05,Churches of Christ Homesteads Aged Care Service,Churches of Christ in Queensland,Not for Profit,QLD,South Coast,MM1,Metropolitan,Small,4.0,3.0,5.0,3.0,3.0,NERANG,4.0,0.0,Steady,10,True
2026-05,Churches of Christ Kolan Gardens Aged Care Service,Churches of Christ in Queensland,Not for Profit,QLD,Wide Bay,MM5,Small rural towns,Small,5.0,5.0,5.0,5.0,3.0,GIN GIN,4.0,1.0,Improved,1,True
2026-05,Churches of Christ Lady Small Haven Aged Care Service,Churches of Christ in Queensland,Not for Profit,QLD,South Coast,MM1,Metropolitan,Medium,4.0,4.0,5.0,3.0,3.0,BENOWA,4.0,0.0,Steady,11,True
2026-05,Churches of Christ Little Mountain Aged Care Service,Churches of Christ in Queensland,Not for Profit,QLD,Sunshine Coast,MM1,Metropolitan,Medium,4.0,3.0,5.0,3.0,3.0,LITTLE MOUNTAIN,4.0,0.0,Steady,13,True
2026-05,Churches of Christ Moonah Park Aged Care Service,Churches of Christ in Queensland,Not for Profit,QLD,Brisbane North,MM1,Metropolitan,Medium,4.0,4.0,5.0,3.0,2.0,MITCHELTON,4.0,0.0,Steady,13,True
2026-05,Churches of Christ Oak Towers Aged Care Service,Churches of Christ in Queensland,Not for Profit,VIC,Eastern Metro,MM1,Metropolitan,Large,4.0,3.0,5.0,5.0,3.0,OAKLEIGH,4.0,0.0,Steady,9,True
2026-05,Churches of Christ Palms Aged Care Service,Churches of Christ in Queensland,Not for Profit,QLD,Northern,MM5,Small rural towns,Small,4.0,4.0,5.0,4.0,2.0,INGHAM,4.0,0.0,Steady,10,True
2026-05,Churches of Christ Rockingham Aged Care Service,Churches of Christ in Queensland,Not for Profit,QLD,Far North,MM5,Small rural towns,Small,4.0,4.0,5.0,2.0,2.0,CARDWELL,4.0,0.0,Steady,7,True
2026-05,Churches of Christ Stanthorpe Aged Care Service,Churches of Christ in Queensland,Not for Profit,QLD,Darling Downs,MM5,Small rural towns,Large,4.0,4.0,5.0,2.0,3.0,STANTHORPE,4.0,0.0,Steady,13,True
2026-05,Churches of Christ Toowoomba Aged Care Service,Churches of Christ in Queensland,Not for Profit,QLD,Darling Downs,MM2,Regional centres,Medium,4.0,4.0,5.0,2.0,2.0,KEARNEYS SPRING,4.0,0.0,Steady,6,True
2026-05,Churches of Christ Warrawee Aged Care Service,Churches of Christ in Queensland,Not for Profit,QLD,South West,MM6,Remote communities,Small,5.0,4.0,5.0,5.0,4.0,ST GEORGE,4.0,1.0,Improved,1,True
2026-05,Churches of Christ Warwick Aged Care Service,Churches of Christ in Queensland,Not for Profit,QLD,Darling Downs,MM4,Medium rural towns,Large,4.0,4.0,5.0,3.0,1.0,WARWICK,4.0,0.0,Steady,9,True
2026-05,Clarence Estate Residential Health and Aged Care,Fresh Fields Aged Care Pty Ltd,Private for Profit,WA,Great Southern,MM3,Large rural towns,Medium,3.0,3.0,4.0,2.0,3.0,SPENCER PARK,3.0,0.0,Steady,2,True
2026-05,Clarendon Grange Hostel,Wickro Pty Ltd,Private for Profit,VIC,Eastern Metro,MM1,Metropolitan,Small,5.0,5.0,5.0,4.0,5.0,WANTIRNA,4.0,1.0,Improved,1,True
2026-05,Clarinda on the Park,Anglican Aged Care Services Group,Not for Profit,VIC,Southern Metro,MM1,Metropolitan,Medium,4.0,3.0,5.0,5.0,4.0,CLARINDA,4.0,0.0,Steady,6,True
2026-05,Clelland Lodge,The Churches of Christ Property Trust,Not for Profit,NSW,Illawarra,MM3,Large rural towns,Large,4.0,4.0,5.0,3.0,2.0,NORTH NOWRA,4.0,0.0,Steady,5,True
2026-05,Clifton Nursing Home,Clifton Co-Op Hospital Ltd,Not for Profit,QLD,Darling Downs,MM5,Small rural towns,Small,,4.0,5.0,,2.0,CLIFTON,4.0,,New/First,1,True
2026-05,Clifton Views,TLC Melbourne Pty Ltd,Private for Profit,VIC,Northern Metro,MM1,Metropolitan,Large,4.0,4.0,5.0,2.0,3.0,FITZROY NORTH,4.0,0.0,Steady,2,True
2026-05,Clovelly Cottage,IC (Victoria) Pty Ltd,Private for Profit,VIC,Eastern Metro,MM1,Metropolitan,Large,,,,,,BORONIA,4.0,,New/First,1,True
2026-05,Clover Lea Nursing Home,Fresh Fields Management (NSW) Pty Ltd,Private for Profit,NSW,Inner West,MM1,Metropolitan,Small,4.0,5.0,5.0,2.0,3.0,BURWOOD HEIGHTS,5.0,-1.0,Declined,1,True
2026-05,Coates,Respect Group Limited,Not for Profit,VIC,Grampians,MM5,Small rural towns,Small,4.0,4.0,5.0,1.0,5.0,ST ARNAUD,4.0,0.0,Steady,7,True
2026-05,Cobden District Health Services,Cobden District Health Services Inc,Not for Profit,VIC,Barwon-South Western,MM5,Small rural towns,Small,4.0,4.0,5.0,3.0,4.0,COBDEN,4.0,0.0,Steady,2,True
2026-05,Coffs Harbour Grange Care Community,DPG Services Pty Ltd,Private for Profit,NSW,Mid North Coast,MM3,Large rural towns,Large,,3.0,5.0,,1.0,COFFS HARBOUR,4.0,,New/First,1,True
2026-05,Coffs Harbour Legacy Nursing Home,Coffs Harbour Legacy Welfare Fund,Not for Profit,NSW,Mid North Coast,MM3,Large rural towns,Small,4.0,3.0,5.0,4.0,3.0,COFFS HARBOUR,4.0,0.0,Steady,2,True
2026-05,Coffs Haven Residential Care Service,The Churches of Christ Property Trust,Not for Profit,NSW,Mid North Coast,MM3,Large rural towns,Medium,4.0,4.0,5.0,2.0,3.0,NORTH BOAMBEE VALLEY,4.0,0.0,Steady,4,True
2026-05,Cohuna District Nursing Home,Cohuna District Hospital,Government,VIC,Loddon-Mallee,MM5,Small rural towns,Small,,5.0,5.0,,5.0,COHUNA,5.0,,New/First,1,True
2026-05,Cohuna Village,Respect Group Limited,Not for Profit,VIC,Loddon-Mallee,MM5,Small rural towns,Small,4.0,4.0,5.0,2.0,3.0,COHUNA,4.0,0.0,Steady,8,True
2026-05,Columbia Aged Care Services - Oberon Village,Columbia Nursing Homes Pty Ltd,Private for Profit,NSW,Central West,MM5,Small rural towns,Small,4.0,4.0,5.0,4.0,3.0,OBERON,4.0,0.0,Steady,7,True
2026-05,Columbia Aged Care Services - Strathdale Centre,Columbia Nursing Homes Pty Ltd,Private for Profit,NSW,Inner West,MM1,Metropolitan,Medium,4.0,3.0,5.0,4.0,3.0,STRATHFIELD,3.0,1.0,Improved,1,True
2026-05,Columbia Aged Care Services - Willowood Centre,Columbia Nursing Homes Pty Ltd,Private for Profit,NSW,Northern Sydney,MM1,Metropolitan,Medium,4.0,3.0,5.0,5.0,2.0,CHATSWOOD,4.0,0.0,Steady,7,True
2026-05,Concord Community Hostel,Royal Freemasons' Benevolent Institution,Not for Profit,NSW,Inner West,MM1,Metropolitan,Small,4.0,4.0,4.0,4.0,2.0,RHODES,4.0,0.0,Steady,2,True
2026-05,Concorde Nursing Home,Fresh Fields Aged Care Pty Ltd,Private for Profit,WA,Metropolitan South East,MM1,Metropolitan,Medium,3.0,3.0,5.0,1.0,3.0,SOUTH PERTH,3.0,0.0,Steady,4,True
2026-05,Constitution Hill Aged Care,Australian Unity Care Services Pty Ltd,Private for Profit,NSW,Western Sydney,MM1,Metropolitan,Large,5.0,5.0,5.0,4.0,5.0,NORTHMEAD,5.0,0.0,Steady,3,True
2026-05,Cooee Lodge,Gilgandra Council,Government,NSW,Orana Far West,MM5,Small rural towns,Small,5.0,5.0,4.0,5.0,5.0,GILGANDRA,4.0,1.0,Improved,1,True
2026-05,Cooinda,Respect Group Limited,Not for Profit,NSW,Central West,MM4,Medium rural towns,Medium,3.0,3.0,5.0,1.0,3.0,LITHGOW,3.0,0.0,Steady,2,True
2026-05,Cooinda Aged Care,COOINDA COONABARABRAN LIMITED,Not for Profit,NSW,Orana Far West,MM5,Small rural towns,Medium,4.0,4.0,5.0,5.0,3.0,COONABARABRAN,4.0,0.0,Steady,5,True
2026-05,Cooinda Court Hostel,Cooinda Court Aged Care Limited,Not for Profit,NSW,Riverina/Murray,MM5,Small rural towns,Small,,4.0,5.0,,,JUNEE,4.0,,New/First,1,True
2026-05,Cooinda House,Metro North Hospital and Health Service,Government,QLD,Cabool,MM1,Metropolitan,Small,,,,,,KIPPA-RING,,,New/First,1,True
2026-05,Cooinda Lodge Nursing Home,West Gippsland Healthcare Group,Government,VIC,Gippsland,MM4,Medium rural towns,Small,5.0,5.0,5.0,5.0,5.0,WARRAGUL,4.0,1.0,Improved,1,True
2026-05,Cooinda Village Inc,Cooinda Village Inc,Not for Profit,VIC,Hume,MM4,Medium rural towns,Medium,4.0,4.0,5.0,3.0,3.0,BENALLA,4.0,0.0,Steady,3,True
2026-05,Coolibah Care,Mandurah Retirement Village,Not for Profit,WA,Metropolitan South West,MM1,Metropolitan,Large,4.0,4.0,5.0,3.0,3.0,MANDURAH,4.0,0.0,Steady,11,True
2026-05,Coolum Beach Care Centre,Sundale Ltd,Not for Profit,QLD,Sunshine Coast,MM1,Metropolitan,Small,4.0,4.0,5.0,5.0,1.0,COOLUM BEACH,4.0,0.0,Steady,13,True
2026-05,Copperhouse Court Hostel,Helping Hand Aged Care Inc,Not for Profit,SA,Eyre Peninsula,MM3,Large rural towns,Small,3.0,3.0,5.0,2.0,3.0,WHYALLA STUART,4.0,-1.0,Declined,1,True
2026-05,Coppin Centre,Royal Freemasons Ltd,Not for Profit,VIC,Western Metro,MM1,Metropolitan,Large,4.0,3.0,5.0,5.0,3.0,MELBOURNE,4.0,0.0,Steady,12,True
2026-05,Coptic Hostel,Coptic Village Hostel Inc,Not for Profit,VIC,Southern Metro,MM1,Metropolitan,Small,4.0,5.0,4.0,4.0,3.0,NARRE WARREN,4.0,0.0,Steady,6,True
2026-05,Corangamarah,Colac Area Health,Government,VIC,Barwon-South Western,MM4,Medium rural towns,Small,4.0,4.0,5.0,2.0,3.0,COLAC,4.0,0.0,Steady,10,True
2026-05,Coroneagh Park,Respect Group Limited,Not for Profit,TAS,North Western,MM3,Large rural towns,Medium,3.0,3.0,5.0,2.0,2.0,PENGUIN,4.0,-1.0,Declined,1,True
2026-05,Corpus Christi Community,Villa Maria Catholic Homes Limited,Not for Profit,VIC,Northern Metro,MM1,Metropolitan,Medium,3.0,4.0,4.0,2.0,3.0,GREENVALE,4.0,-1.0,Declined,1,True
2026-05,Corumbene Hostel,Corumbene Nursing Home for the Aged Inc,Not for Profit,TAS,Southern,MM2,Regional centres,Medium,4.0,4.0,5.0,1.0,5.0,NEW NORFOLK,4.0,0.0,Steady,3,True
2026-05,Costa House,Respect Group Limited,Not for Profit,VIC,Barwon-South Western,MM1,Metropolitan,Medium,4.0,4.0,4.0,2.0,4.0,LARA,4.0,0.0,Steady,3,True
2026-05,Courtlands Aged Care Facility,Christadelphian Homes Limited,Not for Profit,NSW,Western Sydney,MM1,Metropolitan,Large,3.0,4.0,4.0,3.0,1.0,NORTH PARRAMATTA,3.0,0.0,Steady,2,True
2026-05,Craigcare Albany,Glenn-Craig Villages Pty Ltd,Private for Profit,WA,Great Southern,MM3,Large rural towns,Small,3.0,3.0,5.0,3.0,2.0,YAKAMIA,4.0,-1.0,Declined,1,True
2026-05,Craigcare Ascot Waters,Glenn-Craig Villages Pty Ltd,Private for Profit,WA,Metropolitan South East,MM1,Metropolitan,Large,4.0,3.0,5.0,3.0,3.0,ASCOT,4.0,0.0,Steady,3,True
2026-05,Craigcare Berwick,Glenn-Craig Villages Pty Ltd,Private for Profit,VIC,Southern Metro,MM1,Metropolitan,Large,4.0,4.0,5.0,3.0,3.0,BERWICK,4.0,0.0,Steady,6,True
2026-05,Craigcare Maylands,Glenn-Craig Villages Pty Ltd,Private for Profit,WA,Metropolitan East,MM1,Metropolitan,Small,4.0,3.0,5.0,3.0,3.0,MAYLANDS,4.0,0.0,Steady,13,True
2026-05,Craigcare Moonee Ponds,Glenn-Craig Villages Pty Ltd,Private for Profit,VIC,Western Metro,MM1,Metropolitan,Large,4.0,3.0,5.0,3.0,3.0,MOONEE PONDS,4.0,0.0,Steady,12,True
2026-05,Craigcare Mornington,Glenn-Craig Villages Pty Ltd,Private for Profit,VIC,Southern Metro,MM1,Metropolitan,Medium,3.0,3.0,5.0,2.0,3.0,MOUNT MARTHA,4.0,-1.0,Declined,1,True
2026-05,Craigcare Pascoe Vale,Glenn-Craig Villages Pty Ltd,Private for Profit,VIC,Northern Metro,MM1,Metropolitan,Large,4.0,3.0,5.0,3.0,3.0,PASCOE VALE,4.0,0.0,Steady,4,True
2026-05,Craigcare Plumpton Villa,Glenn-Craig Villages Pty Ltd,Private for Profit,VIC,Northern Metro,MM1,Metropolitan,Large,4.0,3.0,5.0,4.0,1.0,GLENROY,4.0,0.0,Steady,2,True
2026-05,Creswick District Nursing Home,Central Highlands Rural Health,Government,VIC,Grampians,MM2,Regional centres,Small,5.0,4.0,5.0,5.0,5.0,CRESWICK,5.0,0.0,Steady,2,True
2026-05,Crossley House Hostel Inc,Yarram & District Health Service,Government,VIC,Gippsland,MM5,Small rural towns,Small,4.0,4.0,5.0,5.0,2.0,YARRAM,5.0,-1.0,Declined,1,True
2026-05,Crowley Retirement Village,The Trustees of the Roman Catholic Church for the Diocese of Lismore,Not for Profit,NSW,Far North Coast,MM3,Large rural towns,Medium,3.0,4.0,5.0,1.0,3.0,BALLINA,4.0,-1.0,Declined,1,True
2026-05,Crowley Retirement Village,The Trustees of the Roman Catholic Church for the Diocese of Lismore,Not for Profit,NSW,Far North Coast,MM3,Large rural towns,Medium,3.0,4.0,5.0,1.0,3.0,BALLINA,3.0,0.0,Steady,2,True
2026-05,Croydon Grove Care Community,DPG Services Pty Ltd,Private for Profit,VIC,Eastern Metro,MM1,Metropolitan,Medium,,3.0,5.0,,2.0,CROYDON,4.0,,New/First,1,True
2026-05,Croydon Place Care Community,DPG Services Pty Ltd,Private for Profit,VIC,Eastern Metro,MM1,Metropolitan,Medium,,3.0,4.0,,2.0,CROYDON,3.0,,New/First,1,True
2026-05,Cumberland Manor,Primary Caring Pty Ltd,Private for Profit,VIC,Western Metro,MM1,Metropolitan,Medium,3.0,3.0,4.0,1.0,5.0,NORTH SUNSHINE,4.0,-1.0,Declined,1,True
2026-05,Cumberland View Aged Care - Whalley Drive,Tingari Group Pty Ltd,Private for Profit,VIC,Eastern Metro,MM1,Metropolitan,Large,3.0,3.0,4.0,2.0,3.0,WHEELERS HILL,4.0,-1.0,Declined,1,True
2026-05,Cypress View Lodge,Cypress View Lodge Limited,Not for Profit,NSW,Riverina/Murray,MM5,Small rural towns,Small,4.0,4.0,5.0,2.0,3.0,COLEAMBALLY,4.0,0.0,Steady,11,True
2026-05,Cyril Jewell House,Melbourne Health,Government,VIC,Western Metro,MM1,Metropolitan,Small,4.0,3.0,5.0,5.0,5.0,KEILOR EAST,4.0,0.0,Steady,10,True
2026-05,Dale Residency,Dale Cottages (Inc.),Not for Profit,WA,Metropolitan South East,MM1,Metropolitan,Large,3.0,3.0,4.0,3.0,3.0,ARMADALE,3.0,0.0,Steady,2,True
2026-05,Dalrymple Villa,Dalrymple Villa Inc,Not for Profit,QLD,Northern,MM4,Medium rural towns,Medium,3.0,4.0,5.0,1.0,3.0,RICHMOND HILL,4.0,-1.0,Declined,1,True
2026-05,Darley House,Thompson Health Care Pty Ltd,Private for Profit,NSW,Northern Sydney,MM1,Metropolitan,Small,4.0,3.0,5.0,5.0,3.0,MONA VALE,,,New/First,1,True
2026-05,Darlingford Upper Goulburn Nursing Home,Darlingford Upper Goulburn Nursing Home Inc,Not for Profit,VIC,Hume,MM5,Small rural towns,Small,,4.0,5.0,,,EILDON,4.0,,New/First,1,True
2026-05,"David, Gita and Michael Hoffman Nursing Home",Maurice Zeffert Home (Inc),Not for Profit,WA,Metropolitan North,MM1,Metropolitan,Medium,4.0,3.0,5.0,4.0,3.0,YOKINE,4.0,0.0,Steady,8,True
2026-05,Daylesford Nursing Home,Central Highlands Rural Health,Government,VIC,Grampians,MM5,Small rural towns,Small,5.0,4.0,5.0,5.0,4.0,DAYLESFORD,5.0,0.0,Steady,3,True
2026-05,De Paul Villa Aged Care,Ozcare,Not for Profit,QLD,South Coast,MM1,Metropolitan,Large,4.0,4.0,5.0,2.0,2.0,ASHMORE,4.0,0.0,Steady,4,True
2026-05,Deborah Cheetham Retirement Village,Ryman Aged Care (Australia) Pty Ltd,Private for Profit,VIC,Barwon-South Western,MM2,Regional centres,Medium,4.0,4.0,4.0,4.0,3.0,OCEAN GROVE,4.0,0.0,Steady,2,True
2026-05,Dellacourt,Lutheran Aged Care Albury,Not for Profit,NSW,Riverina/Murray,MM2,Regional centres,Large,3.0,4.0,5.0,1.0,3.0,WEST ALBURY,4.0,-1.0,Declined,1,True
2026-05,Deloraine Private Nursing Home,Ejaz Nominees Pty Ltd,Private for Profit,VIC,Northern Metro,MM1,Metropolitan,Small,3.0,3.0,5.0,2.0,3.0,GREENSBOROUGH,4.0,-1.0,Declined,1,True
2026-05,Denhams Beach Care Community,DPG Services Pty Ltd,Private for Profit,NSW,Southern Highlands,MM4,Medium rural towns,Large,,4.0,5.0,,3.0,DENHAMS BEACH,4.0,,New/First,1,True
2026-05,Derwent Views,Respect Group Limited,Not for Profit,TAS,Southern,MM2,Regional centres,Large,3.0,3.0,4.0,2.0,5.0,LINDISFARNE,3.0,0.0,Steady,6,True
2026-05,Diamond Creek Care Community,DPG Services Pty Ltd,Private for Profit,VIC,Northern Metro,MM1,Metropolitan,Large,,3.0,5.0,,3.0,DIAMOND CREEK,4.0,,New/First,1,True
2026-05,Dianella Hostel,Northern Health,Government,VIC,Hume,MM4,Medium rural towns,Small,4.0,4.0,4.0,5.0,3.0,KILMORE,,,New/First,1,True
2026-05,Dimboola District Hospital Nursing Home Unit,Grampians Health,Government,VIC,Grampians,MM5,Small rural towns,Small,4.0,4.0,5.0,5.0,3.0,DIMBOOLA,4.0,0.0,Steady,13,True
2026-05,Disability SA Northgate,Department of Human Services,Government,SA,Metropolitan East,MM1,Metropolitan,Small,4.0,3.0,5.0,5.0,1.0,NORTHGATE,4.0,0.0,Steady,2,True
2026-05,Donvale Gardens,Jamia Healthcare Pty Ltd,Private for Profit,VIC,Eastern Metro,MM1,Metropolitan,Small,4.0,3.0,4.0,5.0,4.0,DONVALE,4.0,0.0,Steady,2,True
2026-05,Donwood Community Aged Care Services,Donwood Community Aged Care Services Inc,Not for Profit,VIC,Eastern Metro,MM1,Metropolitan,Large,3.0,3.0,5.0,2.0,3.0,CROYDON,4.0,-1.0,Declined,1,True
2026-05,Dorothy Impey Home,Coburg Home for the Aged Inc,Not for Profit,VIC,Northern Metro,MM1,Metropolitan,Medium,4.0,3.0,5.0,4.0,3.0,PASCOE VALE SOUTH,4.0,0.0,Steady,3,True
2026-05,Dougherty Apartments,Dougherty Apartments Retirement Housing Project,Not for Profit,NSW,Northern Sydney,MM1,Metropolitan,Medium,4.0,4.0,5.0,3.0,1.0,CHATSWOOD,4.0,0.0,Steady,9,True
2026-05,Dougherty Villa,Clarence Village Limited,Not for Profit,NSW,Far North Coast,MM3,Large rural towns,Medium,4.0,4.0,5.0,2.0,4.0,GRAFTON,4.0,0.0,Steady,12,True
2026-05,Doutta Galla Avondale Heights Aged Care Facility,Doutta Galla Aged Services Ltd,Not for Profit,VIC,Western Metro,MM1,Metropolitan,Large,4.0,3.0,5.0,4.0,2.0,AVONDALE HEIGHTS,4.0,0.0,Steady,4,True
2026-05,Doutta Galla Footscray Aged Care Facility,Doutta Galla Aged Services Ltd,Not for Profit,VIC,Western Metro,MM1,Metropolitan,Medium,4.0,3.0,5.0,5.0,3.0,FOOTSCRAY,4.0,0.0,Steady,2,True
2026-05,Doutta Galla Grantham Green Aged Care Facility,Doutta Galla Aged Services Ltd,Not for Profit,VIC,Western Metro,MM1,Metropolitan,Small,4.0,3.0,5.0,3.0,3.0,ST ALBANS,4.0,0.0,Steady,3,True
2026-05,Doutta Galla Lynch's Bridge Aged Care Facility,Doutta Galla Aged Services Ltd,Not for Profit,VIC,Western Metro,MM1,Metropolitan,Small,4.0,4.0,5.0,4.0,3.0,KENSINGTON,4.0,0.0,Steady,7,True
2026-05,Doutta Galla Queens Park Aged Care Facility,Doutta Galla Aged Services Ltd,Not for Profit,VIC,Western Metro,MM1,Metropolitan,Small,4.0,3.0,5.0,5.0,4.0,MOONEE PONDS,4.0,0.0,Steady,9,True
2026-05,Doutta Galla Woornack Aged Care Facility,Doutta Galla Aged Services Ltd,Not for Profit,VIC,Western Metro,MM1,Metropolitan,Medium,4.0,3.0,5.0,3.0,3.0,SUNSHINE WEST,4.0,0.0,Steady,4,True
2026-05,Doutta Galla Yarraville Village Aged Care Facility,Doutta Galla Aged Services Ltd,Not for Profit,VIC,Western Metro,MM1,Metropolitan,Small,3.0,3.0,5.0,3.0,2.0,YARRAVILLE,4.0,-1.0,Declined,1,True
2026-05,Dovetree,Wesley Mission Queensland Limited,Not for Profit,QLD,Brisbane South,MM1,Metropolitan,Large,3.0,3.0,4.0,3.0,3.0,SINNAMON PARK,3.0,0.0,Steady,2,True
2026-05,Dr E A F McDonald Nursing Home,Darling Downs Hospital and Health Service,Government,QLD,Darling Downs,MM5,Small rural towns,Small,,,,,,OAKEY,,,New/First,1,True
2026-05,Dr Mary Surveyor Centre,MEATH CARE INC,Not for Profit,WA,Metropolitan North,MM1,Metropolitan,Large,4.0,3.0,5.0,3.0,3.0,KINGSLEY,4.0,0.0,Steady,3,True
2026-05,Dryandra Residential and Community Care Inc,Burswood Care Pty Ltd,Private for Profit,WA,Wheatbelt,MM5,Small rural towns,Small,4.0,4.0,5.0,4.0,1.0,KELLERBERRIN,4.0,0.0,Steady,3,True
2026-05,Drysdale Grove,Drysdale Aged Care Pty Ltd,Private for Profit,VIC,Barwon-South Western,MM2,Regional centres,Large,3.0,4.0,5.0,1.0,3.0,DRYSDALE,,,New/First,1,True
2026-05,Dubbo Homestead Care Community,DPG Services Pty Ltd,Private for Profit,NSW,Orana Far West,MM3,Large rural towns,Medium,,4.0,5.0,,4.0,DUBBO,4.0,,New/First,1,True
2026-05,Dunbar Homes Salisbury,DUNBAR HOMES INC,Not for Profit,SA,Metropolitan North,MM1,Metropolitan,Small,4.0,3.0,5.0,5.0,3.0,SALISBURY,3.0,1.0,Improved,1,True
2026-05,Dunmunkle Lodge Hostel,DUNMUNKLE LODGE INC.,Not for Profit,VIC,Grampians,MM5,Small rural towns,Small,3.0,4.0,4.0,2.0,3.0,MINYIP,4.0,-1.0,Declined,1,True
2026-05,Dunolly Nursing Home,Maryborough District Health Service,Government,VIC,Loddon-Mallee,MM5,Small rural towns,Small,5.0,5.0,5.0,5.0,3.0,DUNOLLY,5.0,0.0,Steady,7,True
2026-05,Dural House Aged Care,Thompson Health Care Pty Ltd,Private for Profit,NSW,Northern Sydney,MM1,Metropolitan,Large,4.0,4.0,5.0,3.0,1.0,DURAL,4.0,0.0,Steady,4,True
2026-05,Durham Green Lodge Memory Care,BaptistCare,Not for Profit,NSW,South West Sydney,MM1,Metropolitan,Medium,3.0,3.0,5.0,1.0,3.0,MENANGLE,4.0,-1.0,Declined,1,True
2026-05,ESPERANCE MULTIPURPOSE HEALTH CENTRE,Huon Regional Care,Not for Profit,TAS,Southern,MM5,Small rural towns,Small,5.0,5.0,5.0,5.0,4.0,DOVER,5.0,0.0,Steady,11,True
2026-05,Edenfield Family Care,El-Jasbella Pty Ltd,Private for Profit,SA,Metropolitan North,MM1,Metropolitan,Small,4.0,4.0,5.0,4.0,4.0,PARAFIELD GARDENS,4.0,0.0,Steady,3,True
2026-05,Edenfield Family Care - Nerrilda,El-Jasbella Nerrilda Pty Ltd,Private for Profit,SA,Flinders & Far North,MM4,Medium rural towns,Small,4.0,3.0,5.0,2.0,4.0,PORT AUGUSTA WEST,4.0,0.0,Steady,3,True
2026-05,Edenfield Family Care - Ramsay,El-Jasbella Ramsay Pty Ltd,Private for Profit,SA,Flinders & Far North,MM4,Medium rural towns,Small,4.0,3.0,5.0,2.0,4.0,PORT AUGUSTA,4.0,0.0,Steady,2,True
2026-05,Edenfield Family Care - Yankalilla,El-Jasbella Ramsay Pty Ltd,Private for Profit,SA,"Hills, Mallee & Southern",MM5,Small rural towns,Small,4.0,2.0,4.0,5.0,5.0,YANKALILLA,3.0,1.0,Improved,1,True
2026-05,Edenfield Family Care West Park,El-Jasbella Ramsay Pty Ltd,Private for Profit,SA,"Hills, Mallee & Southern",MM3,Large rural towns,Small,3.0,3.0,4.0,3.0,3.0,GOOLWA,3.0,0.0,Steady,2,True
2026-05,Edgarley Home,Edgarley Home Inc,Not for Profit,VIC,Barwon-South Western,MM5,Small rural towns,Small,4.0,4.0,5.0,5.0,2.0,CASTERTON,4.0,0.0,Steady,3,True
2026-05,Edge Hill Orchards,IC (Edge Hill) Pty Ltd,Private for Profit,QLD,Far North,MM2,Regional centres,Large,4.0,3.0,5.0,3.0,3.0,MANOORA,4.0,0.0,Steady,6,True
2026-05,Edgewater Mercy Hostel,Mercy Aged and Community Care Ltd,Not for Profit,WA,Metropolitan North,MM1,Metropolitan,Small,4.0,3.0,5.0,5.0,3.0,EDGEWATER,4.0,0.0,Steady,12,True
2026-05,Edward Collick Home,Respect Group Limited,Not for Profit,WA,Goldfields,MM3,Large rural towns,Small,3.0,3.0,4.0,3.0,2.0,KALGOORLIE,,,New/First,1,True
2026-05,Edward River Gardens,Moulamein Retirement Village Inc,Not for Profit,NSW,Riverina/Murray,MM5,Small rural towns,Small,4.0,4.0,4.0,5.0,3.0,MOULAMEIN,,,New/First,1,True
2026-05,Eldercare - South Park Minlaton,Eldercare Australia Ltd,Not for Profit,SA,"Yorke, Lower North & Barossa",MM5,Small rural towns,Small,4.0,4.0,5.0,3.0,4.0,MINLATON,4.0,0.0,Steady,10,True
2026-05,Eldercare Acacia Court,Eldercare Australia Ltd,Not for Profit,SA,Metropolitan West,MM1,Metropolitan,Medium,4.0,3.0,5.0,3.0,3.0,HENDON,4.0,0.0,Steady,3,True
2026-05,Eldercare Allambi,Eldercare Australia Ltd,Not for Profit,SA,Metropolitan South,MM1,Metropolitan,Large,3.0,3.0,4.0,3.0,3.0,GLENGOWRIE,3.0,0.0,Steady,13,True
2026-05,Eldercare Cottage Grove,Eldercare Australia Ltd,Not for Profit,SA,Metropolitan South,MM1,Metropolitan,Medium,4.0,3.0,5.0,3.0,3.0,WOODCROFT,4.0,0.0,Steady,6,True
2026-05,Eldercare Evanston Park,Eldercare Australia Ltd,Not for Profit,SA,Metropolitan North,MM1,Metropolitan,Medium,3.0,3.0,5.0,1.0,4.0,EVANSTON PARK,3.0,0.0,Steady,2,True
2026-05,Eldercare Goodwood,Eldercare Australia Ltd,Not for Profit,SA,Metropolitan East,MM1,Metropolitan,Medium,4.0,4.0,5.0,5.0,2.0,GOODWOOD,5.0,-1.0,Declined,1,True
2026-05,Eldercare Hope Valley,Eldercare Australia Ltd,Not for Profit,SA,Metropolitan North,MM1,Metropolitan,Medium,4.0,3.0,5.0,3.0,4.0,HOPE VALLEY,4.0,0.0,Steady,2,True
2026-05,Eldercare Oxford,Eldercare Australia Ltd,Not for Profit,SA,Metropolitan South,MM1,Metropolitan,Small,4.0,3.0,5.0,4.0,5.0,HOVE,4.0,0.0,Steady,13,True
2026-05,Eldercare Sash Ferguson,Eldercare Australia Ltd,Not for Profit,SA,"Hills, Mallee & Southern",MM3,Large rural towns,Small,4.0,3.0,5.0,4.0,5.0,MOUNT BARKER,4.0,0.0,Steady,4,True
2026-05,Eldercare Seaford,Eldercare Australia Ltd,Not for Profit,SA,Metropolitan South,MM1,Metropolitan,Medium,3.0,3.0,5.0,2.0,3.0,SEAFORD,4.0,-1.0,Declined,1,True
2026-05,Eldercare The Lodge,Eldercare Australia Ltd,Not for Profit,SA,Metropolitan East,MM1,Metropolitan,Medium,3.0,3.0,4.0,3.0,3.0,WAYVILLE,3.0,0.0,Steady,13,True
2026-05,Eldercare The Village,Eldercare Australia Ltd,Not for Profit,SA,"Yorke, Lower North & Barossa",MM5,Small rural towns,Small,3.0,3.0,5.0,2.0,3.0,MAITLAND,4.0,-1.0,Declined,1,True
2026-05,Eldercare Trowbridge House,Eldercare Australia Ltd,Not for Profit,SA,Metropolitan East,MM1,Metropolitan,Medium,4.0,3.0,5.0,4.0,3.0,PAYNEHAM SOUTH,4.0,0.0,Steady,10,True
2026-05,Elderly Chinese Home,ELDERLY CHINESE HOME INC.,Not for Profit,VIC,Western Metro,MM1,Metropolitan,Small,4.0,3.0,5.0,4.0,3.0,PARKVILLE,4.0,0.0,Steady,12,True
2026-05,Eliza Purton,Respect Group Limited,Not for Profit,TAS,North Western,MM3,Large rural towns,Medium,3.0,3.0,5.0,2.0,3.0,WEST ULVERSTONE,3.0,0.0,Steady,3,True
2026-05,Elizabeth Gardens Burwood,Royal Freemasons Ltd,Not for Profit,VIC,Eastern Metro,MM1,Metropolitan,Small,4.0,4.0,5.0,3.0,3.0,BURWOOD,4.0,0.0,Steady,13,True
2026-05,Elizabeth Jenkins Place Aged Care Plus Centre,The Salvation Army (NSW) Property Trust,Not for Profit,NSW,Northern Sydney,MM1,Metropolitan,Large,4.0,3.0,5.0,4.0,3.0,COLLAROY,4.0,0.0,Steady,6,True
2026-05,Elizabeth Lodge Hostel,Seventh-day Adventist Aged Care (Greater Sydney) Ltd,Private for Profit,NSW,Northern Sydney,MM1,Metropolitan,Medium,4.0,4.0,4.0,3.0,3.0,NORMANHURST,4.0,0.0,Steady,7,True
2026-05,Eloura,APOLLO CARE OPERATIONS PTY LIMITED,Private for Profit,NSW,New England,MM5,Small rural towns,Small,,,,,,QUIRINDI,,,New/First,1,True
2026-05,Embracia Moonee Valley,Embracia Victoria Pty Ltd,Private for Profit,VIC,Western Metro,MM1,Metropolitan,Large,3.0,3.0,5.0,1.0,3.0,AVONDALE HEIGHTS,3.0,0.0,Steady,13,True
2026-05,Embracia in Reservoir,Embracia Victoria Pty Ltd,Private for Profit,VIC,Northern Metro,MM1,Metropolitan,Medium,4.0,4.0,5.0,2.0,3.0,RESERVOIR,4.0,0.0,Steady,12,True
2026-05,Emerald Hill Residence,Claremont and Southport Aged Care Limited,Not for Profit,VIC,Southern Metro,MM1,Metropolitan,Large,4.0,3.0,5.0,5.0,4.0,SOUTH MELBOURNE,4.0,0.0,Steady,9,True
2026-05,Emerald Life,Fresh Fields Aged Care Pty Ltd,Private for Profit,WA,Metropolitan North,MM1,Metropolitan,Medium,,4.0,,3.0,3.0,WEST LEEDERVILLE,,,New/First,1,True
2026-05,Emily Gardens at the Rock,Lutheran Aged Care Albury,Not for Profit,NSW,Riverina/Murray,MM5,Small rural towns,Small,4.0,5.0,5.0,3.0,2.0,THE ROCK,4.0,0.0,Steady,2,True
2026-05,Emmaus,St Agnes' Care & Lifestyle,Not for Profit,NSW,Mid North Coast,MM3,Large rural towns,Large,4.0,4.0,5.0,2.0,3.0,PORT MACQUARIE,4.0,0.0,Steady,6,True
2026-05,Emmaus Village,St Agnes' Care & Lifestyle,Not for Profit,NSW,Mid North Coast,MM3,Large rural towns,Medium,4.0,4.0,4.0,4.0,2.0,PORT MACQUARIE,4.0,0.0,Steady,3,True
2026-05,Emmavale Gardens,Menarock Aged Care Services (Templestowe) Pty Ltd,Private for Profit,VIC,Eastern Metro,MM1,Metropolitan,Small,4.0,4.0,5.0,2.0,3.0,TEMPLESTOWE LOWER,5.0,-1.0,Declined,1,True
2026-05,Emmerton Park Aged Care Facility,Emmerton Park Inc,Not for Profit,TAS,North Western,MM5,Small rural towns,Medium,4.0,4.0,4.0,2.0,4.0,SMITHTON,4.0,0.0,Steady,6,True
2026-05,Emmy Monash Aged Care,EMMY MONASH AGED CARE INC.,Not for Profit,VIC,Southern Metro,MM1,Metropolitan,Large,4.0,4.0,5.0,2.0,3.0,CAULFIELD NORTH,4.0,0.0,Steady,9,True
2026-05,Epping Grand Care Community,DPG Services Pty Ltd,Private for Profit,NSW,Northern Sydney,MM1,Metropolitan,Small,,,,,,EPPING,,,New/First,1,True
2026-05,Epping Meadows Care Community,DPG Services Pty Ltd,Private for Profit,VIC,Northern Metro,MM1,Metropolitan,Large,,3.0,5.0,,3.0,EPPING,4.0,,New/First,1,True
2026-05,Esperance Aged Care Facility,Esperance Aged Care Facility Inc,Not for Profit,WA,Goldfields,MM6,Remote communities,Medium,,3.0,3.0,,3.0,ESPERANCE,3.0,,New/First,1,True
2026-05,Estia Health Aberfoyle Park,Estia Investments Pty Ltd,Private for Profit,SA,Metropolitan South,MM1,Metropolitan,Medium,4.0,3.0,5.0,3.0,3.0,ABERFOYLE PARK,4.0,0.0,Steady,2,True
2026-05,Estia Health Aberglasslyn,Estia Investments Pty Ltd,Private for Profit,NSW,Hunter,MM1,Metropolitan,Large,4.0,4.0,4.0,3.0,4.0,ABERGLASSLYN,4.0,0.0,Steady,5,True
2026-05,Estia Health Albany Creek,Estia Investments Pty Ltd,Private for Profit,QLD,Cabool,MM1,Metropolitan,Medium,4.0,4.0,5.0,3.0,3.0,ALBANY CREEK,4.0,0.0,Steady,4,True
2026-05,Estia Health Albury,Estia Investments Pty Ltd,Private for Profit,NSW,Riverina/Murray,MM2,Regional centres,Medium,4.0,4.0,5.0,2.0,4.0,THURGOONA,4.0,0.0,Steady,10,True
2026-05,Estia Health Aldgate,Estia Investments Pty Ltd,Private for Profit,SA,"Hills, Mallee & Southern",MM1,Metropolitan,Small,4.0,3.0,5.0,4.0,5.0,ALDGATE,4.0,0.0,Steady,13,True
2026-05,Estia Health Altona Meadows,Estia Investments Pty Ltd,Private for Profit,VIC,Western Metro,MM1,Metropolitan,Medium,3.0,3.0,5.0,2.0,3.0,ALTONA MEADOWS,4.0,-1.0,Declined,1,True
2026-05,Estia Health Ardeer,Estia Investments Pty Ltd,Private for Profit,VIC,Western Metro,MM1,Metropolitan,Small,4.0,4.0,5.0,4.0,3.0,ARDEER,4.0,0.0,Steady,8,True
2026-05,Estia Health Bankstown,Estia Investments Pty Ltd,Private for Profit,NSW,South West Sydney,MM1,Metropolitan,Large,3.0,3.0,4.0,3.0,3.0,GREENACRE,4.0,-1.0,Declined,1,True
2026-05,Estia Health Bannockburn,Estia Investments Pty Ltd,Private for Profit,VIC,Grampians,MM2,Regional centres,Large,3.0,3.0,5.0,2.0,3.0,BANNOCKBURN,4.0,-1.0,Declined,1,True
2026-05,Estia Health Benalla (Thomas St),Estia Investments Pty Ltd,Private for Profit,VIC,Hume,MM4,Medium rural towns,Large,3.0,3.0,4.0,2.0,3.0,BENALLA,3.0,0.0,Steady,2,True
2026-05,Estia Health Bexley Park,Estia Investments Pty Ltd,Private for Profit,NSW,South East Sydney,MM1,Metropolitan,Large,4.0,3.0,5.0,2.0,4.0,BEXLEY,4.0,0.0,Steady,6,True
2026-05,Estia Health Birkdale,Estia Investments Pty Ltd,Private for Profit,QLD,Brisbane South,MM1,Metropolitan,Small,,,,,,BIRKDALE,,,New/First,1,True
2026-05,Estia Health Blakehurst,Estia Investments Pty Ltd,Private for Profit,NSW,South East Sydney,MM1,Metropolitan,Large,4.0,3.0,5.0,3.0,4.0,BLAKEHURST,4.0,0.0,Steady,3,True
2026-05,Estia Health Brunswick,Estia Investments Pty Ltd,Private for Profit,VIC,Northern Metro,MM1,Metropolitan,Small,4.0,4.0,4.0,3.0,4.0,BRUNSWICK WEST,,,New/First,1,True
2026-05,Estia Health Burton,Estia Investments Pty Ltd,Private for Profit,SA,Metropolitan North,MM1,Metropolitan,Large,3.0,3.0,5.0,2.0,3.0,BURTON,4.0,-1.0,Declined,1,True
2026-05,Estia Health Camden,Estia Investments Pty Ltd,Private for Profit,NSW,South West Sydney,MM1,Metropolitan,Large,3.0,3.0,4.0,3.0,4.0,CAMDEN,4.0,-1.0,Declined,1,True
2026-05,Estia Health Carindale,Estia Investments Pty Ltd,Private for Profit,QLD,Brisbane South,MM1,Metropolitan,Small,,,,,,CARINDALE,,,New/First,1,True
2026-05,Estia Health Cleveland,Estia Investments Pty Ltd,Private for Profit,QLD,Brisbane South,MM1,Metropolitan,Medium,,,,,,CLEVELAND,,,New/First,1,True
2026-05,Estia Health Coolaroo,Estia Investments Pty Ltd,Private for Profit,VIC,Northern Metro,MM1,Metropolitan,Small,4.0,4.0,5.0,3.0,4.0,COOLAROO,4.0,0.0,Steady,7,True
2026-05,Estia Health Coorparoo,Estia Investments Pty Ltd,Private for Profit,QLD,Brisbane South,MM1,Metropolitan,Large,,,,,,COORPAROO,,,New/First,1,True
2026-05,Estia Health Craigmore,Estia Investments Pty Ltd,Private for Profit,SA,Metropolitan North,MM1,Metropolitan,Large,3.0,3.0,5.0,2.0,3.0,CRAIGMORE,3.0,0.0,Steady,2,True
2026-05,Estia Health Dalmeny,Estia Investments Pty Ltd,Private for Profit,NSW,Southern Highlands,MM5,Small rural towns,Large,4.0,4.0,5.0,2.0,3.0,DALMENY,4.0,0.0,Steady,13,True
2026-05,Estia Health Dandenong,Estia Investments Pty Ltd,Private for Profit,VIC,Southern Metro,MM1,Metropolitan,Small,4.0,2.0,5.0,3.0,5.0,DANDENONG,4.0,0.0,Steady,13,True
2026-05,Estia Health Daw Park,Estia Investments Pty Ltd,Private for Profit,SA,Metropolitan South,MM1,Metropolitan,Medium,3.0,3.0,5.0,2.0,2.0,DAW PARK,4.0,-1.0,Declined,1,True
2026-05,Estia Health Encounter Bay,Estia Investments Pty Ltd,Private for Profit,SA,"Hills, Mallee & Southern",MM3,Large rural towns,Large,3.0,3.0,5.0,1.0,3.0,ENCOUNTER BAY,4.0,-1.0,Declined,1,True
2026-05,Estia Health Epping - The Poplars,Estia Investments Pty Ltd,Private for Profit,NSW,Northern Sydney,MM1,Metropolitan,Large,4.0,4.0,5.0,3.0,3.0,EPPING,4.0,0.0,Steady,7,True
2026-05,Estia Health Epping VIC,Estia Investments Pty Ltd,Private for Profit,VIC,Northern Metro,MM1,Metropolitan,Medium,5.0,4.0,5.0,5.0,5.0,EPPING,4.0,1.0,Improved,1,True
2026-05,Estia Health Erina,Estia Investments Pty Ltd,Private for Profit,NSW,Central Coast,MM1,Metropolitan,Large,3.0,4.0,4.0,2.0,3.0,ERINA,,,New/First,1,True
2026-05,Estia Health Figtree,Estia Investments Pty Ltd,Private for Profit,NSW,Illawarra,MM1,Metropolitan,Medium,4.0,3.0,5.0,3.0,3.0,FIGTREE,4.0,0.0,Steady,3,True
2026-05,Estia Health Flagstaff Hill,Estia Investments Pty Ltd,Private for Profit,SA,Metropolitan South,MM1,Metropolitan,Medium,3.0,3.0,5.0,2.0,3.0,FLAGSTAFF HILL,4.0,-1.0,Declined,1,True
2026-05,Estia Health Forster,Estia Investments Pty Ltd,Private for Profit,NSW,Mid North Coast,MM3,Large rural towns,Medium,4.0,4.0,5.0,3.0,4.0,FORSTER,4.0,0.0,Steady,13,True
2026-05,Estia Health Glen Waverley,Estia Investments Pty Ltd,Private for Profit,VIC,Eastern Metro,MM1,Metropolitan,Small,4.0,3.0,5.0,3.0,3.0,GLEN WAVERLEY,4.0,0.0,Steady,7,True
2026-05,Estia Health Gold Coast,Estia Investments Pty Ltd,Private for Profit,QLD,South Coast,MM1,Metropolitan,Medium,4.0,4.0,5.0,3.0,4.0,SOUTHPORT,4.0,0.0,Steady,12,True
2026-05,Estia Health Golden Grove,Estia Investments Pty Ltd,Private for Profit,SA,Metropolitan North,MM1,Metropolitan,Medium,4.0,3.0,5.0,3.0,4.0,GOLDEN GROVE,4.0,0.0,Steady,6,True
2026-05,Estia Health Grovedale,Estia Investments Pty Ltd,Private for Profit,VIC,Barwon-South Western,MM1,Metropolitan,Large,4.0,4.0,5.0,3.0,4.0,GROVEDALE,4.0,0.0,Steady,12,True
2026-05,Estia Health Gympie,Estia Investments Pty Ltd,Private for Profit,QLD,Sunshine Coast,MM3,Large rural towns,Large,3.0,4.0,4.0,2.0,3.0,GYMPIE,4.0,-1.0,Declined,1,True
2026-05,Estia Health Hamilton,Estia Investments Pty Ltd,Private for Profit,QLD,Brisbane North,MM1,Metropolitan,Large,,3.0,,,,HAMILTON,,,New/First,1,True
2026-05,Estia Health Healesville,Estia Investments Pty Ltd,Private for Profit,VIC,Eastern Metro,MM2,Regional centres,Medium,3.0,4.0,4.0,2.0,2.0,HEALESVILLE,,,New/First,1,True
2026-05,Estia Health Heidelberg West,Estia Investments Pty Ltd,Private for Profit,VIC,Northern Metro,MM1,Metropolitan,Small,4.0,4.0,5.0,4.0,3.0,HEIDELBERG WEST,4.0,0.0,Steady,2,True
2026-05,Estia Health Hervey Bay,Estia Investments Pty Ltd,Private for Profit,QLD,Wide Bay,MM2,Regional centres,Large,3.0,3.0,5.0,1.0,3.0,URRAWEEN,3.0,0.0,Steady,4,True
2026-05,Estia Health Hope Valley,Estia Investments Pty Ltd,Private for Profit,SA,Metropolitan North,MM1,Metropolitan,Medium,3.0,3.0,5.0,2.0,2.0,HOPE VALLEY,4.0,-1.0,Declined,1,True
2026-05,Estia Health Kadina,Estia Investments Pty Ltd,Private for Profit,SA,"Yorke, Lower North & Barossa",MM5,Small rural towns,Medium,3.0,3.0,5.0,1.0,2.0,KADINA,3.0,0.0,Steady,3,True
2026-05,Estia Health Kangaroo Flat,Estia Investments Pty Ltd,Private for Profit,VIC,Loddon-Mallee,MM2,Regional centres,Large,4.0,3.0,4.0,4.0,3.0,KANGAROO FLAT,4.0,0.0,Steady,3,True
2026-05,Estia Health Kensington Gardens,Estia Investments Pty Ltd,Private for Profit,SA,Metropolitan East,MM1,Metropolitan,Medium,3.0,3.0,4.0,3.0,3.0,KENSINGTON GARDENS,3.0,0.0,Steady,2,True
2026-05,Estia Health Keysborough,Estia Investments Pty Ltd,Private for Profit,VIC,Southern Metro,MM1,Metropolitan,Medium,4.0,4.0,5.0,3.0,5.0,KEYSBOROUGH,4.0,0.0,Steady,9,True
2026-05,Estia Health Kilbride,Estia Investments Pty Ltd,Private for Profit,NSW,South West Sydney,MM1,Metropolitan,Large,4.0,3.0,5.0,2.0,5.0,GILEAD,4.0,0.0,Steady,4,True
2026-05,Estia Health Knoxfield,Estia Investments Pty Ltd,Private for Profit,VIC,Eastern Metro,MM1,Metropolitan,Small,4.0,3.0,5.0,3.0,5.0,KNOXFIELD,4.0,0.0,Steady,8,True
2026-05,Estia Health Kogarah,Estia Investments Pty Ltd,Private for Profit,NSW,South East Sydney,MM1,Metropolitan,Medium,4.0,4.0,5.0,2.0,3.0,KOGARAH,4.0,0.0,Steady,2,True
2026-05,Estia Health Leopold,Estia Investments Pty Ltd,Private for Profit,VIC,Barwon-South Western,MM1,Metropolitan,Medium,4.0,4.0,5.0,2.0,4.0,LEOPOLD,4.0,0.0,Steady,11,True
2026-05,Estia Health Little Bay,Estia Investments Pty Ltd,Private for Profit,NSW,South East Sydney,MM1,Metropolitan,Large,,4.0,,3.0,3.0,LITTLE BAY,,,New/First,1,True
2026-05,Estia Health Lockleys,Estia Investments Pty Ltd,Private for Profit,SA,Metropolitan West,MM1,Metropolitan,Large,3.0,3.0,5.0,2.0,3.0,LOCKLEYS,3.0,0.0,Steady,3,True
2026-05,Estia Health Manly Vale,Estia Investments Pty Ltd,Private for Profit,NSW,Northern Sydney,MM1,Metropolitan,Medium,3.0,4.0,5.0,1.0,3.0,MANLY VALE,4.0,-1.0,Declined,1,True
2026-05,Estia Health Maroochydore,Estia Investments Pty Ltd,Private for Profit,QLD,Sunshine Coast,MM1,Metropolitan,Large,4.0,4.0,5.0,4.0,3.0,MAROOCHYDORE,4.0,0.0,Steady,13,True
2026-05,Estia Health Melton South,Estia Investments Pty Ltd,Private for Profit,VIC,Western Metro,MM1,Metropolitan,Medium,4.0,4.0,5.0,3.0,3.0,MELTON SOUTH,4.0,0.0,Steady,7,True
2026-05,Estia Health Merrylands,Estia Investments Pty Ltd,Private for Profit,NSW,Western Sydney,MM1,Metropolitan,Large,4.0,4.0,5.0,3.0,5.0,GREYSTANES,4.0,0.0,Steady,13,True
2026-05,Estia Health Mount Clear,Estia Investments Pty Ltd,Private for Profit,VIC,Northern Metro,MM2,Regional centres,Large,3.0,4.0,5.0,1.0,2.0,MOUNT CLEAR,4.0,-1.0,Declined,1,True
2026-05,Estia Health Mount Coolum,Estia Investments Pty Ltd,Private for Profit,QLD,Sunshine Coast,MM1,Metropolitan,Large,4.0,4.0,5.0,4.0,2.0,MOUNT COOLUM,4.0,0.0,Steady,12,True
2026-05,Estia Health Mount Gravatt East,Estia Investments Pty Ltd,Private for Profit,QLD,Brisbane South,MM1,Metropolitan,Medium,,,,,,MOUNT GRAVATT EAST,,,New/First,1,True
2026-05,Estia Health Mudgeeraba,Estia Investments Pty Ltd,Private for Profit,QLD,South Coast,MM1,Metropolitan,Large,4.0,4.0,5.0,2.0,3.0,MUDGEERABA,4.0,0.0,Steady,8,True
2026-05,Estia Health Myrtle Bank,Estia Investments Pty Ltd,Private for Profit,SA,Metropolitan East,MM1,Metropolitan,Medium,4.0,3.0,5.0,3.0,3.0,MYRTLE BANK,4.0,0.0,Steady,7,True
2026-05,Estia Health Nambour,Estia Investments Pty Ltd,Private for Profit,QLD,Sunshine Coast,MM1,Metropolitan,Medium,4.0,4.0,5.0,3.0,3.0,NAMBOUR,4.0,0.0,Steady,2,True
2026-05,Estia Health Noosa,Estia Investments Pty Ltd,Private for Profit,QLD,Sunshine Coast,MM1,Metropolitan,Large,4.0,4.0,4.0,3.0,3.0,TEWANTIN,4.0,0.0,Steady,2,True
2026-05,Estia Health Norah Head,Estia Investments Pty Ltd,Private for Profit,NSW,Central Coast,MM1,Metropolitan,Small,4.0,4.0,4.0,3.0,4.0,NORAH HEAD,,,New/First,1,True
2026-05,Estia Health Oakleigh East,Estia Investments Pty Ltd,Private for Profit,VIC,Eastern Metro,MM1,Metropolitan,Large,4.0,3.0,5.0,3.0,3.0,OAKLEIGH,4.0,0.0,Steady,12,True
2026-05,Estia Health Pacific Paradise,Estia Investments Pty Ltd,Private for Profit,QLD,Sunshine Coast,MM1,Metropolitan,Large,4.0,4.0,5.0,4.0,2.0,PACIFIC PARADISE,4.0,0.0,Steady,5,True
2026-05,Estia Health Parkside,Estia Investments Pty Ltd,Private for Profit,SA,Metropolitan East,MM1,Metropolitan,Small,4.0,4.0,5.0,4.0,5.0,PARKSIDE,4.0,0.0,Steady,8,True
2026-05,Estia Health Plenty,Estia Investments Pty Ltd,Private for Profit,VIC,Northern Metro,MM1,Metropolitan,Large,,,4.0,3.0,3.0,PLENTY,,,New/First,1,True
2026-05,Estia Health Plenty Valley,Estia Investments Pty Ltd,Private for Profit,VIC,Northern Metro,MM1,Metropolitan,Medium,4.0,3.0,5.0,3.0,5.0,SOUTH MORANG,4.0,0.0,Steady,8,True
2026-05,Estia Health Reservoir,Estia Investments Pty Ltd,Private for Profit,VIC,Northern Metro,MM1,Metropolitan,Large,,,4.0,3.0,3.0,RESERVOIR,,,New/First,1,True
2026-05,Estia Health Ringwood,Estia Investments Pty Ltd,Private for Profit,VIC,Eastern Metro,MM1,Metropolitan,Large,4.0,3.0,5.0,3.0,3.0,RINGWOOD,4.0,0.0,Steady,4,True
2026-05,Estia Health Robina,Estia Investments Pty Ltd,Private for Profit,QLD,South Coast,MM1,Metropolitan,Large,4.0,4.0,4.0,3.0,3.0,ROBINA,4.0,0.0,Steady,2,True
2026-05,Estia Health Ryde,Estia Investments Pty Ltd,Private for Profit,NSW,Northern Sydney,MM1,Metropolitan,Small,4.0,4.0,5.0,3.0,5.0,RYDE,4.0,0.0,Steady,6,True
2026-05,Estia Health Salisbury,Estia Investments Pty Ltd,Private for Profit,SA,Metropolitan North,MM1,Metropolitan,Medium,3.0,3.0,5.0,3.0,2.0,SALISBURY,3.0,0.0,Steady,13,True
2026-05,Estia Health Salisbury East,Estia Investments Pty Ltd,Private for Profit,SA,Metropolitan North,MM1,Metropolitan,Medium,4.0,3.0,5.0,2.0,4.0,SALISBURY EAST,3.0,1.0,Improved,1,True
2026-05,Estia Health South Morang,Estia Investments Pty Ltd,Private for Profit,VIC,Northern Metro,MM1,Metropolitan,Large,3.0,3.0,5.0,2.0,3.0,SOUTH MORANG,4.0,-1.0,Declined,1,True
2026-05,Estia Health Southport,Estia Investments Pty Ltd,Private for Profit,QLD,South Coast,MM1,Metropolitan,Large,4.0,4.0,5.0,3.0,3.0,SOUTHPORT,4.0,0.0,Steady,8,True
2026-05,Estia Health St Ives,Estia Investments Pty Ltd,Private for Profit,NSW,Northern Sydney,MM1,Metropolitan,Large,4.0,4.0,4.0,3.0,3.0,ST IVES,4.0,0.0,Steady,2,True
2026-05,Estia Health Strathalbyn,Estia Investments Pty Ltd,Private for Profit,SA,"Hills, Mallee & Southern",MM4,Medium rural towns,Small,4.0,4.0,5.0,4.0,2.0,STRATHALBYN,4.0,0.0,Steady,7,True
2026-05,Estia Health Taree,Estia Investments Pty Ltd,Private for Profit,NSW,Mid North Coast,MM3,Large rural towns,Large,4.0,4.0,5.0,1.0,4.0,TAREE,4.0,0.0,Steady,2,True
2026-05,Estia Health Tea Gardens,Estia Investments Pty Ltd,Private for Profit,NSW,Mid North Coast,MM5,Small rural towns,Large,4.0,4.0,5.0,2.0,3.0,TEA GARDENS,4.0,0.0,Steady,13,True
2026-05,Estia Health Toorak Gardens,Estia Investments Pty Ltd,Private for Profit,SA,Metropolitan East,MM1,Metropolitan,Small,4.0,3.0,5.0,4.0,2.0,TOORAK GARDENS,4.0,0.0,Steady,13,True
2026-05,Estia Health Tuncurry,Estia Investments Pty Ltd,Private for Profit,NSW,Mid North Coast,MM3,Large rural towns,Large,4.0,4.0,5.0,3.0,5.0,TUNCURRY,4.0,0.0,Steady,13,True
2026-05,Estia Health Twin Waters,Estia Investments Pty Ltd,Private for Profit,QLD,Sunshine Coast,MM1,Metropolitan,Large,3.0,3.0,5.0,3.0,1.0,TWIN WATERS,4.0,-1.0,Declined,1,True
2026-05,Estia Health Valley View,Estia Investments Pty Ltd,Private for Profit,SA,Metropolitan East,MM1,Metropolitan,Medium,3.0,3.0,5.0,2.0,3.0,VALLEY VIEW,4.0,-1.0,Declined,1,True
2026-05,Estia Health Victoria Heights,Estia Investments Pty Ltd,Private for Profit,VIC,Loddon-Mallee,MM2,Regional centres,Medium,3.0,3.0,5.0,1.0,3.0,IRONBARK,3.0,0.0,Steady,13,True
2026-05,Estia Health Victoria Point,Estia Investments Pty Ltd,Private for Profit,QLD,Brisbane South,MM1,Metropolitan,Large,,3.0,,,,VICTORIA POINT,,,New/First,1,True
2026-05,Estia Health Warrawee,Estia Investments Pty Ltd,Private for Profit,NSW,Northern Sydney,MM1,Metropolitan,Large,,4.0,,3.0,3.0,WARRAWEE,,,New/First,1,True
2026-05,Estia Health Wattle Glen,Estia Investments Pty Ltd,Private for Profit,VIC,Northern Metro,MM1,Metropolitan,Medium,4.0,4.0,5.0,3.0,4.0,WATTLE GLEN,4.0,0.0,Steady,7,True
2026-05,Estia Health Werribee,Estia Investments Pty Ltd,Private for Profit,VIC,Western Metro,MM1,Metropolitan,Medium,4.0,3.0,5.0,3.0,4.0,WERRIBEE,4.0,0.0,Steady,12,True
2026-05,Estia Health Willoughby,Estia Investments Pty Ltd,Private for Profit,NSW,Northern Sydney,MM1,Metropolitan,Medium,4.0,4.0,5.0,2.0,5.0,WILLOUGHBY,4.0,0.0,Steady,13,True
2026-05,Estia Health Wodonga,Estia Investments Pty Ltd,Private for Profit,VIC,Hume,MM2,Regional centres,Medium,4.0,3.0,5.0,3.0,3.0,WODONGA,3.0,1.0,Improved,1,True
2026-05,Estia Health Wyoming,Estia Investments Pty Ltd,Private for Profit,NSW,Central Coast,MM1,Metropolitan,Small,3.0,3.0,4.0,3.0,3.0,WYOMING,,,New/First,1,True
2026-05,Estia Health Yarra Valley,Estia Investments Pty Ltd,Private for Profit,VIC,Eastern Metro,MM2,Regional centres,Medium,3.0,3.0,5.0,3.0,2.0,YARRA JUNCTION,4.0,-1.0,Declined,1,True
2026-05,Eudunda Senior Citizens Hostel,Barossa Hills Fleurieu Local Health Network Incorporated,Government,SA,"Yorke, Lower North & Barossa",MM5,Small rural towns,Small,4.0,2.0,5.0,5.0,3.0,EUDUNDA,4.0,0.0,Steady,10,True
2026-05,Eureka Village Hostel,Grampians Health,Government,VIC,Grampians,MM2,Regional centres,Small,4.0,3.0,5.0,4.0,1.0,BALLARAT EAST,4.0,0.0,Steady,13,True
2026-05,Eva Tilley Memorial Hostel,EVA TILLEY MEMORIAL HOME INCORPORATED,Not for Profit,VIC,Eastern Metro,MM1,Metropolitan,Large,3.0,3.0,5.0,2.0,3.0,BALWYN NORTH,4.0,-1.0,Declined,1,True
2026-05,Eventide Charters Towers,Townsville Hospital and Health Service,Government,QLD,Northern,MM4,Medium rural towns,Medium,,,,,,RICHMOND HILL,,,New/First,1,True
2026-05,Eventide Home Rockhampton,Central Queensland Hospital and Health Service,Government,QLD,Fitzroy,MM2,Regional centres,Medium,,,,,,ROCKHAMPTON,,,New/First,1,True
2026-05,Eventide Homes (Stawell) Inc,Eventide Homes (Stawell) Inc,Not for Profit,VIC,Grampians,MM4,Medium rural towns,Medium,3.0,3.0,5.0,2.0,3.0,STAWELL,3.0,0.0,Steady,13,True
2026-05,Everard Park Care Community,DPG Services Pty Ltd,Private for Profit,SA,Metropolitan East,MM1,Metropolitan,Medium,,3.0,4.0,,2.0,EVERARD PARK,3.0,,New/First,1,True
2026-05,Evergreen Lodge,Evergreen Life Care Limited,Not for Profit,NSW,Central Coast,MM1,Metropolitan,Medium,4.0,4.0,5.0,3.0,3.0,GOSFORD WEST,4.0,0.0,Steady,7,True
2026-05,Eyre Peninsula Old Folks Home,Eyre Peninsula Old Folks Home Inc,Not for Profit,SA,Eyre Peninsula,MM6,Remote communities,Medium,4.0,3.0,5.0,5.0,3.0,PORT LINCOLN,4.0,0.0,Steady,3,True
2026-05,Fairfield Nursing Home,Fresh Fields Management (NSW) Pty Ltd,Private for Profit,NSW,South West Sydney,MM1,Metropolitan,Medium,4.0,4.0,5.0,2.0,2.0,FAIRFIELD,4.0,0.0,Steady,3,True
2026-05,Fairhaven,FREE REFORMED RETIREMENT VILLAGE ASSOCIATION (INC.),Not for Profit,WA,Metropolitan South East,MM1,Metropolitan,Small,5.0,4.0,5.0,5.0,5.0,ARMADALE,5.0,0.0,Steady,3,True
2026-05,Fairlea Aged Care @ Harris Park,Trinity Aged Care Pty Ltd Trustee For N J Fung Family Trust,Private for Profit,NSW,Western Sydney,MM1,Metropolitan,Small,3.0,4.0,5.0,1.0,3.0,HARRIS PARK,4.0,-1.0,Declined,1,True
2026-05,Fairlea Aged Care @ Penshurst,Oreison Pty Ltd Trustee for EM Trust Trading As Fairlea Aged Care @ Penshurst,Private for Profit,NSW,South East Sydney,MM1,Metropolitan,Medium,4.0,4.0,5.0,3.0,5.0,PENSHURST,4.0,0.0,Steady,13,True
2026-05,Fairlea Aged Care @ Rosehill,Trinity Aged Care Pty Ltd Trustee For N J Fung Family Trust,Private for Profit,NSW,Western Sydney,MM1,Metropolitan,Small,4.0,3.0,5.0,3.0,5.0,ROSEHILL,4.0,0.0,Steady,12,True
2026-05,Fairmont Aged Care Centre,Fairmont NSW Pty Ltd,Private for Profit,NSW,South East Sydney,MM1,Metropolitan,Small,4.0,3.0,5.0,4.0,3.0,BEXLEY,4.0,0.0,Steady,13,True
2026-05,Fairview Inc,Fairview Village Limited,Not for Profit,VIC,Gippsland,MM4,Medium rural towns,Medium,4.0,4.0,5.0,3.0,4.0,WARRAGUL,4.0,0.0,Steady,4,True
2026-05,Fairway Bayside Aged Care,Fairway Bayside Aged Care,Not for Profit,VIC,Southern Metro,MM1,Metropolitan,Medium,4.0,4.0,5.0,4.0,3.0,SANDRINGHAM,4.0,0.0,Steady,10,True
2026-05,Fairway Rise,Southern Cross Care (Tas) Inc,Not for Profit,TAS,Southern,MM2,Regional centres,Medium,3.0,3.0,5.0,2.0,3.0,LINDISFARNE,4.0,-1.0,Declined,1,True
2026-05,Faversham House,Boroondara Aged Services Society,Not for Profit,VIC,Eastern Metro,MM1,Metropolitan,Large,4.0,3.0,5.0,4.0,3.0,CANTERBURY,4.0,0.0,Steady,13,True
2026-05,Ferndale Gardens Aged Care Facility,Aspic Holdings Pty Ltd,Private for Profit,NSW,South East Sydney,MM1,Metropolitan,Large,4.0,4.0,5.0,2.0,4.0,MORTDALE,4.0,0.0,Steady,10,True
2026-05,Ferndale Gardens Aged Care Services,Wickro Pty Ltd,Private for Profit,VIC,Eastern Metro,MM1,Metropolitan,Large,3.0,3.0,5.0,2.0,3.0,BAYSWATER NORTH,4.0,-1.0,Declined,1,True
2026-05,Feros Village Bangalow,Feros Care,Not for Profit,NSW,Far North Coast,MM4,Medium rural towns,Small,3.0,3.0,4.0,3.0,4.0,BANGALOW,4.0,-1.0,Declined,1,True
2026-05,Feros Village Wommin Bay,Wommin Bay Hostels Ltd,Not for Profit,NSW,Far North Coast,MM1,Metropolitan,Medium,4.0,4.0,5.0,3.0,5.0,KINGSCLIFF,4.0,0.0,Steady,13,True
2026-05,Fig Tree Point Aged Care Facility,Hunter Valley Care Pty Ltd,Private for Profit,NSW,Hunter,MM1,Metropolitan,Medium,4.0,4.0,5.0,4.0,3.0,TORONTO,4.0,0.0,Steady,3,True
2026-05,Finley Regional Care,Finley Regional Care Ltd,Not for Profit,NSW,Riverina/Murray,MM5,Small rural towns,Medium,4.0,4.0,5.0,2.0,4.0,FINLEY,4.0,0.0,Steady,5,True
2026-05,Finncare Aged Care,Finncare Incorporated,Not for Profit,QLD,Brisbane South,MM1,Metropolitan,Small,4.0,4.0,5.0,4.0,3.0,THORNLANDS,4.0,0.0,Steady,9,True
2026-05,Fitzgerald Memorial Aged Care Facility Limited,Fitzgerald Memorial Aged Care Facility Limited,Not for Profit,NSW,Nepean,MM1,Metropolitan,Small,4.0,4.0,5.0,5.0,3.0,WINDSOR,5.0,-1.0,Declined,1,True
2026-05,Flinders Island Multipurpose Centre,Tasmanian Health Service,Government,TAS,Northern,MM7,Very remote communities,Small,5.0,4.0,5.0,5.0,4.0,WHITEMARK,4.0,1.0,Improved,1,True
2026-05,Florence Price Gardens,RSL LifeCare Limited,Not for Profit,NSW,Far North Coast,MM3,Large rural towns,Large,4.0,4.0,5.0,5.0,3.0,BALLINA,4.0,0.0,Steady,4,True
2026-05,Flynn Lodge,Australian Regional and Remote Community Services Limited,Not for Profit,NT,Alice Springs,MM6,Remote communities,Small,4.0,4.0,4.0,5.0,3.0,ALICE SPRINGS,4.0,0.0,Steady,3,True
2026-05,Forest Lake Lodge,DPG Services Pty Ltd,Private for Profit,QLD,Brisbane South,MM1,Metropolitan,Large,,,,,,FOREST LAKE,,,New/First,1,True
2026-05,Forest Lodge Residential Aged Care,Great Oaks Pty Ltd,Private for Profit,VIC,Southern Metro,MM1,Metropolitan,Large,3.0,4.0,4.0,1.0,2.0,FRANKSTON NORTH,4.0,-1.0,Declined,1,True
2026-05,Forest View Aged Persons Home,Forest View Childers Inc,Not for Profit,QLD,Wide Bay,MM5,Small rural towns,Small,4.0,5.0,5.0,5.0,1.0,CHILDERS,4.0,0.0,Steady,8,True
2026-05,Forest View Residential Care Facility,Darling Downs Hospital and Health Service,Government,QLD,Wide Bay,MM5,Small rural towns,Small,,,,,,WONDAI,,,New/First,1,True
2026-05,Francis Of Assisi Home,The Corporation of the Franciscan Sisters of the Heart of Jesus (QLD),Not for Profit,QLD,Mackay,MM2,Regional centres,Large,4.0,4.0,5.0,1.0,5.0,WEST MACKAY,4.0,0.0,Steady,13,True
2026-05,Frank And Jess Kennett Home,United Protestant Association of NSW Limited,Not for Profit,NSW,Illawarra,MM1,Metropolitan,Small,4.0,4.0,5.0,5.0,3.0,STANWELL PARK,4.0,0.0,Steady,4,True
2026-05,Frank Prendergast House,Southern Cross Care (WA) Inc,Not for Profit,WA,Metropolitan South West,MM1,Metropolitan,Medium,3.0,3.0,4.0,3.0,3.0,SUCCESS,3.0,0.0,Steady,13,True
2026-05,Frankston Nursing Home,Merakis Enterprises Pty Ltd,Private for Profit,VIC,Southern Metro,MM1,Metropolitan,Small,4.0,4.0,5.0,3.0,2.0,FRANKSTON,4.0,0.0,Steady,8,True
2026-05,Fred French,Respect Group Limited,Not for Profit,TAS,Northern,MM2,Regional centres,Medium,3.0,4.0,4.0,2.0,2.0,NEWSTEAD,3.0,0.0,Steady,3,True
2026-05,Fred Ward Gardens,RSL LifeCare Limited,Not for Profit,ACT,ACT,MM1,Metropolitan,Large,4.0,4.0,5.0,5.0,1.0,CURTIN,4.0,0.0,Steady,6,True
2026-05,Frederic House,St Vincent de Paul Society NSW,Not for Profit,NSW,South East Sydney,MM1,Metropolitan,Small,4.0,3.0,4.0,5.0,3.0,WATERLOO,4.0,0.0,Steady,2,True
2026-05,Freshwater Bay Nursing Home,Fresh Fields Aged Care Pty Ltd,Private for Profit,WA,Metropolitan North,MM1,Metropolitan,Small,3.0,4.0,4.0,1.0,3.0,MOSMAN PARK,,,New/First,1,True
2026-05,Fronditha Anesi Aged Care Services - Thornbury,Fronditha Care,Not for Profit,VIC,Northern Metro,MM1,Metropolitan,Large,3.0,3.0,5.0,1.0,3.0,THORNBURY,3.0,0.0,Steady,2,True
2026-05,Fronditha Clayton Aged Care,Fronditha Care,Not for Profit,VIC,Southern Metro,MM1,Metropolitan,Large,3.0,3.0,5.0,3.0,2.0,CLAYTON SOUTH,4.0,-1.0,Declined,1,True
2026-05,Fronditha Lower Templestowe,Fronditha Care,Not for Profit,VIC,Eastern Metro,MM1,Metropolitan,Small,3.0,3.0,5.0,2.0,2.0,TEMPLESTOWE LOWER,4.0,-1.0,Declined,1,True
2026-05,Fronditha Thalpori Aged Care Services - St Albans,Fronditha Care,Not for Profit,VIC,Western Metro,MM1,Metropolitan,Medium,4.0,4.0,5.0,2.0,3.0,ST ALBANS,4.0,0.0,Steady,11,True
2026-05,Fullarton Residential Care,Southern Cross Care (SA NT & VIC) Incorporated,Not for Profit,SA,Metropolitan East,MM1,Metropolitan,Small,3.0,3.0,5.0,2.0,3.0,FULLARTON,4.0,-1.0,Declined,1,True
2026-05,Gallipoli Home,Gallipoli Health Services Limited,Not for Profit,NSW,Western Sydney,MM1,Metropolitan,Large,4.0,4.0,4.0,3.0,3.0,AUBURN,4.0,0.0,Steady,4,True
2026-05,Garden City Retirement Home,Alzheimer's Association of Queensland Inc,Not for Profit,QLD,Brisbane South,MM1,Metropolitan,Small,,4.0,5.0,,2.0,UPPER MOUNT GRAVATT,4.0,,New/First,1,True
2026-05,Garden View Court Hostel,East Grampians Health Service,Government,VIC,Grampians,MM4,Medium rural towns,Small,4.0,4.0,5.0,5.0,3.0,ARARAT,5.0,-1.0,Declined,1,True
2026-05,Garden View Nursing Home,Garden View Aged Care Pty Ltd,Not for Profit,NSW,Western Sydney,MM1,Metropolitan,Small,4.0,3.0,4.0,3.0,5.0,MERRYLANDS WEST,4.0,0.0,Steady,2,True
2026-05,Garden Village,Garden Village Port Macquarie,Not for Profit,NSW,Mid North Coast,MM3,Large rural towns,Large,3.0,4.0,5.0,2.0,1.0,PORT MACQUARIE,4.0,-1.0,Declined,1,True
2026-05,Garrawarra Centre,NSW State Government (NSW Ministry of Health),Government,NSW,South East Sydney,MM2,Regional centres,Medium,4.0,2.0,5.0,5.0,2.0,WATERFALL,4.0,0.0,Steady,7,True
2026-05,Gawler Hillside Care Community,DPG Services Pty Ltd,Private for Profit,SA,Metropolitan North,MM1,Metropolitan,Large,,3.0,4.0,,3.0,GAWLER EAST,3.0,,New/First,1,True
2026-05,Geegeelup Aged Care Facility,Geegeelup Village Incorporated,Not for Profit,WA,South West,MM5,Small rural towns,Small,4.0,4.0,5.0,4.0,5.0,BRIDGETOWN,4.0,0.0,Steady,9,True
2026-05,Genista Aged Care Facility,Korlim Pty Ltd,Private for Profit,NSW,Western Sydney,MM1,Metropolitan,Medium,,,,,,GREYSTANES,,,New/First,1,True
2026-05,Geoffrey Cutter Centre,Grampians Health,Government,VIC,Grampians,MM2,Regional centres,Small,4.0,3.0,5.0,5.0,2.0,BALLARAT,4.0,0.0,Steady,13,True
2026-05,Georges Estate Health & Aged Care,"Kogarah Health, Aged and Community Care (NSW) Pty Ltd",Private for Profit,NSW,South East Sydney,MM1,Metropolitan,Large,4.0,4.0,4.0,3.0,3.0,PENSHURST,4.0,0.0,Steady,4,True
2026-05,Geraldton Shore Care Community,DPG Services Pty Ltd,Private for Profit,WA,Mid West,MM3,Large rural towns,Medium,,3.0,5.0,,3.0,GERALDTON,4.0,,New/First,1,True
2026-05,Germanus Kent House,Southern Cross Care (WA) Inc,Not for Profit,WA,Kimberley,MM6,Remote communities,Small,4.0,4.0,5.0,4.0,3.0,BROOME,4.0,0.0,Steady,2,True
2026-05,Gibson Street Complex,Bendigo Health Care Group,Government,VIC,Loddon-Mallee,MM2,Regional centres,Large,4.0,4.0,5.0,2.0,3.0,NORTH BENDIGO,4.0,0.0,Steady,5,True
2026-05,Gill Waminda Aged Care Plus Centre,The Salvation Army (NSW) Property Trust,Not for Profit,NSW,Southern Highlands,MM3,Large rural towns,Medium,3.0,4.0,5.0,2.0,1.0,GOULBURN,4.0,-1.0,Declined,1,True
2026-05,Gillawarna Village,Bankstown City Aged Care Ltd,Not for Profit,NSW,South West Sydney,MM1,Metropolitan,Large,4.0,4.0,5.0,3.0,3.0,GEORGES HALL,4.0,0.0,Steady,6,True
2026-05,Glades Bay Gardens,Twilight House,Not for Profit,NSW,Northern Sydney,MM1,Metropolitan,Small,4.0,4.0,5.0,4.0,4.0,GLADESVILLE,4.0,0.0,Steady,9,True
2026-05,Glaica House,Great Lakes Aged & Invalid Care Association Ltd,Not for Profit,NSW,Mid North Coast,MM3,Large rural towns,Large,4.0,4.0,5.0,2.0,4.0,TUNCURRY,4.0,0.0,Steady,7,True
2026-05,Glanville Village,Echuca Regional Health,Government,VIC,Loddon-Mallee,MM3,Large rural towns,Small,4.0,4.0,5.0,5.0,1.0,ECHUCA,4.0,0.0,Steady,13,True
2026-05,Glen Osmond Grove Care Community,DPG Services Pty Ltd,Private for Profit,SA,Metropolitan East,MM1,Metropolitan,Medium,,3.0,4.0,,3.0,GLEN OSMOND,3.0,,New/First,1,True
2026-05,Glen Waverley Nursing Home,Menarock Aged Care Services (Victoria) Pty Ltd,Private for Profit,VIC,Eastern Metro,MM1,Metropolitan,Small,4.0,3.0,5.0,4.0,4.0,GLEN WAVERLEY,4.0,0.0,Steady,5,True
2026-05,Glenara Lakes,Southern Cross Care (Tas) Inc,Not for Profit,TAS,Northern,MM2,Regional centres,Medium,3.0,3.0,5.0,2.0,3.0,YOUNGTOWN,3.0,0.0,Steady,2,True
2026-05,Glenarm Nursing Home,Kerang District Health,Government,VIC,Loddon-Mallee,MM5,Small rural towns,Small,5.0,4.0,5.0,5.0,4.0,KERANG,5.0,0.0,Steady,9,True
2026-05,Glenbrook,Sunshine Coast Hospital and Health Service,Government,QLD,Sunshine Coast,MM1,Metropolitan,Small,,,,,,NAMBOUR,,,New/First,1,True
2026-05,Glenella Care,Respect Group Limited,Not for Profit,QLD,Mackay,MM2,Regional centres,Large,,,,,,GLENELLA,4.0,,New/First,1,True
2026-05,Glengarry,Twilight House,Not for Profit,NSW,Northern Sydney,MM1,Metropolitan,Small,4.0,5.0,5.0,2.0,4.0,MOSMAN,4.0,0.0,Steady,13,True
2026-05,Glengollan Village,Glengollan Village,Not for Profit,VIC,Eastern Metro,MM1,Metropolitan,Medium,3.0,4.0,5.0,2.0,1.0,FERNTREE GULLY,3.0,0.0,Steady,2,True
2026-05,Glenmore Park Care Community,DPG Services Pty Ltd,Private for Profit,NSW,Nepean,MM1,Metropolitan,Large,,3.0,5.0,,3.0,GLENMORE PARK,4.0,,New/First,1,True
2026-05,Glenroy Grove Care Community,DPG Services Pty Ltd,Private for Profit,VIC,Northern Metro,MM1,Metropolitan,Medium,,4.0,4.0,,3.0,GLENROY,4.0,,New/First,1,True
2026-05,Glenroy Terrace Care Community,DPG Services Pty Ltd,Private for Profit,VIC,Northern Metro,MM1,Metropolitan,Large,,3.0,4.0,,3.0,GLENROY,3.0,,New/First,1,True
2026-05,Glenview Community Care Nursing Home,Glenview Health Inc,Not for Profit,VIC,Hume,MM4,Medium rural towns,Small,4.0,4.0,5.0,3.0,4.0,RUTHERGLEN,4.0,0.0,Steady,8,True
2026-05,Glenview Community Services Inc.,Glenview Community Services Inc,Not for Profit,TAS,Southern,MM2,Regional centres,Medium,4.0,4.0,5.0,5.0,3.0,GLENORCHY,5.0,-1.0,Declined,1,True
2026-05,Glenwood Nursing Home,Fresh Fields Aged Care (NSW) - No 1 Pty Ltd,Private for Profit,NSW,Northern Sydney,MM1,Metropolitan,Small,4.0,4.0,5.0,3.0,5.0,GREENWICH,4.0,0.0,Steady,11,True
2026-05,Golden Oaks Nursing Home,Bendigo Health Care Group,Government,VIC,Loddon-Mallee,MM2,Regional centres,Small,4.0,3.0,5.0,5.0,3.0,GOLDEN SQUARE,4.0,0.0,Steady,8,True
2026-05,Good Shepherd Lodge,Good Shepherd Lodge Ltd,Not for Profit,QLD,Mackay,MM2,Regional centres,Large,4.0,4.0,5.0,2.0,2.0,MACKAY,,,New/First,1,True
2026-05,Goodwin Ainslie (Goodwin House),Goodwin Aged Care Services Limited,Not for Profit,ACT,ACT,MM1,Metropolitan,Medium,4.0,4.0,5.0,4.0,4.0,AINSLIE,4.0,0.0,Steady,9,True
2026-05,Goodwin Farrer (George Sautelle House),Goodwin Aged Care Services Limited,Not for Profit,ACT,ACT,MM1,Metropolitan,Medium,4.0,4.0,5.0,4.0,4.0,FARRER,4.0,0.0,Steady,13,True
2026-05,Goodwin Monash,Goodwin Aged Care Services Limited,Not for Profit,ACT,ACT,MM1,Metropolitan,Large,4.0,3.0,5.0,3.0,4.0,MONASH,4.0,0.0,Steady,13,True
2026-05,Goondee Aged Care Home,Rasko Holdings Pty Ltd,Private for Profit,NSW,Inner West,MM1,Metropolitan,Small,4.0,4.0,5.0,3.0,3.0,STRATHFIELD,4.0,0.0,Steady,4,True
2026-05,Gordon Lodge,Air Force Association WA Limited,Not for Profit,WA,Metropolitan South West,MM1,Metropolitan,Small,4.0,4.0,5.0,5.0,3.0,BULL CREEK,4.0,0.0,Steady,11,True
2026-05,Gorrinn House Hostel,Ararat Retirement Village Inc,Not for Profit,VIC,Grampians,MM4,Medium rural towns,Medium,4.0,3.0,5.0,2.0,4.0,ARARAT,4.0,0.0,Steady,4,True
2026-05,Governor Phillip Manor,RSL LifeCare Limited,Not for Profit,NSW,Nepean,MM1,Metropolitan,Medium,4.0,4.0,5.0,3.0,2.0,PENRITH,4.0,0.0,Steady,12,True
2026-05,Grace Munro Centre,Grace Munro Aged Care Centre Ltd,Not for Profit,NSW,New England,MM5,Small rural towns,Small,4.0,5.0,4.0,5.0,3.0,BUNDARRA,4.0,0.0,Steady,3,True
2026-05,Grace Of Mary Greek Cypriot Elderly Hostel,The Community of Cypriots of the Northern Suburbs of Melbourne Inc,Not for Profit,VIC,Northern Metro,MM1,Metropolitan,Small,4.0,5.0,5.0,4.0,1.0,EPPING,4.0,0.0,Steady,12,True
2026-05,Grace Villa Aged Care,Samkay Health Pty Ltd,Private for Profit,VIC,Northern Metro,MM1,Metropolitan,Small,4.0,3.0,5.0,3.0,3.0,GREENSBOROUGH,4.0,0.0,Steady,2,True
2026-05,Graceland Manor,Burswood Care Pty Ltd,Private for Profit,VIC,Southern Metro,MM1,Metropolitan,Small,,,,,,ELSTERNWICK,,,New/First,1,True
2026-05,Grafton Aged Care Home,Fresh Fields Management (NSW) Pty Ltd,Private for Profit,NSW,Far North Coast,MM3,Large rural towns,Small,3.0,2.0,5.0,1.0,1.0,GRAFTON,3.0,0.0,Steady,2,True
2026-05,Grafton Community Aged Care,Luson Aged Care Pty Ltd,Not for Profit,NSW,Far North Coast,MM3,Large rural towns,Large,,,,,,SOUTH GRAFTON,,,New/First,1,True
2026-05,Grand Cedar,Aged Care Group Pty Ltd,Private for Profit,VIC,Eastern Metro,MM1,Metropolitan,Medium,3.0,3.0,5.0,1.0,3.0,ASHWOOD,4.0,-1.0,Declined,1,True
2026-05,Grandton Roshana Care,Burswood Care Pty Ltd,Private for Profit,WA,Metropolitan South West,MM1,Metropolitan,Small,4.0,4.0,4.0,5.0,3.0,APPLECROSS,4.0,0.0,Steady,2,True
2026-05,Grandview Lodge,East Wimmera Health Service,Government,VIC,Loddon-Mallee,MM5,Small rural towns,Small,5.0,5.0,5.0,5.0,5.0,WYCHEPROOF,5.0,0.0,Steady,2,True
2026-05,Grange Residential Care Services,Western District Health Service,Government,VIC,Barwon-South Western,MM4,Medium rural towns,Small,4.0,4.0,5.0,3.0,4.0,HAMILTON,4.0,0.0,Steady,11,True
2026-05,GraniteHill Aged Care,Euroa Health Inc,Not for Profit,VIC,Hume,MM5,Small rural towns,Medium,3.0,3.0,5.0,2.0,3.0,EUROA,4.0,-1.0,Declined,1,True
2026-05,Grant Lodge Aged Care Facility,Western Health,Government,VIC,Grampians,MM1,Metropolitan,Small,5.0,4.0,5.0,5.0,4.0,BACCHUS MARSH,5.0,0.0,Steady,4,True
2026-05,Grasmere Terrace,Carrington Centennial Care Limited,Not for Profit,NSW,South West Sydney,MM1,Metropolitan,Medium,4.0,3.0,5.0,3.0,4.0,GRASMERE,4.0,0.0,Steady,10,True
2026-05,Green Hills Residential Care Service,The Churches of Christ Property Trust,Not for Profit,NSW,Hunter,MM1,Metropolitan,Large,4.0,4.0,5.0,3.0,3.0,EAST MAITLAND,4.0,0.0,Steady,13,True
2026-05,Greenhill Manor,Greenhill Manor Pty Limited,Private for Profit,NSW,Illawarra,MM1,Metropolitan,Medium,4.0,4.0,5.0,3.0,3.0,FIGTREE,4.0,0.0,Steady,2,True
2026-05,Greenway Gardens,Menarock Aged Care Services (Victoria) Pty Ltd,Private for Profit,VIC,Eastern Metro,MM1,Metropolitan,Small,4.0,3.0,5.0,2.0,4.0,HEATHMONT,4.0,0.0,Steady,4,True
2026-05,Greenwich Place,DPG Services Pty Ltd,Private for Profit,NSW,Northern Sydney,MM1,Metropolitan,Medium,,,,,,GREENWICH,5.0,,New/First,1,True
2026-05,Greenwood Manor,Aged Care Group Pty Ltd,Private for Profit,VIC,Southern Metro,MM1,Metropolitan,Small,,4.0,,,,DINGLEY VILLAGE,,,New/First,1,True
2026-05,Grenoch Home,Aged Care Deloraine Inc,Not for Profit,TAS,Northern,MM5,Small rural towns,Small,4.0,4.0,5.0,4.0,3.0,DELORAINE,4.0,0.0,Steady,5,True
2026-05,Griffiths Point Lodge Hostel,Bayside Health,Government,VIC,Gippsland,MM5,Small rural towns,Small,,,,,,SAN REMO,4.0,,New/First,1,True
2026-05,Groves House,Christian Community Services,Not for Profit,NSW,Hunter,MM1,Metropolitan,Small,4.0,4.0,5.0,3.0,3.0,CARDIFF HEIGHTS,4.0,0.0,Steady,4,True
2026-05,Grutzner House,Goulburn Valley Health,Government,VIC,Hume,MM3,Large rural towns,Small,4.0,4.0,5.0,5.0,1.0,SHEPPARTON,4.0,0.0,Steady,13,True
2026-05,Guildford Nursing Home,GUILDFORD MANAGEMENT PTY. LIMITED,Private for Profit,NSW,Western Sydney,MM1,Metropolitan,Small,4.0,4.0,5.0,3.0,3.0,GUILDFORD,4.0,0.0,Steady,4,True
2026-05,Guildford Village,Pu-Fam Pty Ltd,Private for Profit,WA,Metropolitan East,MM1,Metropolitan,Medium,3.0,3.0,3.0,4.0,3.0,GUILDFORD,3.0,0.0,Steady,2,True
2026-05,Guilford Young Grove,Southern Cross Care (Tas) Inc,Not for Profit,TAS,Southern,MM2,Regional centres,Small,4.0,3.0,5.0,5.0,3.0,SANDY BAY,4.0,0.0,Steady,10,True
2026-05,Gumleigh Gardens Hostel,United Protestant Association of NSW Limited,Not for Profit,NSW,Riverina/Murray,MM3,Large rural towns,Small,4.0,4.0,5.0,5.0,2.0,WAGGA WAGGA,4.0,0.0,Steady,7,True
2026-05,Gummun Place,Upper Hunter Shire Council,Government,NSW,Hunter,MM5,Small rural towns,Small,,5.0,5.0,,,MERRIWA,,,New/First,1,True
2026-05,Haddington Nursing Home,APOLLO CARE OPERATIONS PTY LIMITED,Private for Profit,NSW,New England,MM5,Small rural towns,Medium,4.0,3.0,4.0,4.0,4.0,TENTERFIELD,4.0,0.0,Steady,6,True
2026-05,Hahndorf Residential Care Services,Hahndorf Holdings Pty Ltd,Private for Profit,SA,"Hills, Mallee & Southern",MM2,Regional centres,Medium,4.0,3.0,5.0,3.0,3.0,HAHNDORF,4.0,0.0,Steady,3,True
2026-05,Hailey House Hostel,Grampians Health,Government,VIC,Grampians,MM2,Regional centres,Small,4.0,3.0,5.0,4.0,3.0,BALLARAT NORTH,4.0,0.0,Steady,13,True
2026-05,Hamersley Nursing Home,Fresh Fields Management (NSW) Pty Ltd,Private for Profit,WA,Metropolitan North,MM1,Metropolitan,Medium,3.0,3.0,5.0,2.0,3.0,SHENTON PARK,4.0,-1.0,Declined,1,True
2026-05,Hamlyn Terrace Care Community,DPG Services Pty Ltd,Private for Profit,NSW,Central Coast,MM1,Metropolitan,Large,,4.0,,,3.0,HAMLYN TERRACE,,,New/First,1,True
2026-05,HammondCare - Cardiff,HammondCare,Not for Profit,NSW,Hunter,MM1,Metropolitan,Medium,4.0,4.0,5.0,4.0,1.0,CARDIFF,3.0,1.0,Improved,1,True
2026-05,HammondCare - Caulfield Village,HammondCare,Not for Profit,VIC,Southern Metro,MM1,Metropolitan,Medium,4.0,4.0,5.0,4.0,1.0,CAULFIELD,4.0,0.0,Steady,2,True
2026-05,HammondCare - Darlinghurst,HammondCare,Not for Profit,NSW,South East Sydney,MM1,Metropolitan,Small,4.0,4.0,5.0,3.0,3.0,DARLINGHURST,4.0,0.0,Steady,5,True
2026-05,HammondCare - Erina,HammondCare,Not for Profit,NSW,Central Coast,MM1,Metropolitan,Medium,4.0,4.0,5.0,4.0,2.0,ERINA,4.0,0.0,Steady,2,True
2026-05,HammondCare - Horsley,HammondCare,Not for Profit,NSW,Illawarra,MM1,Metropolitan,Large,4.0,4.0,5.0,3.0,1.0,HORSLEY,4.0,0.0,Steady,6,True
2026-05,HammondCare - The Glens,HammondCare,Not for Profit,VIC,Southern Metro,MM1,Metropolitan,Small,4.0,4.0,5.0,3.0,1.0,CAULFIELD,4.0,0.0,Steady,3,True
2026-05,HammondCare - Wahroonga,HammondCare,Not for Profit,NSW,Northern Sydney,MM1,Metropolitan,Small,3.0,4.0,4.0,3.0,2.0,WAHROONGA,3.0,0.0,Steady,5,True
2026-05,HammondCare - Woy Woy,HammondCare,Not for Profit,NSW,Central Coast,MM1,Metropolitan,Medium,4.0,4.0,5.0,3.0,1.0,WOY WOY,3.0,1.0,Improved,1,True
2026-05,HammondCare Daw Park,HammondCare,Not for Profit,SA,Metropolitan South,MM1,Metropolitan,Medium,3.0,3.0,4.0,4.0,2.0,DAW PARK,3.0,0.0,Steady,4,True
2026-05,HammondCare Hammondville,HammondCare,Not for Profit,NSW,South West Sydney,MM1,Metropolitan,Large,3.0,4.0,4.0,3.0,1.0,HAMMONDVILLE,3.0,0.0,Steady,4,True
2026-05,HammondCare Mason,HammondCare,Not for Profit,NSW,South East Sydney,MM1,Metropolitan,Small,4.0,4.0,5.0,3.0,3.0,MIRANDA,4.0,0.0,Steady,11,True
2026-05,HammondCare North Turramurra,HammondCare,Not for Profit,NSW,Northern Sydney,MM1,Metropolitan,Large,4.0,4.0,5.0,5.0,1.0,NORTH TURRAMURRA,4.0,0.0,Steady,4,True
2026-05,HammondCare Scarborough,HammondCare,Not for Profit,NSW,South East Sydney,MM1,Metropolitan,Medium,4.0,5.0,5.0,5.0,1.0,MIRANDA,4.0,0.0,Steady,3,True
2026-05,HammondCare Waratah,HammondCare,Not for Profit,NSW,Hunter,MM1,Metropolitan,Large,3.0,4.0,4.0,3.0,1.0,WARATAH,4.0,-1.0,Declined,1,True
2026-05,Harbison Burradoo,Harbison Memorial Retirement Village,Not for Profit,NSW,South West Sydney,MM3,Large rural towns,Medium,4.0,4.0,5.0,4.0,4.0,BURRADOO,4.0,0.0,Steady,10,True
2026-05,Harbison Moss Vale,Harbison Memorial Retirement Village,Not for Profit,NSW,South West Sydney,MM3,Large rural towns,Large,4.0,4.0,5.0,4.0,4.0,MOSS VALE,4.0,0.0,Steady,10,True
2026-05,Harbour Quays Residential Aged Care,Provectus Care Pty Limited,Private for Profit,QLD,South Coast,MM1,Metropolitan,Large,5.0,5.0,5.0,5.0,4.0,BIGGERA WATERS,5.0,0.0,Steady,3,True
2026-05,Harbourside Lodge,Portland District Health,Government,VIC,Barwon-South Western,MM4,Medium rural towns,Small,4.0,4.0,5.0,5.0,1.0,PORTLAND,4.0,0.0,Steady,9,True
2026-05,Harbourside Residential Care,Port Stephens Veterans and Citizens Aged Care Ltd,Not for Profit,NSW,Hunter,MM4,Medium rural towns,Large,4.0,4.0,4.0,3.0,3.0,SHOAL BAY,4.0,0.0,Steady,5,True
2026-05,Harden Grange,APOLLO CARE OPERATIONS PTY LIMITED,Private for Profit,NSW,Southern Highlands,MM5,Small rural towns,Small,4.0,3.0,5.0,4.0,1.0,HARDEN,4.0,0.0,Steady,10,True
2026-05,Harmony Village Inc,Doutta Galla Aged Services Ltd,Not for Profit,VIC,Hume,MM3,Large rural towns,Medium,3.0,3.0,5.0,2.0,2.0,SHEPPARTON,4.0,-1.0,Declined,1,True
2026-05,Harold Williams Home,Southern Cross Care (QLD) Ltd,Not for Profit,NSW,Orana Far West,MM3,Large rural towns,Small,,3.0,,4.0,2.0,BROKEN HILL,,,New/First,1,True
2026-05,Havilah Hostel,Havilah Hostel Inc,Not for Profit,VIC,Loddon-Mallee,MM4,Medium rural towns,Medium,3.0,4.0,4.0,2.0,1.0,MARYBOROUGH,2.0,1.0,Improved,1,True
2026-05,Havilah on Palmerston,Havilah Hostel Inc,Not for Profit,VIC,Loddon-Mallee,MM4,Medium rural towns,Small,4.0,4.0,4.0,4.0,4.0,MARYBOROUGH,2.0,2.0,Improved,1,True
2026-05,Hawkesbury Living Pty Limited,Hawkesbury Living Pty Limited,Not for Profit,NSW,Nepean,MM1,Metropolitan,Large,3.0,3.0,4.0,3.0,4.0,RICHMOND,3.0,0.0,Steady,3,True
2026-05,Hawthorn Village,Christian Homes Tasmania Inc,Not for Profit,TAS,Southern,MM2,Regional centres,Small,5.0,5.0,5.0,5.0,4.0,BLACKMANS BAY,5.0,0.0,Steady,2,True
2026-05,Haydays Retirement Hostel,HAY SENIOR CITIZENS ASSOCIATION INC,Not for Profit,NSW,Riverina/Murray,MM5,Small rural towns,Small,4.0,5.0,5.0,2.0,4.0,HAY,4.0,0.0,Steady,4,True
2026-05,Healthia,Aged Care & Housing Group Inc,Not for Profit,SA,Metropolitan North,MM1,Metropolitan,Medium,4.0,3.0,4.0,5.0,3.0,ELIZABETH SOUTH,4.0,0.0,Steady,2,True
2026-05,Heathcote Health High Care Service,Heathcote Health,Government,VIC,Loddon-Mallee,MM5,Small rural towns,Small,5.0,5.0,5.0,5.0,4.0,HEATHCOTE,4.0,1.0,Improved,1,True
2026-05,Heathcote Health Low Care Service,Heathcote Health,Government,VIC,Loddon-Mallee,MM5,Small rural towns,Small,5.0,5.0,5.0,5.0,4.0,HEATHCOTE,4.0,1.0,Improved,1,True
2026-05,Heiden Park Lodge,United Protestant Association of NSW Limited,Not for Profit,NSW,South West Sydney,MM1,Metropolitan,Medium,4.0,4.0,5.0,5.0,3.0,CARRAMAR,4.0,0.0,Steady,7,True
2026-05,Hellenic Community Aged Care,HELLENIC COMMUNITY BENEVOLENT ASSOC INC,Not for Profit,WA,Metropolitan North,MM1,Metropolitan,Medium,4.0,4.0,5.0,3.0,4.0,DIANELLA,4.0,0.0,Steady,8,True
2026-05,Helping Hand Aged Care - Carinya,Helping Hand Aged Care Inc,Not for Profit,SA,"Yorke, Lower North & Barossa",MM5,Small rural towns,Small,4.0,3.0,5.0,3.0,4.0,CLARE,4.0,0.0,Steady,4,True
2026-05,Helping Hand Aged Care - Doreen Bond House,Helping Hand Aged Care Inc,Not for Profit,SA,Metropolitan East,MM1,Metropolitan,Medium,4.0,4.0,5.0,3.0,3.0,NORTH ADELAIDE,4.0,0.0,Steady,3,True
2026-05,Helping Hand Aged Care - Golden Grove,Helping Hand Aged Care Inc,Not for Profit,SA,Metropolitan North,MM1,Metropolitan,Large,4.0,3.0,5.0,3.0,3.0,GOLDEN GROVE,4.0,0.0,Steady,3,True
2026-05,Helping Hand Aged Care - Ingle Farm,Helping Hand Aged Care Inc,Not for Profit,SA,Metropolitan North,MM1,Metropolitan,Medium,3.0,3.0,5.0,3.0,1.0,INGLE FARM,3.0,0.0,Steady,2,True
2026-05,Helping Hand Aged Care - Lealholme Port Pirie,Helping Hand Aged Care Inc,Not for Profit,SA,Mid North,MM4,Medium rural towns,Medium,3.0,3.0,5.0,3.0,1.0,PORT PIRIE,4.0,-1.0,Declined,1,True
2026-05,Helping Hand Aged Care - Lightsview,Helping Hand Aged Care Inc,Not for Profit,SA,Metropolitan East,MM1,Metropolitan,Large,3.0,3.0,5.0,3.0,1.0,LIGHTSVIEW,4.0,-1.0,Declined,1,True
2026-05,Helping Hand Aged Care - Mawson Lakes Facility,Helping Hand Aged Care Inc,Not for Profit,SA,Metropolitan North,MM1,Metropolitan,Medium,4.0,4.0,5.0,3.0,3.0,MAWSON LAKES,4.0,0.0,Steady,4,True
2026-05,Helping Hand Aged Care - Parafield Gardens,Helping Hand Aged Care Inc,Not for Profit,SA,Metropolitan North,MM1,Metropolitan,Medium,3.0,3.0,5.0,3.0,1.0,PARAFIELD GARDENS,3.0,0.0,Steady,2,True
2026-05,Helping Hand Aged Care - Rotary House,Helping Hand Aged Care Inc,Not for Profit,SA,Metropolitan East,MM1,Metropolitan,Medium,4.0,3.0,5.0,4.0,4.0,NORTH ADELAIDE,4.0,0.0,Steady,7,True
2026-05,Hepburn House,Daylesford Aged Care Services Pty Ltd,Private for Profit,VIC,Grampians,MM5,Small rural towns,Large,4.0,4.0,5.0,1.0,4.0,DAYLESFORD,4.0,0.0,Steady,13,True
2026-05,Hesse Rural Health Service Nursing Home,Hesse Rural Health Service,Government,VIC,Barwon-South Western,MM5,Small rural towns,Small,4.0,4.0,5.0,4.0,2.0,WINCHELSEA,4.0,0.0,Steady,6,True
2026-05,Hetti Perkins,Australian Regional and Remote Community Services Limited,Not for Profit,NT,Alice Springs,MM6,Remote communities,Small,,,5.0,5.0,3.0,ALICE SPRINGS,,,New/First,1,True
2026-05,Highfields Manor Port Macquarie,Eaglecare Pty Ltd,Private for Profit,NSW,Mid North Coast,MM3,Large rural towns,Medium,3.0,4.0,4.0,3.0,2.0,PORT MACQUARIE,4.0,-1.0,Declined,1,True
2026-05,Highton Gardens Care Community,DPG Services Pty Ltd,Private for Profit,VIC,Barwon-South Western,MM1,Metropolitan,Medium,,4.0,5.0,,2.0,HIGHTON,4.0,,New/First,1,True
2026-05,Hill View House - Ashmore,EAST COAST CARE NO.7 PTY LTD,Private for Profit,QLD,South Coast,MM1,Metropolitan,Small,4.0,4.0,4.0,4.0,3.0,ASHMORE,4.0,0.0,Steady,7,True
2026-05,Hill View House - Merrimac,EAST COAST CARE NO.7 PTY LTD,Private for Profit,QLD,South Coast,MM1,Metropolitan,Large,4.0,4.0,4.0,3.0,5.0,MERRIMAC,4.0,0.0,Steady,2,True
2026-05,Hill View House Aged Care Facility,Thompson Health Care Pty Ltd,Private for Profit,NSW,Central Coast,MM1,Metropolitan,Large,4.0,4.0,5.0,3.0,3.0,WOY WOY,4.0,0.0,Steady,4,True
2026-05,Hillgrove House,Sapphire Coast Community Aged Care Ltd,Not for Profit,NSW,Southern Highlands,MM5,Small rural towns,Medium,3.0,4.0,5.0,1.0,3.0,BEGA,4.0,-1.0,Declined,1,True
2026-05,Hillside Lodge Hostel,Bayside Health,Government,VIC,Gippsland,MM5,Small rural towns,Small,,,,,,KORUMBURRA,4.0,,New/First,1,True
2026-05,Hillside at Figtree,Hillside Brae Pty Ltd,Private for Profit,NSW,Illawarra,MM1,Metropolitan,Medium,3.0,3.0,5.0,2.0,2.0,FIGTREE,4.0,-1.0,Declined,1,True
2026-05,Hillview Bunyip Aged Care Inc,Hillview Bunyip Aged Care Inc,Not for Profit,VIC,Southern Metro,MM4,Medium rural towns,Small,4.0,4.0,5.0,3.0,3.0,BUNYIP,3.0,1.0,Improved,1,True
2026-05,Hippocrates Aged Care Centre,Fronditha Care,Not for Profit,NSW,Hunter,MM1,Metropolitan,Medium,4.0,3.0,5.0,3.0,3.0,MAYFIELD EAST,4.0,0.0,Steady,10,True
2026-05,Hixson Gardens Aged Care Facility,Arete Health Care (Bankstown) Pty Ltd,Private for Profit,NSW,South West Sydney,MM1,Metropolitan,Medium,4.0,4.0,5.0,1.0,4.0,BANKSTOWN,4.0,0.0,Steady,5,True
2026-05,Hocart Lodge,Fresh Fields Aged Care Pty Ltd,Private for Profit,WA,South West,MM5,Small rural towns,Medium,3.0,3.0,4.0,2.0,1.0,HARVEY,3.0,0.0,Steady,3,True
2026-05,Holbrook Hostel,United Protestant Association of NSW Limited,Not for Profit,NSW,Riverina/Murray,MM5,Small rural towns,Small,5.0,5.0,5.0,5.0,5.0,HOLBROOK,5.0,0.0,Steady,6,True
2026-05,Holloway Aged Care Services,Holloway Aged Care Services Incorporated,Not for Profit,VIC,Western Metro,MM1,Metropolitan,Medium,5.0,5.0,5.0,5.0,2.0,KEILOR EAST,4.0,1.0,Improved,1,True
2026-05,Holmwood Aged Care,Bonnie Bridge Pty Ltd,Private for Profit,VIC,Eastern Metro,MM2,Regional centres,Medium,3.0,3.0,5.0,2.0,1.0,HEALESVILLE,3.0,0.0,Steady,4,True
2026-05,Homestead Estate Residential Aged Care,THE LEAPER CORPORATION PTY. LTD.,Private for Profit,VIC,Barwon-South Western,MM2,Regional centres,Large,3.0,3.0,5.0,1.0,3.0,WALLINGTON,3.0,0.0,Steady,3,True
2026-05,Homewood Gardens,Homewood Care Pty Limited,Private for Profit,NSW,South East Sydney,MM1,Metropolitan,Small,4.0,4.0,4.0,2.0,4.0,BEXLEY,4.0,0.0,Steady,7,True
2026-05,Homewood Nursing Home,Homewood Care Pty Limited,Private for Profit,NSW,South East Sydney,MM1,Metropolitan,Medium,4.0,4.0,5.0,3.0,3.0,BEXLEY,4.0,0.0,Steady,7,True
2026-05,Homewood Residential Aged Care,Bridgeast Pty Ltd,Private for Profit,VIC,Southern Metro,MM1,Metropolitan,Large,3.0,3.0,5.0,1.0,2.0,HALLAM,3.0,0.0,Steady,2,True
2026-05,Hope Aged Care Brunswick,Sixth Eastway Pty Ltd,Private for Profit,VIC,Northern Metro,MM1,Metropolitan,Medium,4.0,3.0,5.0,4.0,3.0,BRUNSWICK,4.0,0.0,Steady,9,True
2026-05,Hope Aged Care Gladstone Park,Sixth Eastway Pty Ltd,Private for Profit,VIC,Northern Metro,MM1,Metropolitan,Medium,4.0,4.0,5.0,2.0,5.0,GLADSTONE PARK,4.0,0.0,Steady,6,True
2026-05,Hope Aged Care Sunshine,Taronne Pty Ltd,Private for Profit,VIC,Western Metro,MM1,Metropolitan,Small,4.0,4.0,5.0,2.0,4.0,SUNSHINE WEST,4.0,0.0,Steady,4,True
2026-05,Hope Aged Care Swan Hill,Sixth Eastway Pty Ltd,Private for Profit,VIC,Loddon-Mallee,MM4,Medium rural towns,Medium,4.0,4.0,5.0,3.0,5.0,SWAN HILL,4.0,0.0,Steady,3,True
2026-05,Hope Vale Aged Hostel,Hope Vale Aboriginal Shire Council,Government,QLD,Far North,MM6,Remote communities,Small,,4.0,5.0,,3.0,HOPE VALE,,,New/First,1,True
2026-05,Hopetoun Hostel,Rural Northwest Health,Government,VIC,Grampians,MM6,Remote communities,Small,4.0,3.0,5.0,5.0,3.0,HOPETOUN,4.0,0.0,Steady,7,True
2026-05,Horton House,Twilight House,Not for Profit,NSW,Northern Sydney,MM1,Metropolitan,Small,4.0,4.0,5.0,2.0,3.0,GORDON,4.0,0.0,Steady,11,True
2026-05,Horton House and Warmington Lodge,Yass Valley Aged Care Limited,Private for Profit,NSW,Southern Highlands,MM4,Medium rural towns,Medium,4.0,5.0,5.0,3.0,3.0,YASS,5.0,-1.0,Declined,1,True
2026-05,Howard Solomon Residential Care,Grand Lodge of Western Australian Freemasons Homes for the Aged Inc,Not for Profit,WA,Metropolitan South East,MM1,Metropolitan,Medium,4.0,4.0,5.0,3.0,3.0,FERNDALE,4.0,0.0,Steady,7,True
2026-05,Huang Ying Jung Nursing Home,Australian Nursing Home Foundation Limited,Not for Profit,NSW,Northern Sydney,MM1,Metropolitan,Medium,5.0,4.0,5.0,5.0,5.0,GORDON,4.0,1.0,Improved,1,True
2026-05,Hudson House,Respect Group Limited,Not for Profit,NSW,Southern Highlands,MM4,Medium rural towns,Small,3.0,3.0,4.0,2.0,4.0,COOMA,3.0,0.0,Steady,4,True
2026-05,Hugh Cunningham Gardens,RSL LifeCare Limited,Not for Profit,NSW,Southern Highlands,MM4,Medium rural towns,Small,5.0,5.0,5.0,4.0,4.0,TURA BEACH,5.0,0.0,Steady,2,True
2026-05,Hunters Hill Montefiore Home,The Sir Moses Montefiore Jewish Home,Not for Profit,NSW,Northern Sydney,MM1,Metropolitan,Large,4.0,3.0,5.0,5.0,2.0,HUNTERS HILL,4.0,0.0,Steady,7,True
2026-05,Hunters Hill Village,Twilight House,Not for Profit,NSW,Northern Sydney,MM1,Metropolitan,Small,4.0,4.0,5.0,2.0,5.0,HUNTERS HILL,4.0,0.0,Steady,9,True
2026-05,Huntingdon Gardens Aged Care Facility,Huntingdon Nursing Home Pty Ltd,Private for Profit,NSW,South East Sydney,MM1,Metropolitan,Large,4.0,3.0,5.0,3.0,3.0,BEXLEY,4.0,0.0,Steady,2,True
2026-05,Huon Eldercare,Huon Regional Care,Not for Profit,TAS,Southern,MM5,Small rural towns,Medium,4.0,4.0,5.0,5.0,3.0,FRANKLIN,4.0,0.0,Steady,5,True
2026-05,IBIS Care Miranda,IBIS (No 2) Pty Ltd,Private for Profit,NSW,South East Sydney,MM1,Metropolitan,Medium,5.0,4.0,5.0,5.0,5.0,MIRANDA,4.0,1.0,Improved,1,True
2026-05,IRT Berala on the Park,Illawarra Retirement Trust,Not for Profit,NSW,Western Sydney,MM1,Metropolitan,Medium,3.0,2.0,5.0,3.0,3.0,AUBURN,3.0,0.0,Steady,5,True
2026-05,IRT Crown Gardens,Illawarra Retirement Trust,Not for Profit,NSW,Southern Highlands,MM4,Medium rural towns,Small,4.0,4.0,5.0,2.0,5.0,BATEMANS BAY,4.0,0.0,Steady,10,True
2026-05,IRT Culburra Beach,Illawarra Retirement Trust,Not for Profit,NSW,Illawarra,MM5,Small rural towns,Medium,4.0,5.0,5.0,2.0,4.0,CULBURRA BEACH,4.0,0.0,Steady,2,True
2026-05,IRT Dalmeny,Illawarra Retirement Trust,Not for Profit,NSW,Southern Highlands,MM5,Small rural towns,Small,4.0,4.0,5.0,2.0,4.0,DALMENY,4.0,0.0,Steady,6,True
2026-05,IRT Five Islands,Illawarra Retirement Trust,Not for Profit,NSW,Illawarra,MM1,Metropolitan,Small,4.0,5.0,5.0,3.0,3.0,PORT KEMBLA,4.0,0.0,Steady,3,True
2026-05,IRT Greenwell Gardens,Illawarra Retirement Trust,Not for Profit,NSW,Illawarra,MM3,Large rural towns,Medium,4.0,3.0,5.0,3.0,3.0,NOWRA,4.0,0.0,Steady,2,True
2026-05,IRT Kangara Waters,Illawarra Retirement Trust,Not for Profit,ACT,ACT,MM1,Metropolitan,Medium,4.0,4.0,5.0,2.0,2.0,BELCONNEN,4.0,0.0,Steady,8,True
2026-05,IRT Macarthur,Illawarra Retirement Trust,Not for Profit,NSW,South West Sydney,MM1,Metropolitan,Small,4.0,5.0,5.0,3.0,3.0,CAMPBELLTOWN,4.0,0.0,Steady,6,True
2026-05,IRT Moruya,Illawarra Retirement Trust,Not for Profit,NSW,Southern Highlands,MM5,Small rural towns,Small,4.0,4.0,5.0,2.0,5.0,MORUYA,4.0,0.0,Steady,13,True
2026-05,IRT Peakhurst,Illawarra Retirement Trust,Not for Profit,NSW,South East Sydney,MM1,Metropolitan,Medium,4.0,4.0,5.0,3.0,3.0,PEAKHURST,4.0,0.0,Steady,10,True
2026-05,IRT Sarah Claydon,Illawarra Retirement Trust,Not for Profit,NSW,Illawarra,MM4,Medium rural towns,Medium,4.0,4.0,4.0,2.0,4.0,MILTON,4.0,0.0,Steady,8,True
2026-05,IRT St Georges Basin,Illawarra Retirement Trust,Not for Profit,NSW,Illawarra,MM4,Medium rural towns,Medium,3.0,4.0,5.0,2.0,1.0,ST GEORGES BASIN,4.0,-1.0,Declined,1,True
2026-05,IRT Tarrawanna Care Centre,Illawarra Retirement Trust,Not for Profit,NSW,Illawarra,MM1,Metropolitan,Medium,4.0,4.0,5.0,5.0,2.0,TARRAWANNA,4.0,0.0,Steady,6,True
2026-05,IRT Thomas Holt Kirrawee,Illawarra Retirement Trust,Not for Profit,NSW,South East Sydney,MM1,Metropolitan,Large,4.0,4.0,5.0,3.0,1.0,KIRRAWEE,4.0,0.0,Steady,3,True
2026-05,IRT Thomas Holt Sans Souci Gardens,Illawarra Retirement Trust,Not for Profit,NSW,South East Sydney,MM1,Metropolitan,Small,4.0,4.0,5.0,3.0,5.0,SANS SOUCI,4.0,0.0,Steady,8,True
2026-05,IRT William Beach Gardens,Illawarra Retirement Trust,Not for Profit,NSW,Illawarra,MM1,Metropolitan,Large,4.0,3.0,5.0,4.0,2.0,KANAHOOKA,3.0,1.0,Improved,1,True
2026-05,IRT Woodlands,Illawarra Retirement Trust,Not for Profit,QLD,Sunshine Coast,MM1,Metropolitan,Small,4.0,4.0,5.0,5.0,1.0,MERIDAN PLAINS,4.0,0.0,Steady,7,True
2026-05,IRT Woonona,Illawarra Retirement Trust,Not for Profit,NSW,Illawarra,MM1,Metropolitan,Medium,4.0,4.0,5.0,3.0,1.0,WOONONA,4.0,0.0,Steady,2,True
2026-05,Ian Brand Residential Care,Northern Health,Government,VIC,Northern Metro,MM1,Metropolitan,Small,4.0,4.0,5.0,5.0,3.0,BUNDOORA,4.0,0.0,Steady,2,True
2026-05,Illawarra Diggers,Illawarra Diggers Aged and Community Care Limited,Not for Profit,NSW,Illawarra,MM1,Metropolitan,Medium,3.0,3.0,5.0,2.0,3.0,CORRIMAL,3.0,0.0,Steady,2,True
2026-05,Illoura - Residential Aged Care,Northeast Health Wangaratta,Government,VIC,Hume,MM3,Large rural towns,Medium,4.0,4.0,5.0,4.0,2.0,WANGARATTA,4.0,0.0,Steady,12,True
2026-05,Imlay House,Sapphire Coast Community Aged Care Ltd,Not for Profit,NSW,Southern Highlands,MM4,Medium rural towns,Small,4.0,5.0,5.0,3.0,3.0,PAMBULA,4.0,0.0,Steady,13,True
2026-05,Inasmuch Community Hostel,Inasmuch Community Limited,Not for Profit,NSW,Illawarra,MM5,Small rural towns,Medium,4.0,4.0,5.0,4.0,4.0,SUSSEX INLET,4.0,0.0,Steady,10,True
2026-05,Indochinese Aged Care Services,Indochinese Aged Care Limited,Not for Profit,NSW,South West Sydney,MM1,Metropolitan,Medium,4.0,4.0,5.0,3.0,5.0,BONNYRIGG,4.0,0.0,Steady,10,True
2026-05,Infinite Care Ashmore,Shalimah Aust Pty Ltd,Private for Profit,QLD,South Coast,MM1,Metropolitan,Large,4.0,4.0,5.0,2.0,3.0,ASHMORE,4.0,0.0,Steady,4,True
2026-05,Infinite Care Cleveland,Senjah Pty. Ltd.,Private for Profit,QLD,Brisbane South,MM1,Metropolitan,Large,4.0,4.0,5.0,4.0,3.0,CLEVELAND,4.0,0.0,Steady,4,True
2026-05,Infinite Care Cornubia,Infinite Aged Care (Cornubia) Pty Ltd,Private for Profit,QLD,Logan River Valley,MM1,Metropolitan,Large,3.0,3.0,5.0,2.0,3.0,CORNUBIA,4.0,-1.0,Declined,1,True
2026-05,Infinite Care Edmonton Gardens,IC (Edmonton) Pty Ltd,Private for Profit,QLD,Far North,MM2,Regional centres,Large,3.0,3.0,5.0,1.0,3.0,EDMONTON,3.0,0.0,Steady,3,True
2026-05,Infinite Care Ipswich,IC (SEQ) Pty Ltd,Private for Profit,QLD,West Moreton,MM1,Metropolitan,Medium,4.0,4.0,5.0,3.0,3.0,IPSWICH,4.0,0.0,Steady,6,True
2026-05,Infinite Care Mount Lofty,Infinite Aged Care (Toowoomba) Pty Ltd,Private for Profit,QLD,Darling Downs,MM2,Regional centres,Large,4.0,3.0,5.0,4.0,2.0,HARLAXTON,4.0,0.0,Steady,11,True
2026-05,Infinite Care Tweed,Temahl (Aust) Pty Ltd,Private for Profit,NSW,Far North Coast,MM1,Metropolitan,Large,3.0,3.0,5.0,2.0,3.0,TWEED HEADS WEST,3.0,0.0,Steady,6,True
2026-05,Inglewood & Districts Health Service (Nursing Home),Inglewood & Districts Health Service,Government,VIC,Loddon-Mallee,MM5,Small rural towns,Small,4.0,4.0,5.0,5.0,2.0,INGLEWOOD,5.0,-1.0,Declined,1,True
2026-05,Inglewood & Districts Health Service Hostel,Inglewood & Districts Health Service,Government,VIC,Loddon-Mallee,MM5,Small rural towns,Small,5.0,4.0,5.0,5.0,4.0,INGLEWOOD,5.0,0.0,Steady,2,True
2026-05,Inverloch Coast Care Community,DPG Services Pty Ltd,Private for Profit,VIC,Gippsland,MM4,Medium rural towns,Large,,4.0,5.0,,3.0,INVERLOCH,4.0,,New/First,1,True
2026-05,Iona Digby Harris Home,West Wimmera Health Service,Government,VIC,Grampians,MM5,Small rural towns,Small,4.0,4.0,5.0,5.0,2.0,NHILL,4.0,0.0,Steady,12,True
2026-05,Ira Parker Nursing Home,Yorke and Northern Local Health Network Incorporated,Government,SA,"Yorke, Lower North & Barossa",MM5,Small rural towns,Small,4.0,4.0,5.0,4.0,5.0,BALAKLAVA,5.0,-1.0,Declined,1,True
2026-05,Irvin House,NCN Health,Government,VIC,Hume,MM4,Medium rural towns,Small,4.0,4.0,5.0,5.0,1.0,COBRAM,4.0,0.0,Steady,3,True
2026-05,Isomer Aged Care Facility,Islamic Society of Melbourne Eastern Regions Inc,Not for Profit,VIC,Eastern Metro,MM1,Metropolitan,Small,3.0,3.0,5.0,3.0,1.0,LYSTERFIELD,4.0,-1.0,Declined,1,True
2026-05,Italian Village Fremantle,Fremantle Italian Aged Persons Service Association,Not for Profit,WA,Metropolitan South West,MM1,Metropolitan,Medium,3.0,3.0,5.0,2.0,2.0,WHITE GUM VALLEY,4.0,-1.0,Declined,1,True
2026-05,Ivanhoe Grand Care Community,DPG Services Pty Ltd,Private for Profit,VIC,Northern Metro,MM1,Metropolitan,Large,,3.0,4.0,,3.0,IVANHOE,3.0,,New/First,1,True
2026-05,J.H.F. McDonald Wing Nursing Home,Central Gippsland Health Service,Government,VIC,Gippsland,MM5,Small rural towns,Small,,4.0,5.0,,2.0,MAFFRA,4.0,,New/First,1,True
2026-05,Jacaranda Grove,Northern Coalfields Community Care Association Ltd,Not for Profit,NSW,Hunter,MM3,Large rural towns,Medium,4.0,5.0,5.0,3.0,3.0,CESSNOCK,4.0,0.0,Steady,4,True
2026-05,Jacaranda House Hostel,Bairnsdale Regional Health Service,Government,VIC,Gippsland,MM4,Medium rural towns,Small,4.0,4.0,5.0,5.0,3.0,BAIRNSDALE,4.0,0.0,Steady,13,True
2026-05,Jacaranda Lodge,Swan Hill District Health,Government,VIC,Loddon-Mallee,MM5,Small rural towns,Small,4.0,4.0,5.0,5.0,1.0,NYAH WEST,4.0,0.0,Steady,4,True
2026-05,Jacaranda Lodge,Shire of Wanneroo Aged Persons Homes Trust Inc,Not for Profit,WA,Metropolitan North,MM1,Metropolitan,Small,4.0,3.0,5.0,5.0,3.0,WANNEROO,4.0,0.0,Steady,5,True
2026-05,Jacaranda Village,Red Cliffs and Community Aged Care Services Inc,Not for Profit,VIC,Loddon-Mallee,MM3,Large rural towns,Medium,4.0,4.0,4.0,4.0,2.0,RED CLIFFS,3.0,1.0,Improved,1,True
2026-05,Jack Lonsdale Lodge,Grampians Health,Government,VIC,Grampians,MM2,Regional centres,Small,4.0,3.0,5.0,5.0,2.0,SEBASTOPOL,4.0,0.0,Steady,13,True
2026-05,Jallarah Homes,Jallarah Homes Inc,Not for Profit,SA,"Hills, Mallee & Southern",MM5,Small rural towns,Small,4.0,4.0,4.0,4.0,3.0,MENINGIE,4.0,0.0,Steady,8,True
2026-05,James Barker House,The Salvation Army (NSW) Property Trust,Not for Profit,VIC,Western Metro,MM1,Metropolitan,Large,,,,,,FOOTSCRAY,,,New/First,1,True
2026-05,James Grimes Care Centre,Sundale Ltd,Not for Profit,QLD,Sunshine Coast,MM1,Metropolitan,Medium,4.0,4.0,5.0,4.0,3.0,NAMBOUR,4.0,0.0,Steady,3,True
2026-05,James Milson Village North Sydney,North Sydney Retirement Trust,Not for Profit,NSW,Northern Sydney,MM1,Metropolitan,Large,4.0,4.0,5.0,3.0,3.0,NORTH SYDNEY,4.0,0.0,Steady,11,True
2026-05,James Milson Village Woolwich,North Sydney Retirement Trust,Not for Profit,NSW,Northern Sydney,MM1,Metropolitan,Small,4.0,5.0,5.0,4.0,3.0,WOOLWICH,4.0,0.0,Steady,12,True
2026-05,James Thomas Court,Grampians Health,Government,VIC,Grampians,MM2,Regional centres,Small,4.0,4.0,5.0,5.0,3.0,SEBASTOPOL,4.0,0.0,Steady,7,True
2026-05,James Watson Centre,St Bartholomew's House Inc,Not for Profit,WA,Metropolitan East,MM1,Metropolitan,Small,4.0,2.0,5.0,5.0,3.0,EAST PERTH,4.0,0.0,Steady,10,True
2026-05,Jamestown Hospital and Health Service,Yorke and Northern Local Health Network Incorporated,Government,SA,Mid North,MM5,Small rural towns,Small,5.0,5.0,5.0,5.0,3.0,JAMESTOWN,5.0,0.0,Steady,2,True
2026-05,Janoah Gardens,Bethany Christian Care,Not for Profit,QLD,Brisbane South,MM1,Metropolitan,Small,4.0,5.0,5.0,4.0,3.0,MANLY WEST,4.0,0.0,Steady,13,True
2026-05,Jeparit & District Nursing Home,West Wimmera Health Service,Government,VIC,Grampians,MM5,Small rural towns,Small,5.0,4.0,5.0,5.0,4.0,JEPARIT,5.0,0.0,Steady,4,True
2026-05,Jeremiah Donovan House,Southern Cross Care (WA) Inc,Not for Profit,WA,Metropolitan East,MM1,Metropolitan,Small,4.0,3.0,5.0,3.0,3.0,FORRESTFIELD,4.0,0.0,Steady,11,True
2026-05,Jesmond Aged Care,Jesmond Aged Care Pty Ltd,Private for Profit,NSW,Inner West,MM1,Metropolitan,Medium,4.0,5.0,5.0,2.0,5.0,STRATHFIELD,4.0,0.0,Steady,2,True
2026-05,Jewish Care (VIC) Inc Residential Homes Carnegie,Jewish Care (Victoria) Inc,Not for Profit,VIC,Southern Metro,MM1,Metropolitan,Large,4.0,3.0,5.0,4.0,3.0,CARNEGIE,4.0,0.0,Steady,7,True
2026-05,"Jewish Care (Vic) Inc. Residential Homes, Windsor",Jewish Care (Victoria) Inc,Not for Profit,VIC,Southern Metro,MM1,Metropolitan,Large,4.0,3.0,5.0,3.0,3.0,MELBOURNE,3.0,1.0,Improved,1,True
2026-05,Jimbelunga Nursing Centre,Aboriginal and Torres Strait Islander Community Health Service Brisbane Limited,Not for Profit,QLD,Logan River Valley,MM1,Metropolitan,Medium,4.0,4.0,5.0,5.0,3.0,EAGLEBY,4.0,0.0,Steady,12,True
2026-05,Jimboomba Community Aged Care,Luson Aged Care Pty Ltd,Not for Profit,QLD,Logan River Valley,MM2,Regional centres,Large,3.0,4.0,4.0,2.0,2.0,JIMBOOMBA,4.0,-1.0,Declined,1,True
2026-05,Jindalee Aged Care Residence,Johnson Village Services Pty Ltd,Private for Profit,ACT,ACT,MM1,Metropolitan,Large,4.0,4.0,5.0,2.0,3.0,NARRABUNDAH,4.0,0.0,Steady,8,True
2026-05,Jindera Gardens Hostel,United Protestant Association of NSW Limited,Not for Profit,NSW,Riverina/Murray,MM2,Regional centres,Small,4.0,4.0,5.0,5.0,3.0,JINDERA,4.0,0.0,Steady,3,True
2026-05,John Curtin Aged Care,John Curtin Aged Care Inc,Not for Profit,VIC,Grampians,MM2,Regional centres,Small,4.0,4.0,5.0,2.0,4.0,CRESWICK,4.0,0.0,Steady,5,True
2026-05,John Edmondson VC Gardens,RSL LifeCare Limited,Not for Profit,NSW,South West Sydney,MM1,Metropolitan,Medium,4.0,4.0,5.0,2.0,3.0,AUSTRAL,4.0,0.0,Steady,9,True
2026-05,John Flynn Retirement Village,Ryman Aged Care (Australia) Pty Ltd,Private for Profit,VIC,Eastern Metro,MM1,Metropolitan,Large,4.0,4.0,5.0,3.0,3.0,BURWOOD EAST,4.0,0.0,Steady,13,True
2026-05,John Goodlet Manor,RSL LifeCare Limited,Not for Profit,NSW,South West Sydney,MM5,Small rural towns,Medium,3.0,3.0,5.0,2.0,2.0,THIRLMERE,4.0,-1.0,Declined,1,True
2026-05,John Paul II Village Residential Care,Southern Cross Care (SA NT & VIC) Incorporated,Not for Profit,SA,Metropolitan East,MM1,Metropolitan,Small,4.0,3.0,5.0,4.0,3.0,KLEMZIG,4.0,0.0,Steady,13,True
2026-05,Johnson-Goodwin Memorial Homes,JOHNSON GOODWIN MEMORIAL HOMES,Not for Profit,VIC,Loddon-Mallee,MM5,Small rural towns,Small,4.0,5.0,5.0,4.0,3.0,DONALD,5.0,-1.0,Declined,1,True
2026-05,Jonathan Rogers GC House,RSL LifeCare Limited,Not for Profit,NSW,Illawarra,MM3,Large rural towns,Small,4.0,4.0,5.0,5.0,3.0,NOWRA,4.0,0.0,Steady,6,True
2026-05,Joseph Banks Aged Care Facility,Retirees WA (Inc),Not for Profit,WA,Metropolitan South East,MM1,Metropolitan,Medium,4.0,4.0,5.0,3.0,2.0,CANNING VALE,4.0,0.0,Steady,13,True
2026-05,Joseph Cooke House,Southern Cross Care (WA) Inc,Not for Profit,WA,Metropolitan South East,MM1,Metropolitan,Small,4.0,4.0,5.0,3.0,4.0,SHELLEY,4.0,0.0,Steady,4,True
2026-05,Joslin Manor Care Community,DPG Services Pty Ltd,Private for Profit,SA,Metropolitan East,MM1,Metropolitan,Medium,,3.0,4.0,,2.0,JOSLIN,3.0,,New/First,1,True
2026-05,Juliana Village,Juliana Village Association Ltd,Not for Profit,NSW,South East Sydney,MM1,Metropolitan,Medium,4.0,5.0,5.0,1.0,3.0,MIRANDA,4.0,0.0,Steady,6,True
2026-05,Juninga Centre,Australian Regional and Remote Community Services Limited,Not for Profit,NT,Darwin,MM2,Regional centres,Small,4.0,3.0,5.0,5.0,3.0,NIGHTCLIFF,4.0,0.0,Steady,12,True
2026-05,Juniper Annesley,Uniting Church Homes,Not for Profit,WA,Metropolitan South East,MM1,Metropolitan,Medium,3.0,2.0,4.0,4.0,3.0,BENTLEY,3.0,0.0,Steady,7,True
2026-05,Juniper Bethavon,Uniting Church Homes,Not for Profit,WA,Wheatbelt,MM4,Medium rural towns,Small,4.0,3.0,5.0,5.0,3.0,NORTHAM,4.0,0.0,Steady,8,True
2026-05,Juniper Bethshan,Uniting Church Homes,Not for Profit,WA,Great Southern,MM5,Small rural towns,Small,4.0,3.0,5.0,5.0,1.0,KATANNING,4.0,0.0,Steady,6,True
2026-05,Juniper Carramar,Uniting Church Homes,Not for Profit,WA,Metropolitan East,MM1,Metropolitan,Small,4.0,3.0,4.0,4.0,5.0,MORLEY,3.0,1.0,Improved,1,True
2026-05,Juniper Chrystal Halliday,Uniting Church Homes,Not for Profit,WA,Metropolitan North,MM1,Metropolitan,Large,3.0,3.0,5.0,3.0,1.0,KARRINYUP,3.0,0.0,Steady,2,True
2026-05,Juniper Cygnet,Uniting Church Homes,Not for Profit,WA,Metropolitan South East,MM1,Metropolitan,Small,3.0,3.0,5.0,3.0,1.0,BENTLEY,4.0,-1.0,Declined,1,True
2026-05,Juniper Elimatta,Uniting Church Homes,Not for Profit,WA,Metropolitan East,MM1,Metropolitan,Small,4.0,3.0,5.0,3.0,3.0,MENORA,3.0,1.0,Improved,1,True
2026-05,Juniper Ella Williams,Uniting Church Homes,Not for Profit,WA,Metropolitan East,MM1,Metropolitan,Medium,3.0,3.0,5.0,3.0,1.0,NORANDA,4.0,-1.0,Declined,1,True
2026-05,Juniper Gerdewoonem,Uniting Church Homes,Not for Profit,WA,Kimberley,MM7,Very remote communities,Small,3.0,3.0,5.0,3.0,2.0,KUNUNURRA,4.0,-1.0,Declined,1,True
2026-05,Juniper Hayloft,Uniting Church Homes,Not for Profit,WA,Metropolitan South East,MM1,Metropolitan,Medium,3.0,3.0,5.0,2.0,2.0,MARTIN,4.0,-1.0,Declined,1,True
2026-05,Juniper Hillcrest,Uniting Church Homes,Not for Profit,WA,Mid West,MM3,Large rural towns,Medium,3.0,4.0,5.0,2.0,1.0,GERALDTON,4.0,-1.0,Declined,1,True
2026-05,Juniper Hilltop,Uniting Church Homes,Not for Profit,WA,Metropolitan South East,MM1,Metropolitan,Small,4.0,3.0,5.0,4.0,3.0,BENTLEY,4.0,0.0,Steady,11,True
2026-05,Juniper John Bryant,Uniting Church Homes,Not for Profit,WA,Metropolitan North,MM1,Metropolitan,Small,4.0,4.0,5.0,4.0,2.0,MARANGAROO,4.0,0.0,Steady,2,True
2026-05,Juniper Karinya,Uniting Church Homes,Not for Profit,WA,Metropolitan East,MM1,Metropolitan,Medium,3.0,3.0,4.0,3.0,1.0,EMBLETON,3.0,0.0,Steady,6,True
2026-05,Juniper Korumup,Uniting Church Homes,Not for Profit,WA,Great Southern,MM3,Large rural towns,Medium,4.0,3.0,5.0,4.0,3.0,LOCKYER,4.0,0.0,Steady,10,True
2026-05,Juniper Numbala Nunga,Uniting Church Homes,Not for Profit,WA,Kimberley,MM7,Very remote communities,Small,4.0,3.0,5.0,5.0,3.0,DERBY,4.0,0.0,Steady,3,True
2026-05,Juniper Riverslea,Uniting Church Homes,Not for Profit,WA,Metropolitan East,MM1,Metropolitan,Small,4.0,3.0,5.0,4.0,2.0,MOUNT LAWLEY,4.0,0.0,Steady,11,True
2026-05,Juniper Sarah Hardey,Uniting Church Homes,Not for Profit,WA,Metropolitan South East,MM1,Metropolitan,Medium,3.0,3.0,5.0,3.0,2.0,KELMSCOTT,3.0,0.0,Steady,3,True
2026-05,Juniper St David's,Uniting Church Homes,Not for Profit,WA,Metropolitan East,MM1,Metropolitan,Small,4.0,3.0,5.0,3.0,3.0,MOUNT LAWLEY,4.0,0.0,Steady,11,True
2026-05,Juniper The Residency,Uniting Church Homes,Not for Profit,WA,Wheatbelt,MM4,Medium rural towns,Small,4.0,4.0,5.0,4.0,1.0,NORTHAM,4.0,0.0,Steady,9,True
2026-05,Juniper Trinity,Uniting Church Homes,Not for Profit,WA,Metropolitan South East,MM1,Metropolitan,Small,4.0,4.0,5.0,4.0,3.0,BENTLEY,4.0,0.0,Steady,11,True
2026-05,Juniper Waratah Lodge,Uniting Church Homes,Not for Profit,WA,Great Southern,MM5,Small rural towns,Small,4.0,4.0,4.0,5.0,2.0,WAGIN,4.0,0.0,Steady,6,True
2026-05,KOPWA Archbold House,KOPWA Limited,Not for Profit,NSW,Northern Sydney,MM1,Metropolitan,Medium,4.0,5.0,5.0,3.0,4.0,ROSEVILLE,4.0,0.0,Steady,5,True
2026-05,Kabara Aged Care,NoosaCare Inc,Not for Profit,QLD,Sunshine Coast,MM2,Regional centres,Medium,4.0,4.0,5.0,4.0,3.0,COOROY,4.0,0.0,Steady,4,True
2026-05,Kadimah Nursing Home,Killarney Memorial Aged Care Ltd,Not for Profit,QLD,Darling Downs,MM5,Small rural towns,Small,4.0,4.0,5.0,4.0,4.0,KILLARNEY,4.0,0.0,Steady,13,True
2026-05,Kalkarni Residency,BaptistCare,Not for Profit,WA,Great Southern,MM5,Small rural towns,Small,3.0,3.0,4.0,3.0,3.0,BROOKTON,3.0,0.0,Steady,3,True
2026-05,Kaloma Home for the Aged,Kaloma Home for the Aged Limited,Not for Profit,QLD,Darling Downs,MM4,Medium rural towns,Medium,4.0,4.0,5.0,5.0,1.0,GOONDIWINDI,4.0,0.0,Steady,3,True
2026-05,Kalyna Care,Ukrainian Elderly People's Home,Not for Profit,VIC,Western Metro,MM1,Metropolitan,Large,4.0,4.0,5.0,3.0,2.0,DELAHEY,4.0,0.0,Steady,9,True
2026-05,Kalyra Belair Aged Care,James Brown Memorial Trust,Not for Profit,SA,Metropolitan South,MM1,Metropolitan,Medium,3.0,3.0,5.0,3.0,2.0,BELAIR,4.0,-1.0,Declined,1,True
2026-05,Kalyra McLaren Vale Aged Care,James Brown Memorial Trust,Not for Profit,SA,Metropolitan South,MM1,Metropolitan,Small,4.0,4.0,5.0,4.0,4.0,MCLAREN VALE,4.0,0.0,Steady,4,True
2026-05,Kalyra Woodcroft Aged Care,James Brown Memorial Trust,Not for Profit,SA,Metropolitan South,MM1,Metropolitan,Medium,4.0,3.0,5.0,3.0,3.0,MORPHETT VALE,4.0,0.0,Steady,4,True
2026-05,Kanandah Hostel,Kanandah Retirement Ltd,Not for Profit,NSW,Orana Far West,MM4,Medium rural towns,Medium,4.0,4.0,5.0,3.0,3.0,MUDGEE,4.0,0.0,Steady,2,True
2026-05,Kanangra Hostel,Aged Care Deloraine Inc,Not for Profit,TAS,Northern,MM5,Small rural towns,Small,4.0,4.0,5.0,4.0,3.0,DELORAINE,4.0,0.0,Steady,11,True
2026-05,Kaniva Hostel,West Wimmera Health Service,Government,VIC,Grampians,MM5,Small rural towns,Small,4.0,5.0,5.0,2.0,5.0,KANIVA,5.0,-1.0,Declined,1,True
2026-05,Kanwal Gardens Care Community,DPG Services Pty Ltd,Private for Profit,NSW,Central Coast,MM1,Metropolitan,Large,,4.0,5.0,,1.0,KANWAL,4.0,,New/First,1,True
2026-05,Kanwal Springs Care Community,DPG Services Pty Ltd,Private for Profit,NSW,Central Coast,MM1,Metropolitan,Large,,3.0,4.0,,3.0,KANWAL,,,New/First,1,True
2026-05,Kapunda Homes,Barossa Hills Fleurieu Local Health Network Incorporated,Government,SA,"Yorke, Lower North & Barossa",MM5,Small rural towns,Small,4.0,3.0,5.0,5.0,2.0,KAPUNDA,4.0,0.0,Steady,10,True
2026-05,Kara Court Nursing Home,East Wimmera Health Service,Government,VIC,Grampians,MM5,Small rural towns,Small,5.0,4.0,5.0,5.0,4.0,ST ARNAUD,5.0,0.0,Steady,2,True
2026-05,Kara House,Yorke and Northern Local Health Network Incorporated,Government,SA,"Yorke, Lower North & Barossa",MM5,Small rural towns,Small,4.0,4.0,5.0,4.0,3.0,CLARE,4.0,0.0,Steady,6,True
2026-05,Karana,Yarrawonga Health,Government,VIC,Hume,MM4,Medium rural towns,Small,4.0,4.0,5.0,4.0,3.0,YARRAWONGA,5.0,-1.0,Declined,1,True
2026-05,Kardinia Parkside Care Community,DPG Services Pty Ltd,Private for Profit,VIC,Barwon-South Western,MM1,Metropolitan,Medium,,4.0,5.0,,3.0,GEELONG,4.0,,New/First,1,True
2026-05,Karingal Gardens,Bushland Health Group Limited,Not for Profit,NSW,Mid North Coast,MM3,Large rural towns,Medium,4.0,4.0,5.0,5.0,3.0,TAREE,4.0,0.0,Steady,6,True
2026-05,Karingal Green,"Karingal Green Health, Aged and Community Care (WA) Pty Ltd",Private for Profit,WA,Metropolitan East,MM1,Metropolitan,Large,3.0,3.0,4.0,3.0,3.0,HIGH WYCOMBE,3.0,0.0,Steady,12,True
2026-05,Karingal Nursing Home,Darling Downs Hospital and Health Service,Government,QLD,Darling Downs,MM4,Medium rural towns,Medium,,,,,,DALBY,,,New/First,1,True
2026-05,Karingal Seymour,Seymour Elderly Citizens Hostel Inc,Not for Profit,VIC,Hume,MM4,Medium rural towns,Small,4.0,4.0,5.0,3.0,3.0,SEYMOUR,4.0,0.0,Steady,6,True
2026-05,Karinya,NCN Health,Government,VIC,Hume,MM5,Small rural towns,Small,5.0,4.0,5.0,5.0,4.0,NUMURKAH,4.0,1.0,Improved,1,True
2026-05,Karinya Residential Care,Narrogin Cottage Homes Inc,Not for Profit,WA,Great Southern,MM5,Small rural towns,Small,4.0,4.0,4.0,5.0,1.0,NARROGIN,,,New/First,1,True
2026-05,Karlarra House,Western Australian Government,Government,WA,Pilbara,MM6,Remote communities,Small,4.0,3.0,5.0,5.0,1.0,SOUTH HEDLAND,4.0,0.0,Steady,3,True
2026-05,Karri and Tuart Lodge,Air Force Association WA Limited,Not for Profit,WA,Metropolitan North,MM1,Metropolitan,Large,4.0,3.0,5.0,5.0,3.0,MERRIWA,4.0,0.0,Steady,5,True
2026-05,Katherine Hostel,Australian Regional and Remote Community Services Limited,Not for Profit,NT,Katherine,MM6,Remote communities,Small,4.0,2.0,5.0,5.0,2.0,KATHERINE,3.0,1.0,Improved,1,True
2026-05,Katoomba Views Care Community,DPG Services Pty Ltd,Private for Profit,NSW,Nepean,MM1,Metropolitan,Medium,,3.0,5.0,,4.0,KATOOMBA,4.0,,New/First,1,True
2026-05,Kawana Waters Care Community,DPG Services Pty Ltd,Private for Profit,QLD,Sunshine Coast,MM1,Metropolitan,Large,,3.0,5.0,,2.0,BIRTINYA,4.0,,New/First,1,True
2026-05,Keilor East Manor Care Community,DPG Services Pty Ltd,Private for Profit,VIC,Western Metro,MM1,Metropolitan,Medium,,3.0,4.0,,3.0,KEILOR EAST,3.0,,New/First,1,True
2026-05,Keith and District Healthcare,Limestone Coast Local Health Network Incorporated,Government,SA,South East,MM5,Small rural towns,Small,4.0,4.0,4.0,5.0,2.0,KEITH,4.0,0.0,Steady,4,True
2026-05,Kellock Lodge,Kellock Lodge Alexandra Inc,Not for Profit,VIC,Hume,MM5,Small rural towns,Small,3.0,3.0,5.0,2.0,3.0,ALEXANDRA,4.0,-1.0,Declined,1,True
2026-05,Kensington Grange,Wickro Pty Ltd,Private for Profit,VIC,Barwon-South Western,MM1,Metropolitan,Medium,4.0,4.0,5.0,2.0,3.0,LEOPOLD,4.0,0.0,Steady,4,True
2026-05,Kensington Park Nursing Home,Fresh Fields Aged Care Pty Ltd,Private for Profit,WA,Metropolitan South East,MM1,Metropolitan,Small,4.0,3.0,5.0,3.0,4.0,KENSINGTON,4.0,0.0,Steady,13,True
2026-05,Kerrisdale Gardens,Good Shepherd Lodge Ltd,Not for Profit,QLD,Mackay,MM2,Regional centres,Medium,4.0,3.0,5.0,5.0,1.0,BEACONSFIELD,,,New/First,1,True
2026-05,Kew Botanica Care Community,DPG Services Pty Ltd,Private for Profit,VIC,Eastern Metro,MM1,Metropolitan,Medium,,3.0,,,,KEW,,,New/First,1,True
2026-05,Kew Grove Care Community,DPG Services Pty Ltd,Private for Profit,VIC,Eastern Metro,MM1,Metropolitan,Small,,3.0,4.0,,2.0,KEW,3.0,,New/First,1,True
2026-05,Kewarra Beach Aged Care,Kewarra Lifestyles Pty Ltd,Private for Profit,QLD,Far North,MM2,Regional centres,Medium,4.0,4.0,5.0,2.0,3.0,KEWARRA BEACH,4.0,0.0,Steady,12,True
2026-05,Killara Gardens Aged Care,Pathways Aged Care Pty Limited,Private for Profit,NSW,Northern Sydney,MM1,Metropolitan,Medium,4.0,4.0,5.0,3.0,3.0,KILLARA,4.0,0.0,Steady,8,True
2026-05,Killara Glades Care Community,DPG Services Pty Ltd,Private for Profit,NSW,Northern Sydney,MM1,Metropolitan,Medium,,4.0,5.0,,5.0,KILLARA,4.0,,New/First,1,True
2026-05,Killara Hostel,Bayside Health,Government,VIC,Southern Metro,MM2,Regional centres,Small,,,,,,KOOWEERUP,4.0,,New/First,1,True
2026-05,Killarney Court Aged Care Facility,Alino Living,Not for Profit,NSW,Central Coast,MM1,Metropolitan,Medium,3.0,3.0,5.0,3.0,2.0,KILLARNEY VALE,3.0,0.0,Steady,9,True
2026-05,Killarney Vale Care Community,DPG Services Pty Ltd,Private for Profit,NSW,Central Coast,MM1,Metropolitan,Large,,4.0,5.0,,1.0,KILLARNEY VALE,4.0,,New/First,1,True
2026-05,Kilmore Grove Care Community,DPG Services Pty Ltd,Private for Profit,VIC,Hume,MM4,Medium rural towns,Medium,,3.0,4.0,,2.0,KILMORE,3.0,,New/First,1,True
2026-05,King Island Multipurpose Centre,Tasmanian Health Service,Government,TAS,North Western,MM7,Very remote communities,Small,4.0,4.0,5.0,5.0,1.0,CURRIE,4.0,0.0,Steady,2,True
2026-05,Kintyre Lodge - Dubbo,BaptistCare,Not for Profit,NSW,Orana Far West,MM3,Large rural towns,Medium,4.0,4.0,5.0,2.0,2.0,DUBBO,3.0,1.0,Improved,1,True
2026-05,Kirkbrae Kilsyth Nursing Home,Presbyterian Care Victoria Ltd,Not for Profit,VIC,Eastern Metro,MM1,Metropolitan,Medium,4.0,3.0,4.0,3.0,5.0,KILSYTH,4.0,0.0,Steady,2,True
2026-05,Kirra Beach Care Community,DPG Services Pty Ltd,Private for Profit,QLD,South Coast,MM1,Metropolitan,Medium,,3.0,5.0,,3.0,COOLANGATTA,4.0,,New/First,1,True
2026-05,Kirrak House,Bayside Health,Government,VIC,Gippsland,MM4,Medium rural towns,Small,,,,,,WONTHAGGI,4.0,,New/First,1,True
2026-05,Klemzig Residential Care Services,Hahndorf Holdings Pty Ltd,Private for Profit,SA,Metropolitan East,MM1,Metropolitan,Medium,4.0,3.0,5.0,4.0,3.0,KLEMZIG,3.0,1.0,Improved,1,True
2026-05,Knoxfield Residential Care Service,Infinite Aged Care (VIC) Pty Ltd,Private for Profit,VIC,Eastern Metro,MM1,Metropolitan,Small,,,,,,KNOXFIELD,,,New/First,1,True
2026-05,Koh-I-Noor Contemporary Care,ALINEA INC.,Not for Profit,WA,Metropolitan North,MM1,Metropolitan,Medium,4.0,3.0,5.0,5.0,2.0,WEMBLEY,4.0,0.0,Steady,8,True
2026-05,Kolora Aged Care,McLean Care Ltd,Not for Profit,NSW,New England,MM5,Small rural towns,Small,3.0,4.0,5.0,1.0,3.0,GUYRA,4.0,-1.0,Declined,1,True
2026-05,Koonambil Aged Care,Koonambil Aged Care Ltd,Not for Profit,NSW,Orana Far West,MM6,Remote communities,Small,4.0,4.0,5.0,1.0,5.0,COONAMBLE,4.0,0.0,Steady,5,True
2026-05,Koorooman House Nursing Home,Bayside Health,Government,VIC,Gippsland,MM4,Medium rural towns,Small,,,,,,LEONGATHA,5.0,,New/First,1,True
2026-05,Korongee,Glenview Community Services Inc,Not for Profit,TAS,Southern,MM2,Regional centres,Medium,5.0,5.0,5.0,5.0,2.0,DERWENT PARK,4.0,1.0,Improved,1,True
2026-05,Kowree Nursing Home Unit,Grampians Health,Government,VIC,Grampians,MM5,Small rural towns,Small,4.0,3.0,5.0,4.0,3.0,EDENHOPE,4.0,0.0,Steady,8,True
2026-05,Kubirri Residential Care Centre,The Salvation Army (NSW) Property Trust,Not for Profit,QLD,Far North,MM5,Small rural towns,Small,,,,,,MOSSMAN,,,New/First,1,True
2026-05,Kurrajong & District Community Nursing Home,Kurrajong and District Hospital Society Inc,Not for Profit,NSW,Nepean,MM2,Regional centres,Small,4.0,3.0,5.0,2.0,5.0,KURRAJONG,4.0,0.0,Steady,13,True
2026-05,Kurrajong Lodge,Grampians Health,Government,VIC,Grampians,MM3,Large rural towns,Small,4.0,4.0,5.0,5.0,3.0,HORSHAM,5.0,-1.0,Declined,1,True
2026-05,Labrina Village Residential Care,Southern Cross Care (SA NT & VIC) Incorporated,Not for Profit,SA,Metropolitan East,MM1,Metropolitan,Small,4.0,3.0,5.0,4.0,5.0,PROSPECT,4.0,0.0,Steady,13,True
2026-05,Lachlan Lodge,LACHLAN LODGE INCORPORATED,Not for Profit,NSW,Riverina/Murray,MM6,Remote communities,Small,4.0,4.0,4.0,2.0,4.0,HILLSTON,,,New/First,1,True
2026-05,Lake Cathie Manor Aged Care,Fresh Fields Aged Care (NSW) - No 1 Pty Ltd,Private for Profit,NSW,Mid North Coast,MM3,Large rural towns,Medium,,,,,,LAKE CATHIE,,,New/First,1,True
2026-05,Lake Haven Court Aged Care Facility,Alino Living,Not for Profit,NSW,Central Coast,MM1,Metropolitan,Small,4.0,4.0,5.0,5.0,3.0,CHARMHAVEN,4.0,0.0,Steady,6,True
2026-05,Lakes Entrance Care Community,DPG Services Pty Ltd,Private for Profit,VIC,Gippsland,MM4,Medium rural towns,Medium,,3.0,5.0,,3.0,LAKES ENTRANCE,3.0,,New/First,1,True
2026-05,Lakeview Lodge Hostel,Nagambie HealthCare Incorporated,Not for Profit,VIC,Hume,MM5,Small rural towns,Small,4.0,4.0,5.0,3.0,5.0,NAGAMBIE,4.0,0.0,Steady,5,True
2026-05,Lakeview Nursing Home,Tallangatta Health Service,Government,VIC,Hume,MM5,Small rural towns,Small,4.0,4.0,5.0,5.0,1.0,TALLANGATTA,4.0,0.0,Steady,12,True
2026-05,Langford Grange,Wickro Pty Ltd,Private for Profit,VIC,Southern Metro,MM1,Metropolitan,Large,3.0,3.0,5.0,2.0,3.0,CRANBOURNE EAST,4.0,-1.0,Declined,1,True
2026-05,Langwarrin Community Aged Care,Luson Aged Care Pty Ltd,Not for Profit,VIC,Southern Metro,MM1,Metropolitan,Large,3.0,4.0,4.0,2.0,3.0,LANGWARRIN,4.0,-1.0,Declined,1,True
2026-05,Lansdowne Aged Care Facility,Arete Health Care (Lansdowne) Pty Limited,Private for Profit,NSW,South West Sydney,MM1,Metropolitan,Large,4.0,4.0,5.0,1.0,4.0,CABRAMATTA,4.0,0.0,Steady,7,True
2026-05,Lansdowne Gardens,DPG Services Pty Ltd,Private for Profit,NSW,Northern Sydney,MM1,Metropolitan,Medium,,5.0,4.0,,3.0,NEUTRAL BAY,,,New/First,1,True
2026-05,Lansdowne Gardens on Wycombe,DPG Services Pty Ltd,Private for Profit,NSW,Northern Sydney,MM1,Metropolitan,Medium,,5.0,4.0,,2.0,NEUTRAL BAY,,,New/First,1,True
2026-05,Lara Aged Care,RSL LifeCare Limited,Not for Profit,NSW,Hunter,MM5,Small rural towns,Medium,4.0,4.0,5.0,5.0,3.0,DUNGOG,4.0,0.0,Steady,13,True
2026-05,Latrobe Regional Hospital Nursing Home,Latrobe Regional Health,Government,VIC,Gippsland,MM3,Large rural towns,Small,4.0,3.0,5.0,5.0,4.0,TRARALGON,4.0,0.0,Steady,7,True
2026-05,Latrobe Valley Village Hostel,LATROBE VALLEY VILLAGE INC.,Not for Profit,VIC,Gippsland,MM3,Large rural towns,Medium,4.0,4.0,5.0,3.0,2.0,NEWBOROUGH,4.0,0.0,Steady,3,True
2026-05,Laurieton Lakeside Aged Care Residence,Halenvy Pty Limited,Private for Profit,NSW,Mid North Coast,MM4,Medium rural towns,Medium,4.0,4.0,4.0,3.0,3.0,LAURIETON,3.0,1.0,Improved,1,True
2026-05,Laurina Lodge Hostel,Heyfield Hospital Incorporated,Not for Profit,VIC,Gippsland,MM5,Small rural towns,Small,4.0,4.0,5.0,5.0,3.0,HEYFIELD,4.0,0.0,Steady,2,True
2026-05,Lee Roshana Care,Burswood Care Pty Ltd,Private for Profit,NSW,Central West,MM5,Small rural towns,Small,4.0,4.0,4.0,5.0,3.0,BLAYNEY,4.0,0.0,Steady,9,True
2026-05,Leeton Hospital,NSW State Government (NSW Ministry of Health),Government,NSW,Riverina/Murray,MM4,Medium rural towns,Small,4.0,4.0,5.0,5.0,3.0,LEETON,4.0,0.0,Steady,12,True
2026-05,Leigh Place,Leigh Place Aged Care,Not for Profit,NSW,Inner West,MM1,Metropolitan,Medium,4.0,4.0,5.0,3.0,4.0,ROSELANDS,4.0,0.0,Steady,5,True
2026-05,Leighton Nursing Home,Fresh Fields Aged Care Pty Ltd,Private for Profit,WA,Metropolitan East,MM1,Metropolitan,Medium,3.0,3.0,5.0,1.0,3.0,WEST PERTH,4.0,-1.0,Declined,1,True
2026-05,Leinster Place,Mercy Health and Aged Care Central Queensland Limited,Not for Profit,QLD,Fitzroy,MM2,Regional centres,Medium,4.0,4.0,5.0,4.0,3.0,PARK AVENUE,4.0,0.0,Steady,2,True
2026-05,Lerwin Residential Care,Burswood Care Pty Ltd,Private for Profit,SA,"Hills, Mallee & Southern",MM3,Large rural towns,Medium,,,,,,MURRAY BRIDGE,3.0,,New/First,1,True
2026-05,Leslie Place Aged Persons Hostel,Killarney Memorial Aged Care Ltd,Not for Profit,QLD,Darling Downs,MM5,Small rural towns,Small,5.0,4.0,5.0,5.0,5.0,KILLARNEY,5.0,0.0,Steady,2,True
2026-05,Leura Aged Care,South West Healthcare,Government,VIC,Barwon-South Western,MM5,Small rural towns,Small,5.0,5.0,5.0,5.0,3.0,CAMPERDOWN,5.0,0.0,Steady,3,True
2026-05,Lifeview Argyle Court,FARWELL NOMINEES PTY. LTD.,Private for Profit,VIC,Southern Metro,MM1,Metropolitan,Small,,,,,,CHELSEA,,,New/First,1,True
2026-05,Lifeview Emerald Glades,FARWELL NOMINEES PTY. LTD.,Private for Profit,VIC,Southern Metro,MM1,Metropolitan,Small,4.0,4.0,5.0,2.0,4.0,EMERALD,4.0,0.0,Steady,5,True
2026-05,Lifeview The Willows,FARWELL NOMINEES PTY. LTD.,Private for Profit,VIC,Eastern Metro,MM1,Metropolitan,Small,3.0,3.0,5.0,3.0,2.0,WHEELERS HILL,3.0,0.0,Steady,2,True
2026-05,Lifeview Willow Wood,FARWELL NOMINEES PTY. LTD.,Private for Profit,VIC,Southern Metro,MM1,Metropolitan,Large,4.0,4.0,5.0,2.0,3.0,CRANBOURNE,4.0,0.0,Steady,5,True
2026-05,Lilliane Brady Village,Cobar Shire Council,Government,NSW,Orana Far West,MM6,Remote communities,Small,3.0,4.0,3.0,2.0,2.0,COBAR,3.0,0.0,Steady,3,True
2026-05,Linsell Lodge Aged Care Facility,The Salvation Army (NSW) Property Trust,Not for Profit,SA,Metropolitan West,MM1,Metropolitan,Medium,,,,,,ANGLE PARK,,,New/First,1,True
2026-05,Lions Haven For The Aged,Lions Haven for the Aged Limited,Not for Profit,QLD,South Coast,MM1,Metropolitan,Large,4.0,4.0,5.0,5.0,3.0,HOPE ISLAND,4.0,0.0,Steady,4,True
2026-05,Lionsbrae Hostel,Ringwood Area Lions Aged Care Inc,Not for Profit,VIC,Eastern Metro,MM1,Metropolitan,Medium,4.0,3.0,5.0,5.0,3.0,RINGWOOD EAST,4.0,0.0,Steady,13,True
2026-05,Liscombe House,The Old Colonists' Association of Victoria,Not for Profit,VIC,Northern Metro,MM1,Metropolitan,Medium,4.0,3.0,4.0,3.0,5.0,SAINT HELENA,3.0,1.0,Improved,1,True
2026-05,Little Sisters of the Poor Glendalough Home,Little Sisters of the Poor Aged Care Ltd,Not for Profit,WA,Metropolitan North,MM1,Metropolitan,Small,4.0,4.0,5.0,2.0,5.0,GLENDALOUGH,4.0,0.0,Steady,5,True
2026-05,Little Sisters of the Poor St Joseph's Home,Little Sisters of the Poor Aged Care Ltd,Not for Profit,VIC,Northern Metro,MM1,Metropolitan,Small,4.0,4.0,5.0,2.0,5.0,NORTHCOTE,4.0,0.0,Steady,13,True
2026-05,Longridge Aged Care,Naracoorte Home for the Aged Inc,Not for Profit,SA,South East,MM4,Medium rural towns,Small,4.0,3.0,5.0,4.0,3.0,NARACOORTE,4.0,0.0,Steady,6,True
2026-05,Loreto,Mercy Community Services North Queensland Limited,Not for Profit,QLD,Northern,MM2,Regional centres,Small,4.0,3.0,5.0,4.0,3.0,PIMLICO,4.0,0.0,Steady,6,True
2026-05,Loreto Home of Compassion,The Mary Potter Nursing Home and The Ethel Forrest Day Care Centre Pty Ltd,Not for Profit,NSW,Riverina/Murray,MM3,Large rural towns,Medium,,3.0,4.0,,3.0,WAGGA WAGGA,3.0,,New/First,1,True
2026-05,Lorne Nursing Home,Great Ocean Road Health,Government,VIC,Barwon-South Western,MM5,Small rural towns,Small,,5.0,5.0,,4.0,LORNE,5.0,,New/First,1,True
2026-05,Lourdes Valley The Lodge Residential Care,Southern Cross Care (SA NT & VIC) Incorporated,Not for Profit,SA,Metropolitan East,MM1,Metropolitan,Small,3.0,2.0,5.0,3.0,3.0,MYRTLE BANK,4.0,-1.0,Declined,1,True
2026-05,Loxton District Nursing Home,Riverland Mallee Coorong Local Health Network Incorporated,Government,SA,Riverland,MM5,Small rural towns,Small,3.0,3.0,5.0,3.0,2.0,LOXTON,4.0,-1.0,Declined,1,True
2026-05,Lucy Chieng Aged Care Centre,Australian Nursing Home Foundation Limited,Not for Profit,NSW,South East Sydney,MM1,Metropolitan,Medium,4.0,4.0,5.0,3.0,5.0,HURSTVILLE,4.0,0.0,Steady,2,True
2026-05,Lumeah Lodge Hostel,Central Highlands Rural Health,Government,VIC,Grampians,MM5,Small rural towns,Small,5.0,4.0,5.0,5.0,5.0,DAYLESFORD,5.0,0.0,Steady,4,True
2026-05,Luson Bloom,Luson Aged Care Pty Ltd,Not for Profit,VIC,Southern Metro,MM1,Metropolitan,Medium,4.0,4.0,5.0,2.0,4.0,CLYDE NORTH,4.0,0.0,Steady,6,True
2026-05,Luson Eden Park,Luson Aged Care Pty Ltd,Not for Profit,VIC,Barwon-South Western,MM1,Metropolitan,Medium,4.0,4.0,5.0,2.0,4.0,WHITTINGTON,4.0,0.0,Steady,9,True
2026-05,Luson The Vue,Luson Aged Care Pty Ltd,Not for Profit,VIC,Barwon-South Western,MM1,Metropolitan,Large,4.0,4.0,5.0,3.0,5.0,GROVEDALE,4.0,0.0,Steady,12,True
2026-05,Lutheran Homes Group Fullarton,Lutheran Homes Group Incorporated,Not for Profit,SA,Metropolitan East,MM1,Metropolitan,Large,3.0,3.0,5.0,2.0,3.0,FULLARTON,4.0,-1.0,Declined,1,True
2026-05,Lutheran Homes Group Glynde,Lutheran Homes Group Incorporated,Not for Profit,SA,Metropolitan East,MM1,Metropolitan,Large,3.0,3.0,5.0,2.0,3.0,GLYNDE,4.0,-1.0,Declined,1,True
2026-05,Lutheran Homes Group Hope Valley,Lutheran Homes Group Incorporated,Not for Profit,SA,Metropolitan North,MM1,Metropolitan,Medium,3.0,3.0,5.0,2.0,2.0,HOPE VALLEY,4.0,-1.0,Declined,1,True
2026-05,Lutheran Homes Hamilton,Lutheran Homes Group Incorporated,Not for Profit,VIC,Barwon-South Western,MM4,Medium rural towns,Small,,3.0,,2.0,4.0,HAMILTON,,,New/First,1,True
2026-05,Lutheran Homes Horsham,Lutheran Homes Group Incorporated,Not for Profit,VIC,Grampians,MM3,Large rural towns,Medium,,,,3.0,3.0,HORSHAM,,,New/First,1,True
2026-05,Lutheran Services - Cooinda Aged Care Centre,LUTHERAN CHURCH OF AUSTRALIA QUEENSLAND DISTRICT,Not for Profit,QLD,Sunshine Coast,MM3,Large rural towns,Large,4.0,4.0,5.0,3.0,3.0,GYMPIE,4.0,0.0,Steady,7,True
2026-05,Lutheran Services - Immanuel Gardens,LUTHERAN CHURCH OF AUSTRALIA QUEENSLAND DISTRICT,Not for Profit,QLD,Sunshine Coast,MM1,Metropolitan,Large,4.0,5.0,5.0,2.0,3.0,BUDERIM,4.0,0.0,Steady,7,True
2026-05,Lutheran Services - Northridge Salem,LUTHERAN CHURCH OF AUSTRALIA QUEENSLAND DISTRICT,Not for Profit,QLD,Darling Downs,MM2,Regional centres,Small,5.0,5.0,5.0,5.0,3.0,ROCKVILLE,4.0,1.0,Improved,1,True
2026-05,Lutheran Services - Orana,LUTHERAN CHURCH OF AUSTRALIA QUEENSLAND DISTRICT,Not for Profit,QLD,Wide Bay,MM4,Medium rural towns,Medium,4.0,4.0,5.0,4.0,3.0,KINGAROY,4.0,0.0,Steady,4,True
2026-05,Lutheran Services - Salem,LUTHERAN CHURCH OF AUSTRALIA QUEENSLAND DISTRICT,Not for Profit,QLD,Darling Downs,MM2,Regional centres,Medium,4.0,4.0,5.0,2.0,5.0,SOUTH TOOWOOMBA,4.0,0.0,Steady,13,True
2026-05,Lutheran Services - St Andrews,LUTHERAN CHURCH OF AUSTRALIA QUEENSLAND DISTRICT,Not for Profit,QLD,South Coast,MM1,Metropolitan,Medium,4.0,4.0,5.0,4.0,3.0,TALLEBUDGERA,4.0,0.0,Steady,4,True
2026-05,Lutheran Services - St Pauls,LUTHERAN CHURCH OF AUSTRALIA QUEENSLAND DISTRICT,Not for Profit,QLD,Cabool,MM1,Metropolitan,Small,4.0,5.0,5.0,2.0,1.0,CABOOLTURE,4.0,0.0,Steady,13,True
2026-05,Lutheran Services - Tabeel,LUTHERAN CHURCH OF AUSTRALIA QUEENSLAND DISTRICT,Not for Profit,QLD,West Moreton,MM5,Small rural towns,Medium,3.0,3.0,5.0,2.0,3.0,LAIDLEY,4.0,-1.0,Declined,1,True
2026-05,Lutheran Services - Trinder Park,LUTHERAN CHURCH OF AUSTRALIA QUEENSLAND DISTRICT,Not for Profit,QLD,Logan River Valley,MM1,Metropolitan,Large,4.0,4.0,5.0,2.0,2.0,WOODRIDGE,4.0,0.0,Steady,6,True
2026-05,Lutheran Services - Wahroonga,LUTHERAN CHURCH OF AUSTRALIA QUEENSLAND DISTRICT,Not for Profit,QLD,Fitzroy,MM4,Medium rural towns,Small,4.0,4.0,5.0,2.0,3.0,BILOELA,4.0,0.0,Steady,11,True
2026-05,Lutheran Services - Zion,LUTHERAN CHURCH OF AUSTRALIA QUEENSLAND DISTRICT,Not for Profit,QLD,Brisbane North,MM1,Metropolitan,Medium,3.0,3.0,5.0,2.0,2.0,NUNDAH,4.0,-1.0,Declined,1,True
2026-05,Lynden Aged Care,Lynden Aged Care Association Inc,Not for Profit,VIC,Eastern Metro,MM1,Metropolitan,Medium,4.0,3.0,5.0,4.0,3.0,CAMBERWELL,4.0,0.0,Steady,2,True
2026-05,Lyndoch Hostel,Respect Group Limited,Not for Profit,VIC,Barwon-South Western,MM3,Large rural towns,Large,3.0,3.0,4.0,2.0,2.0,WARRNAMBOOL,3.0,0.0,Steady,2,True
2026-05,Lyndoch Nursing Home,Respect Group Limited,Not for Profit,VIC,Barwon-South Western,MM3,Large rural towns,Medium,3.0,3.0,4.0,2.0,2.0,WARRNAMBOOL,3.0,0.0,Steady,2,True
2026-05,Lyrebird Village,Respect Group Limited,Not for Profit,VIC,Gippsland,MM4,Medium rural towns,Large,3.0,4.0,5.0,1.0,3.0,DROUIN,4.0,-1.0,Declined,1,True
2026-05,MYVISTA Balcatta,Stirling Ethnic Aged Home Association (Inc),Not for Profit,WA,Metropolitan North,MM1,Metropolitan,Medium,4.0,4.0,5.0,4.0,4.0,BALCATTA,4.0,0.0,Steady,10,True
2026-05,MYVISTA Mirrabooka,Stirling Ethnic Aged Home Association (Inc),Not for Profit,WA,Metropolitan North,MM1,Metropolitan,Large,4.0,4.0,5.0,4.0,4.0,MIRRABOOKA,4.0,0.0,Steady,7,True
2026-05,MacKillop House,Catholic Healthcare Limited,Not for Profit,NSW,Western Sydney,MM1,Metropolitan,Large,4.0,3.0,5.0,4.0,4.0,NORWEST,4.0,0.0,Steady,2,True
2026-05,Macleay Valley House,Burswood Care Pty Ltd,Private for Profit,NSW,Mid North Coast,MM4,Medium rural towns,Large,4.0,4.0,4.0,3.0,3.0,FREDERICKTON,3.0,1.0,Improved,1,True
2026-05,Macleod Roshana Care,Burswood Care Pty Ltd,Private for Profit,VIC,Northern Metro,MM1,Metropolitan,Small,3.0,3.0,4.0,4.0,1.0,MACLEOD,4.0,-1.0,Declined,1,True
2026-05,Macpherson Smith Residential Care,Grampians Health,Government,VIC,Grampians,MM4,Medium rural towns,Small,4.0,4.0,5.0,4.0,2.0,STAWELL,4.0,0.0,Steady,9,True
2026-05,Macquarie Lodge Aged Care Plus Centre,The Salvation Army (NSW) Property Trust,Not for Profit,NSW,South East Sydney,MM1,Metropolitan,Large,3.0,3.0,5.0,3.0,2.0,ARNCLIFFE,3.0,0.0,Steady,2,True
2026-05,Maculata Place,Shepparton Retirement Villages Inc,Not for Profit,VIC,Hume,MM3,Large rural towns,Large,4.0,4.0,5.0,3.0,2.0,SHEPPARTON,4.0,0.0,Steady,3,True
2026-05,Magill Manor,Clayton Church Homes Inc,Not for Profit,SA,Metropolitan East,MM1,Metropolitan,Medium,4.0,3.0,5.0,5.0,2.0,MAGILL,4.0,0.0,Steady,6,True
2026-05,Maitland Grange Care Community,DPG Services Pty Ltd,Private for Profit,NSW,Hunter,MM1,Metropolitan,Medium,,4.0,5.0,,1.0,RUTHERFORD,4.0,,New/First,1,True
2026-05,Maldon Hospital - Mountview Nursing Home,Dhelkaya Health,Government,VIC,Loddon-Mallee,MM5,Small rural towns,Small,4.0,4.0,5.0,5.0,3.0,MALDON,4.0,0.0,Steady,3,True
2026-05,Malvern East Horizons Care Community,DPG Services Pty Ltd,Private for Profit,VIC,Southern Metro,MM1,Metropolitan,Medium,,4.0,4.0,,3.0,MALVERN EAST,4.0,,New/First,1,True
2026-05,Mandurah Coast Care Community,DPG Services Pty Ltd,Private for Profit,WA,Metropolitan South West,MM1,Metropolitan,Small,,4.0,5.0,,2.0,DUDLEY PARK,4.0,,New/First,1,True
2026-05,Mandurah Community Aged Care,Luson Aged Care Pty Ltd,Not for Profit,WA,Metropolitan South West,MM1,Metropolitan,Large,,4.0,,2.0,3.0,DAWESVILLE,,,New/First,1,True
2026-05,Manly Hillside Care Community,DPG Services Pty Ltd,Private for Profit,NSW,Northern Sydney,MM1,Metropolitan,Small,,3.0,5.0,,3.0,NORTH MANLY,4.0,,New/First,1,True
2026-05,Manly Vale Nursing Home,Manly Vale Nursing Home Pty Ltd,Private for Profit,NSW,Northern Sydney,MM1,Metropolitan,Medium,4.0,3.0,5.0,3.0,3.0,MANLY VALE,4.0,0.0,Steady,5,True
2026-05,MannaCare - Cassia House,MannaCare Inc,Not for Profit,VIC,Eastern Metro,MM1,Metropolitan,Medium,4.0,4.0,5.0,3.0,3.0,DONCASTER,4.0,0.0,Steady,5,True
2026-05,MannaCare - Doncaster Melaleuca Lodge,MannaCare Inc,Not for Profit,VIC,Eastern Metro,MM1,Metropolitan,Small,3.0,3.0,5.0,3.0,2.0,DONCASTER,4.0,-1.0,Declined,1,True
2026-05,Manoah House,Association for Christian Senior Citizens Homes WA Inc,Not for Profit,WA,Metropolitan South East,MM1,Metropolitan,Small,4.0,4.0,5.0,5.0,3.0,MARTIN,4.0,0.0,Steady,7,True
2026-05,Manor Court Werribee Aged Care Ltd,MANOR COURT WERRIBEE AGED CARE LIMITED,Not for Profit,VIC,Western Metro,MM1,Metropolitan,Medium,3.0,3.0,5.0,2.0,3.0,WERRIBEE,4.0,-1.0,Declined,1,True
2026-05,Maranatha Aged Care,Christadelphian Homes Limited,Not for Profit,QLD,Cabool,MM1,Metropolitan,Large,4.0,4.0,5.0,5.0,3.0,KALLANGUR,4.0,0.0,Steady,13,True
2026-05,Maranatha House,Maranatha House,Not for Profit,NSW,Orana Far West,MM5,Small rural towns,Medium,3.0,4.0,4.0,1.0,5.0,WELLINGTON,4.0,-1.0,Declined,1,True
2026-05,Marco Polo Aged Care Facility,Illawarra Retirement Trust,Not for Profit,NSW,Illawarra,MM1,Metropolitan,Medium,4.0,4.0,4.0,5.0,3.0,UNANDERRA,4.0,0.0,Steady,6,True
2026-05,Marco Polo Woonona Care Services,Illawarra Retirement Trust,Not for Profit,NSW,Illawarra,MM1,Metropolitan,Large,4.0,3.0,4.0,5.0,3.0,WOONONA,3.0,1.0,Improved,1,True
2026-05,Margaret Hubery House,Southern Cross Care (WA) Inc,Not for Profit,WA,Metropolitan South East,MM1,Metropolitan,Medium,4.0,4.0,5.0,3.0,3.0,ROSSMOYNE,4.0,0.0,Steady,13,True
2026-05,Margery Cole Residential Care Service,Yallambee Traralgon Village For The Aged Inc,Not for Profit,VIC,Gippsland,MM3,Large rural towns,Large,4.0,4.0,5.0,5.0,3.0,TRARALGON,5.0,-1.0,Declined,1,True
2026-05,Marina Residential Aged Care Service,Jimroy Pty Ltd,Private for Profit,VIC,Western Metro,MM1,Metropolitan,Large,3.0,3.0,5.0,1.0,3.0,ALTONA NORTH,3.0,0.0,Steady,13,True
2026-05,Marine Views Cottesloe,Curtin Heritage Living Inc.,Not for Profit,WA,Metropolitan North,MM1,Metropolitan,Large,4.0,4.0,5.0,4.0,2.0,COTTESLOE,4.0,0.0,Steady,5,True
2026-05,Mark Donaldson VC House,RSL LifeCare Limited,Not for Profit,NSW,Northern Sydney,MM1,Metropolitan,Medium,4.0,3.0,5.0,5.0,3.0,GALSTON,4.0,0.0,Steady,5,True
2026-05,Markmoran at Vaucluse,Mark Moran Group Pty Limited,Private for Profit,NSW,South East Sydney,MM1,Metropolitan,Medium,5.0,5.0,5.0,5.0,3.0,VAUCLUSE,4.0,1.0,Improved,1,True
2026-05,Maroba Nursing Home,Maroba,Not for Profit,NSW,Hunter,MM1,Metropolitan,Large,4.0,4.0,4.0,4.0,4.0,WARATAH,4.0,0.0,Steady,7,True
2026-05,Marsden Park Care Community,DPG Services Pty Ltd,Private for Profit,NSW,Western Sydney,MM1,Metropolitan,Large,,4.0,4.0,,4.0,MARSDEN PARK,4.0,,New/First,1,True
2026-05,Martin Luther Homes,MARTIN LUTHER HOMES BORONIA INC.,Not for Profit,VIC,Eastern Metro,MM1,Metropolitan,Medium,4.0,3.0,5.0,5.0,3.0,THE BASIN,4.0,0.0,Steady,13,True
2026-05,Martyn Claver Aged Care,Siena Management Services Pty. Limited,Private for Profit,NSW,Nepean,MM1,Metropolitan,Small,4.0,4.0,5.0,2.0,3.0,LEURA,4.0,0.0,Steady,9,True
2026-05,Mary Cecelia Hart Court Hostel,Boneham Aged Care Services Inc,Not for Profit,SA,South East,MM5,Small rural towns,Medium,4.0,3.0,5.0,4.0,4.0,MILLICENT,4.0,0.0,Steady,8,True
2026-05,Mary Guthrie House Nursing Home,Austin Health,Government,VIC,Eastern Metro,MM1,Metropolitan,Small,,,5.0,,,KEW,,,New/First,1,True
2026-05,Mary Mackillop Hostel Carrington Retirement Village,Carrington Centennial Care Limited,Not for Profit,NSW,South West Sydney,MM1,Metropolitan,Medium,4.0,4.0,5.0,3.0,3.0,GRASMERE,4.0,0.0,Steady,4,True
2026-05,Mary Ogilvy Home,The Mary Ogilvy Homes Society,Not for Profit,TAS,Southern,MM2,Regional centres,Medium,4.0,3.0,5.0,3.0,3.0,NEW TOWN,4.0,0.0,Steady,4,True
2026-05,Mary Potter Nursing Home,The Mary Potter Nursing Home and The Ethel Forrest Day Care Centre Pty Ltd,Not for Profit,NSW,Riverina/Murray,MM3,Large rural towns,Medium,,5.0,5.0,,3.0,WAGGA WAGGA,4.0,,New/First,1,True
2026-05,Maryborough Community Aged Care,Luson Aged Care Pty Ltd,Not for Profit,QLD,Wide Bay,MM3,Large rural towns,Large,3.0,4.0,4.0,1.0,2.0,TINANA,3.0,0.0,Steady,4,True
2026-05,Mater Christi Aged Care Facility,The Trustees of the Roman Catholic Church for the Diocese of Lismore Sawtell Catholic Care of the Aged Committee,Not for Profit,NSW,Mid North Coast,MM3,Large rural towns,Medium,3.0,4.0,4.0,3.0,1.0,TOORMINA,4.0,-1.0,Declined,1,True
2026-05,Matthew Flinders Home Inc,Matthew Flinders Home Inc,Not for Profit,SA,Eyre Peninsula,MM6,Remote communities,Medium,4.0,3.0,5.0,5.0,1.0,PORT LINCOLN,4.0,0.0,Steady,10,True
2026-05,May Shaw Aminya,CELEBRATE HEALTH CARE,Not for Profit,TAS,Northern,MM5,Small rural towns,Small,4.0,4.0,5.0,2.0,3.0,SCOTTSDALE,4.0,0.0,Steady,11,True
2026-05,May Shaw Residential Aged Care,CELEBRATE HEALTH CARE,Not for Profit,TAS,Southern,MM6,Remote communities,Small,4.0,3.0,4.0,5.0,5.0,SWANSEA,4.0,0.0,Steady,9,True
2026-05,Maybanke Aged Care Plus Centre,The Salvation Army (NSW) Property Trust,Not for Profit,NSW,Inner West,MM1,Metropolitan,Small,4.0,4.0,5.0,2.0,5.0,DULWICH HILL,4.0,0.0,Steady,11,True
2026-05,Mayfield Aged Care,M.N.H. Pty Ltd,Private for Profit,NSW,Hunter,MM1,Metropolitan,Large,3.0,3.0,3.0,1.0,3.0,MAYFIELD,3.0,0.0,Steady,5,True
2026-05,Mayflower Brighton,Mayflower Brighton,Not for Profit,VIC,Southern Metro,MM1,Metropolitan,Large,4.0,4.0,5.0,2.0,3.0,BRIGHTON EAST,4.0,0.0,Steady,6,True
2026-05,Mayflower Edith Bendall,Mayflower Brighton,Not for Profit,VIC,Northern Metro,MM1,Metropolitan,Small,,,,,,PASCOE VALE,,,New/First,1,True
2026-05,Mayflower Reservoir,Mayflower Brighton,Not for Profit,VIC,Northern Metro,MM1,Metropolitan,Large,,,,,,RESERVOIR,,,New/First,1,True
2026-05,McCracken Views Residential Care,Southern Cross Care (SA NT & VIC) Incorporated,Not for Profit,SA,"Hills, Mallee & Southern",MM3,Large rural towns,Small,4.0,3.0,5.0,5.0,4.0,MCCRACKEN,4.0,0.0,Steady,6,True
2026-05,McDougall Park Nursing Home,Fresh Fields Aged Care Pty Ltd,Private for Profit,WA,Metropolitan South East,MM1,Metropolitan,Small,4.0,3.0,5.0,3.0,3.0,COMO,4.0,0.0,Steady,13,True
2026-05,McGregor Gardens Aged Care,Menarock Aged Care Services (Victoria) Pty Ltd,Private for Profit,VIC,Southern Metro,MM1,Metropolitan,Medium,4.0,4.0,5.0,3.0,5.0,PAKENHAM,4.0,0.0,Steady,3,True
2026-05,McKellar Centre,Barwon Health,Government,VIC,Barwon-South Western,MM1,Metropolitan,Large,4.0,4.0,5.0,5.0,1.0,NORTH GEELONG,4.0,0.0,Steady,13,True
2026-05,McLean Care CWA House,McLean Care Ltd,Not for Profit,QLD,Darling Downs,MM5,Small rural towns,Small,4.0,3.0,5.0,4.0,4.0,OAKEY,3.0,1.0,Improved,1,True
2026-05,McLean Care Ltd,McLean Care Ltd,Not for Profit,NSW,New England,MM4,Medium rural towns,Large,4.0,4.0,5.0,5.0,3.0,INVERELL,4.0,0.0,Steady,13,True
2026-05,McLean Care Mackellar Alkira Campus,McLean Care Ltd,Not for Profit,NSW,New England,MM4,Medium rural towns,Small,4.0,4.0,5.0,3.0,3.0,GUNNEDAH,4.0,0.0,Steady,7,True
2026-05,McLean Care Mackellar Apex Campus,McLean Care Ltd,Not for Profit,NSW,New England,MM4,Medium rural towns,Medium,3.0,3.0,5.0,1.0,2.0,GUNNEDAH,3.0,0.0,Steady,2,True
2026-05,McLean Care Yallambee,McLean Care Ltd,Not for Profit,QLD,Darling Downs,MM5,Small rural towns,Small,4.0,4.0,5.0,5.0,3.0,MILLMERRAN,4.0,0.0,Steady,12,True
2026-05,McLellan House Hostel,Northern Health,Government,VIC,Northern Metro,MM1,Metropolitan,Small,4.0,3.0,5.0,5.0,2.0,JACANA,4.0,0.0,Steady,2,True
2026-05,McMaugh Gardens Hostel,Uralla Shire Council,Government,NSW,New England,MM5,Small rural towns,Small,5.0,4.0,5.0,5.0,4.0,URALLA,4.0,1.0,Improved,1,True
2026-05,McNamara Lodge,Air Force Association WA Limited,Not for Profit,WA,Metropolitan South West,MM1,Metropolitan,Medium,5.0,4.0,5.0,5.0,4.0,MEADOW SPRINGS,4.0,1.0,Improved,1,True
2026-05,Meadow Heights Care Community,DPG Services Pty Ltd,Private for Profit,VIC,Northern Metro,MM1,Metropolitan,Medium,,3.0,5.0,,4.0,MEADOW HEIGHTS,4.0,,New/First,1,True
2026-05,Meadowbank Grove Care Community,DPG Services Pty Ltd,Private for Profit,NSW,Northern Sydney,MM1,Metropolitan,Large,,4.0,5.0,,3.0,WEST RYDE,4.0,,New/First,1,True
2026-05,Medea Park Nursing Home,Medea Park Association Incorporated,Not for Profit,TAS,Northern,MM5,Small rural towns,Small,3.0,4.0,5.0,1.0,3.0,ST HELENS,4.0,-1.0,Declined,1,True
2026-05,Meercroft Care,Meercroft Care Inc,Not for Profit,TAS,North Western,MM3,Large rural towns,Large,4.0,4.0,4.0,5.0,3.0,DEVONPORT,4.0,0.0,Steady,2,True
2026-05,Mekong Cairnlea Vietnamese Aged Care,Indochinese Elderly Refugees Association Victoria Inc,Not for Profit,VIC,Western Metro,MM1,Metropolitan,Small,4.0,3.0,5.0,4.0,5.0,CAIRNLEA,4.0,0.0,Steady,13,True
2026-05,Mekong Vietnamese Aged Care,Indochinese Elderly Refugees Association Victoria Inc,Not for Profit,VIC,Western Metro,MM1,Metropolitan,Medium,4.0,4.0,5.0,4.0,5.0,KEILOR EAST,4.0,0.0,Steady,10,True
2026-05,Melaleuca Aged Care,Phillip Island Homes for the Aged Association Inc,Not for Profit,VIC,Gippsland,MM4,Medium rural towns,Small,4.0,5.0,4.0,5.0,3.0,COWES,4.0,0.0,Steady,10,True
2026-05,Melaleuca Court Nursing Home,Yorke and Northern Local Health Network Incorporated,Government,SA,"Yorke, Lower North & Barossa",MM5,Small rural towns,Small,4.0,4.0,5.0,2.0,3.0,MINLATON,4.0,0.0,Steady,13,True
2026-05,Melaleuca Home For The Aged,Melaleuca Home for the Aged Inc,Not for Profit,TAS,North Western,MM3,Large rural towns,Small,4.0,4.0,4.0,5.0,3.0,EAST DEVONPORT,4.0,0.0,Steady,3,True
2026-05,Melbourne Hebrew Memorial Nursing Home,Jewish Care (Victoria) Inc,Not for Profit,VIC,Southern Metro,MM1,Metropolitan,Large,4.0,4.0,5.0,3.0,3.0,CAULFIELD,4.0,0.0,Steady,5,True
2026-05,Melrose Lodge,United Protestant Association of NSW Limited,Not for Profit,NSW,Western Sydney,MM1,Metropolitan,Medium,4.0,3.0,5.0,5.0,4.0,PENDLE HILL,4.0,0.0,Steady,4,True
2026-05,Melville Grange Hostel,Wickro Pty Ltd,Private for Profit,VIC,Southern Metro,MM1,Metropolitan,Large,4.0,4.0,5.0,2.0,3.0,BERWICK,4.0,0.0,Steady,2,True
2026-05,Melville Parkside Care Community,DPG Services Pty Ltd,Private for Profit,WA,Metropolitan South West,MM1,Metropolitan,Small,,4.0,4.0,,3.0,MYAREE,4.0,,New/First,1,True
2026-05,Menaville Nursing Home,Fresh Fields Aged Care (NSW) - No 1 Pty Ltd,Private for Profit,NSW,South East Sydney,MM1,Metropolitan,Small,,4.0,,3.0,3.0,ROCKDALE,,,New/First,1,True
2026-05,Mercy Community Services - Emmaus,Mercy Community Services SEQ Limited,Not for Profit,QLD,Brisbane North,MM1,Metropolitan,Large,3.0,3.0,5.0,2.0,3.0,NUDGEE,4.0,-1.0,Declined,1,True
2026-05,Mercy Health Bethlehem Home For The Aged,Mercy Aged and Community Care Ltd,Not for Profit,VIC,Loddon-Mallee,MM2,Regional centres,Large,4.0,4.0,5.0,2.0,3.0,GOLDEN SQUARE,4.0,0.0,Steady,8,True
2026-05,Mercy Place Albury,Mercy Aged and Community Care Ltd,Not for Profit,NSW,Riverina/Murray,MM2,Regional centres,Medium,4.0,4.0,5.0,3.0,3.0,ALBURY,4.0,0.0,Steady,5,True
2026-05,Mercy Place Ave Maria,Mercy Aged and Community Care Ltd,Not for Profit,VIC,Hume,MM3,Large rural towns,Medium,3.0,4.0,4.0,2.0,3.0,SHEPPARTON,3.0,0.0,Steady,13,True
2026-05,Mercy Place Ballarat,Mercy Aged and Community Care Ltd,Not for Profit,VIC,Grampians,MM2,Regional centres,Large,4.0,3.0,5.0,5.0,3.0,BALLARAT EAST,4.0,0.0,Steady,10,True
2026-05,Mercy Place Boronia,Mercy Aged and Community Care Ltd,Not for Profit,VIC,Eastern Metro,MM1,Metropolitan,Small,4.0,4.0,5.0,2.0,3.0,MONTROSE,4.0,0.0,Steady,10,True
2026-05,Mercy Place Cairns (Bethlehem),Mercy Aged and Community Care Ltd,Not for Profit,QLD,Far North,MM2,Regional centres,Medium,4.0,4.0,5.0,4.0,4.0,WESTCOURT,4.0,0.0,Steady,11,True
2026-05,Mercy Place Colac,Mercy Aged and Community Care Ltd,Not for Profit,VIC,Barwon-South Western,MM4,Medium rural towns,Large,4.0,4.0,5.0,2.0,3.0,COLAC,4.0,0.0,Steady,4,True
2026-05,Mercy Place Dandenong,Mercy Aged and Community Care Ltd,Not for Profit,VIC,Southern Metro,MM1,Metropolitan,Large,4.0,3.0,5.0,3.0,3.0,DANDENONG,4.0,0.0,Steady,3,True
2026-05,Mercy Place East Melbourne,Mercy Aged and Community Care Ltd,Not for Profit,VIC,Western Metro,MM1,Metropolitan,Medium,4.0,3.0,5.0,5.0,2.0,EAST MELBOURNE,4.0,0.0,Steady,6,True
2026-05,Mercy Place Fernhill,Mercy Aged and Community Care Ltd,Not for Profit,VIC,Southern Metro,MM1,Metropolitan,Large,4.0,4.0,5.0,2.0,3.0,SANDRINGHAM,4.0,0.0,Steady,6,True
2026-05,Mercy Place Keon Park,Mercy Aged and Community Care Ltd,Not for Profit,VIC,Northern Metro,MM1,Metropolitan,Medium,3.0,3.0,5.0,3.0,2.0,RESERVOIR,4.0,-1.0,Declined,1,True
2026-05,Mercy Place Lathlain,Mercy Aged and Community Care Ltd,Not for Profit,WA,Metropolitan South East,MM1,Metropolitan,Small,4.0,4.0,5.0,4.0,4.0,CARLISLE,4.0,0.0,Steady,13,True
2026-05,Mercy Place Lynbrook,Mercy Aged and Community Care Ltd,Not for Profit,VIC,Southern Metro,MM1,Metropolitan,Medium,4.0,3.0,5.0,4.0,3.0,LYNBROOK,4.0,0.0,Steady,9,True
2026-05,Mercy Place Mandurah,Mercy Aged and Community Care Ltd,Not for Profit,WA,Metropolitan South West,MM1,Metropolitan,Medium,3.0,3.0,4.0,2.0,3.0,HALLS HEAD,4.0,-1.0,Declined,1,True
2026-05,Mercy Place Mentone,Mercy Aged and Community Care Ltd,Not for Profit,VIC,Southern Metro,MM1,Metropolitan,Large,4.0,4.0,4.0,3.0,3.0,MENTONE,4.0,0.0,Steady,2,True
2026-05,Mercy Place Mont Clare,Mercy Aged and Community Care Ltd,Not for Profit,WA,Metropolitan North,MM1,Metropolitan,Medium,3.0,3.0,4.0,2.0,5.0,CLAREMONT,3.0,0.0,Steady,6,True
2026-05,Mercy Place Montrose,Mercy Aged and Community Care Ltd,Not for Profit,VIC,Eastern Metro,MM1,Metropolitan,Large,4.0,4.0,5.0,2.0,4.0,MONTROSE,4.0,0.0,Steady,2,True
2026-05,Mercy Place Mount St Joseph's,Mercy Aged and Community Care Ltd,Not for Profit,NSW,Southern Highlands,MM4,Medium rural towns,Small,4.0,3.0,5.0,4.0,3.0,YOUNG,4.0,0.0,Steady,6,True
2026-05,Mercy Place Myrtleford Lodge,Mercy Aged and Community Care Ltd,Not for Profit,VIC,Hume,MM5,Small rural towns,Medium,3.0,3.0,4.0,2.0,3.0,MYRTLEFORD,3.0,0.0,Steady,2,True
2026-05,Mercy Place Parkville,Mercy Aged and Community Care Ltd,Not for Profit,VIC,Western Metro,MM1,Metropolitan,Large,3.0,3.0,4.0,3.0,1.0,PARKVILLE,3.0,0.0,Steady,5,True
2026-05,Mercy Place Rice Village,Rice Village Ltd,Not for Profit,VIC,Barwon-South Western,MM1,Metropolitan,Medium,4.0,4.0,5.0,5.0,2.0,MARSHALL,4.0,0.0,Steady,12,True
2026-05,Mercy Place Rosebud,Mercy Aged and Community Care Ltd,Not for Profit,VIC,Southern Metro,MM1,Metropolitan,Small,4.0,4.0,4.0,4.0,3.0,ROSEBUD,4.0,0.0,Steady,8,True
2026-05,Mercy Place Shepparton,Mercy Aged and Community Care Ltd,Not for Profit,VIC,Hume,MM3,Large rural towns,Medium,3.0,3.0,5.0,3.0,2.0,SHEPPARTON,4.0,-1.0,Declined,1,True
2026-05,Mercy Place Templestowe,Mercy Aged and Community Care Ltd,Not for Profit,VIC,Eastern Metro,MM1,Metropolitan,Small,4.0,4.0,5.0,3.0,3.0,TEMPLESTOWE LOWER,4.0,0.0,Steady,4,True
2026-05,Mercy Place Warrnambool,Mercy Aged and Community Care Ltd,Not for Profit,VIC,Barwon-South Western,MM3,Large rural towns,Large,4.0,3.0,5.0,5.0,2.0,WARRNAMBOOL,4.0,0.0,Steady,3,True
2026-05,Mercy Place Wyndham,Mercy Aged and Community Care Ltd,Not for Profit,VIC,Western Metro,MM1,Metropolitan,Medium,4.0,3.0,5.0,3.0,3.0,WERRIBEE,4.0,0.0,Steady,2,True
2026-05,Mercy Place Yarrawonga Woods Point,Mercy Aged and Community Care Ltd,Not for Profit,VIC,Hume,MM4,Medium rural towns,Large,3.0,4.0,4.0,2.0,2.0,YARRAWONGA,4.0,-1.0,Declined,1,True
2026-05,MercyCare Joondalup,Mercy Human Services Limited,Not for Profit,WA,Metropolitan North,MM1,Metropolitan,Large,4.0,3.0,5.0,5.0,3.0,JOONDALUP,4.0,0.0,Steady,10,True
2026-05,MercyCare Kelmscott,Mercy Human Services Limited,Not for Profit,WA,Metropolitan South East,MM1,Metropolitan,Small,4.0,3.0,4.0,5.0,3.0,KELMSCOTT,3.0,1.0,Improved,1,True
2026-05,MercyCare Maddington,Mercy Human Services Limited,Not for Profit,WA,Metropolitan South East,MM1,Metropolitan,Large,4.0,3.0,4.0,5.0,2.0,MADDINGTON,3.0,1.0,Improved,1,True
2026-05,MercyCare Rockingham,Mercy Human Services Limited,Not for Profit,WA,Metropolitan South West,MM1,Metropolitan,Small,4.0,4.0,5.0,5.0,1.0,COOLOONGUP,4.0,0.0,Steady,6,True
2026-05,MercyCare Wembley Catherine McAuley,Mercy Community Services Limited,Not for Profit,WA,Metropolitan North,MM1,Metropolitan,Large,4.0,3.0,5.0,5.0,3.0,WEMBLEY,4.0,0.0,Steady,12,True
2026-05,Merrimac Park Private Care,Superior Care Group Pty Ltd,Private for Profit,QLD,South Coast,MM1,Metropolitan,Medium,4.0,4.0,3.0,4.0,3.0,MERRIMAC,4.0,0.0,Steady,2,True
2026-05,Mertome Aged Care,Fresh Fields Aged Care Pty Ltd,Private for Profit,WA,Metropolitan East,MM1,Metropolitan,Medium,,3.0,,3.0,3.0,BAYSWATER,,,New/First,1,True
2026-05,Merton Court Hostel,Merton Living Limited,Not for Profit,NSW,Hunter,MM5,Small rural towns,Small,5.0,5.0,5.0,5.0,3.0,DENMAN,5.0,0.0,Steady,7,True
2026-05,Merv Irvine Nursing Home,Northern Health,Government,VIC,Northern Metro,MM1,Metropolitan,Small,4.0,3.0,5.0,5.0,2.0,BUNDOORA,4.0,0.0,Steady,2,True
2026-05,MiCare Avondrust Lodge,MiCare Ltd,Not for Profit,VIC,Southern Metro,MM1,Metropolitan,Large,4.0,3.0,5.0,3.0,3.0,CARRUM DOWNS,4.0,0.0,Steady,5,True
2026-05,MiCare Margriet Manor,MiCare Ltd,Not for Profit,VIC,Eastern Metro,MM1,Metropolitan,Small,4.0,3.0,5.0,3.0,3.0,KILSYTH,4.0,0.0,Steady,2,True
2026-05,MiCare Overbeek Lodge,MiCare Ltd,Not for Profit,VIC,Eastern Metro,MM1,Metropolitan,Small,4.0,3.0,5.0,3.0,5.0,KILSYTH,4.0,0.0,Steady,10,True
2026-05,MiCare Prins Willem Alexander Lodge,MiCare Ltd,Not for Profit,QLD,Brisbane South,MM1,Metropolitan,Large,4.0,4.0,5.0,5.0,2.0,BIRKDALE,4.0,0.0,Steady,10,True
2026-05,Michael Lee Centre,MEATH CARE INC,Not for Profit,WA,Metropolitan South East,MM1,Metropolitan,Large,4.0,3.0,5.0,4.0,3.0,COMO,4.0,0.0,Steady,2,True
2026-05,Middle Swan Residential Care,Grand Lodge of Western Australian Freemasons Homes for the Aged Inc,Not for Profit,WA,Metropolitan East,MM1,Metropolitan,Large,3.0,3.0,4.0,3.0,2.0,MIDDLE SWAN,3.0,0.0,Steady,2,True
2026-05,Midland Nursing Home,Labouchere Investments Pty Ltd,Private for Profit,WA,Metropolitan East,MM1,Metropolitan,Medium,3.0,3.0,3.0,5.0,2.0,MIDLAND,3.0,0.0,Steady,2,True
2026-05,Midlands Multipurpose Health Centre,Tasmanian Health Service,Government,TAS,Southern,MM5,Small rural towns,Small,5.0,5.0,5.0,5.0,5.0,OATLANDS,5.0,0.0,Steady,4,True
2026-05,Milford House Nursing Home,Thompson Health Care Pty Ltd,Private for Profit,NSW,South East Sydney,MM1,Metropolitan,Small,3.0,3.0,5.0,3.0,2.0,RANDWICK,3.0,0.0,Steady,2,True
2026-05,Mill Park Glades Care Community,DPG Services Pty Ltd,Private for Profit,VIC,Northern Metro,MM1,Metropolitan,Medium,,3.0,4.0,,2.0,MILL PARK,3.0,,New/First,1,True
2026-05,Millhaven Lodge,Pakenham & District Hospital Inc,Not for Profit,VIC,Southern Metro,MM1,Metropolitan,Medium,4.0,3.0,4.0,5.0,3.0,PAKENHAM,3.0,1.0,Improved,1,True
2026-05,Millrace Hostel,APOLLO CARE OPERATIONS PTY LIMITED,Private for Profit,NSW,New England,MM5,Small rural towns,Small,4.0,3.0,4.0,4.0,3.0,TENTERFIELD,4.0,0.0,Steady,6,True
2026-05,Milton House,Darling Downs Hospital and Health Service,Government,QLD,Darling Downs,MM5,Small rural towns,Small,,,,,,MILES,,,New/First,1,True
2026-05,Minchinbury Manor,Australasian Accommodation Aged Care Pty Limited,Private for Profit,NSW,Western Sydney,MM1,Metropolitan,Large,4.0,3.0,5.0,3.0,5.0,ROOTY HILL,4.0,0.0,Steady,13,True
2026-05,Miranda Aged Care Facility,Jesmond Aged Care Pty Ltd,Private for Profit,NSW,South East Sydney,MM1,Metropolitan,Medium,3.0,4.0,4.0,2.0,3.0,MIRANDA,4.0,-1.0,Declined,1,True
2026-05,Mitchell House,Respect Group Limited,Not for Profit,VIC,Gippsland,MM3,Large rural towns,Small,4.0,3.0,5.0,4.0,3.0,MORWELL,4.0,0.0,Steady,2,True
2026-05,Mona Tait Gardens,Morshead Home For Veterans and Other Aged Persons Limited,Not for Profit,ACT,ACT,MM1,Metropolitan,Medium,4.0,4.0,5.0,3.0,2.0,KALEEN,4.0,0.0,Steady,3,True
2026-05,Mona Vale View Care Community,DPG Services Pty Ltd,Private for Profit,NSW,Northern Sydney,MM1,Metropolitan,Small,,5.0,5.0,,5.0,MONA VALE,4.0,,New/First,1,True
2026-05,Monash Gardens,Royal Freemasons Ltd,Not for Profit,VIC,Eastern Metro,MM1,Metropolitan,Medium,4.0,4.0,5.0,3.0,2.0,MULGRAVE,4.0,0.0,Steady,4,True
2026-05,Monda Lodge Hostel,Eastern Health,Government,VIC,Eastern Metro,MM2,Regional centres,Small,5.0,5.0,5.0,5.0,5.0,HEALESVILLE,5.0,0.0,Steady,4,True
2026-05,Montana Aged Care Facility,Fresh Fields Aged Care (NSW) - No 1 Pty Ltd,Private for Profit,NSW,Northern Sydney,MM1,Metropolitan,Small,,3.0,,1.0,2.0,MOSMAN,,,New/First,1,True
2026-05,Montrose Aged Care Plus Centre,The Salvation Army (NSW) Property Trust,Not for Profit,NSW,Inner West,MM1,Metropolitan,Small,4.0,4.0,5.0,2.0,3.0,BALMAIN,4.0,0.0,Steady,8,True
2026-05,Mooroolbark Manor Care Community,DPG Services Pty Ltd,Private for Profit,VIC,Eastern Metro,MM1,Metropolitan,Medium,,4.0,4.0,,2.0,MOOROOLBARK,4.0,,New/First,1,True
2026-05,Mooroopna Place Residential Aged Care Service,Shepparton Retirement Villages Inc,Not for Profit,VIC,Hume,MM3,Large rural towns,Medium,4.0,3.0,5.0,3.0,4.0,MOOROOPNA,4.0,0.0,Steady,2,True
2026-05,Moran Engadine,Moran Australia (Residential Aged Care) Pty Limited,Private for Profit,NSW,South East Sydney,MM1,Metropolitan,Large,3.0,3.0,4.0,1.0,2.0,ENGADINE,3.0,0.0,Steady,2,True
2026-05,Moran Kellyville,Moran Australia (Aged Care Services) Pty Ltd,Private for Profit,NSW,Western Sydney,MM1,Metropolitan,Large,4.0,4.0,5.0,3.0,3.0,KELLYVILLE,4.0,0.0,Steady,5,True
2026-05,Moran Stockton,Moran Australia (Aged Care Services) Pty Ltd,Private for Profit,NSW,Hunter,MM1,Metropolitan,Large,3.0,4.0,5.0,1.0,3.0,STOCKTON,4.0,-1.0,Declined,1,True
2026-05,Moran Sylvania,Moran Australia (Residential Aged Care) Pty Limited,Private for Profit,NSW,South East Sydney,MM1,Metropolitan,Large,,,,,,SYLVANIA,,,New/First,1,True
2026-05,Morayfield Grove Care Community,DPG Services Pty Ltd,Private for Profit,QLD,Cabool,MM1,Metropolitan,Medium,,3.0,5.0,,2.0,MORAYFIELD,4.0,,New/First,1,True
2026-05,Mordialloc Grove Care Community,DPG Services Pty Ltd,Private for Profit,VIC,Southern Metro,MM1,Metropolitan,Medium,,3.0,4.0,,3.0,MORDIALLOC,3.0,,New/First,1,True
2026-05,Morlancourt,RSL Care South Australia Incorporated,Not for Profit,SA,Metropolitan West,MM1,Metropolitan,Medium,4.0,4.0,5.0,3.0,2.0,ANGLE PARK,4.0,0.0,Steady,5,True
2026-05,Mornington Bay Care Community,DPG Services Pty Ltd,Private for Profit,VIC,Southern Metro,MM1,Metropolitan,Large,,4.0,5.0,,3.0,MOUNT MARTHA,4.0,,New/First,1,True
2026-05,Morrie Evans Wing Nursing Home,Benalla Health,Government,VIC,Hume,MM4,Medium rural towns,Small,4.0,4.0,4.0,4.0,2.0,BENALLA,4.0,0.0,Steady,8,True
2026-05,Mosman Park Nursing Home,Fresh Fields Aged Care Pty Ltd,Private for Profit,WA,Metropolitan North,MM1,Metropolitan,Small,4.0,3.0,5.0,4.0,5.0,MOSMAN PARK,4.0,0.0,Steady,13,True
2026-05,Mount Carmel Residential Care,Southern Cross Care (SA NT & VIC) Incorporated,Not for Profit,SA,Metropolitan West,MM1,Metropolitan,Medium,4.0,3.0,5.0,2.0,4.0,ROSEWATER,4.0,0.0,Steady,2,True
2026-05,Mount Eliza Botanica Care Community,DPG Services Pty Ltd,Private for Profit,VIC,Southern Metro,MM1,Metropolitan,Medium,,,,,,MT ELIZA,,,New/First,1,True
2026-05,Mount Esk Aged Care,Southern Cross Care (Tas) Inc,Not for Profit,TAS,Northern,MM2,Regional centres,Medium,4.0,3.0,5.0,5.0,4.0,ST LEONARDS,4.0,0.0,Steady,6,True
2026-05,Mount Martha Valley,Royal Freemasons Ltd,Not for Profit,VIC,Southern Metro,MM1,Metropolitan,Large,3.0,3.0,5.0,3.0,2.0,SAFETY BEACH,3.0,0.0,Steady,2,True
2026-05,Mount View Aged Care Facility,Terang and Mortlake Health Service,Government,VIC,Barwon-South Western,MM5,Small rural towns,Small,4.0,4.0,5.0,5.0,3.0,TERANG,5.0,-1.0,Declined,1,True
2026-05,Mount Waverley Glades Care Community,DPG Services Pty Ltd,Private for Profit,VIC,Eastern Metro,MM1,Metropolitan,Large,,3.0,4.0,,2.0,MOUNT WAVERLEY,3.0,,New/First,1,True
2026-05,Mountain View Aged Care Plus Centre,The Salvation Army (NSW) Property Trust,Not for Profit,ACT,ACT,MM1,Metropolitan,Medium,4.0,4.0,5.0,5.0,3.0,NARRABUNDAH,4.0,0.0,Steady,12,True
2026-05,Mountain View Lodge,Northern Coalfields Community Care Association Ltd,Not for Profit,NSW,Hunter,MM3,Large rural towns,Small,4.0,5.0,5.0,2.0,3.0,CESSNOCK,4.0,0.0,Steady,4,True
2026-05,Mountainview Nursing Home,MOUNTAINVIEW NURSING HOME PTY LIMITED,Private for Profit,NSW,Nepean,MM1,Metropolitan,Medium,3.0,3.0,4.0,3.0,3.0,PENRITH,4.0,-1.0,Declined,1,True
2026-05,Moyne Health Services-Belfast House,Moyne Health Services,Government,VIC,Barwon-South Western,MM5,Small rural towns,Small,4.0,4.0,5.0,4.0,3.0,PORT FAIRY,4.0,0.0,Steady,12,True
2026-05,Moyne Health Services-Moyneyana House,Moyne Health Services,Government,VIC,Barwon-South Western,MM5,Small rural towns,Small,3.0,3.0,5.0,2.0,2.0,PORT FAIRY,4.0,-1.0,Declined,1,True
2026-05,Moyne Roshana Care,Burswood Care Pty Ltd,Private for Profit,NSW,Central West,MM5,Small rural towns,Small,4.0,4.0,4.0,3.0,4.0,CANOWINDRA,4.0,0.0,Steady,2,True
2026-05,Moyola Lodge Hostel,MOYOLA AGED CARE INC.,Not for Profit,VIC,Hume,MM3,Large rural towns,Small,5.0,4.0,5.0,5.0,4.0,TATURA,4.0,1.0,Improved,1,True
2026-05,Mt Kooyong Convalescent Home,Adermina Pty Ltd,Private for Profit,QLD,Far North,MM5,Small rural towns,Small,4.0,5.0,5.0,1.0,5.0,JULATTEN,5.0,-1.0,Declined,1,True
2026-05,Mt Lofty Nursing Home,Darling Downs Hospital and Health Service,Government,QLD,Darling Downs,MM2,Regional centres,Small,,3.0,,,,TOOWOOMBA,,,New/First,1,True
2026-05,Mt St Vincent,Respect Group Limited,Not for Profit,TAS,North Western,MM3,Large rural towns,Medium,4.0,4.0,5.0,2.0,2.0,ULVERSTONE,4.0,0.0,Steady,3,True
2026-05,Mt View Homes Inc,"""MT. VIEW"" HOMES INC",Not for Profit,SA,Mid North,MM5,Small rural towns,Small,4.0,4.0,5.0,4.0,4.0,BOOLEROO CENTRE,5.0,-1.0,Declined,1,True
2026-05,Mudgee Grove Care Community,DPG Services Pty Ltd,Private for Profit,NSW,Orana Far West,MM4,Medium rural towns,Small,,4.0,5.0,,3.0,MUDGEE,4.0,,New/First,1,True
2026-05,Mulgrave Rise Care Community,DPG Services Pty Ltd,Private for Profit,VIC,Eastern Metro,MM1,Metropolitan,Medium,,3.0,4.0,,3.0,MULGRAVE,3.0,,New/First,1,True
2026-05,Multicultural Community Services Geelong Inc,Multicultural Community Services Geelong Incorporated,Not for Profit,VIC,Barwon-South Western,MM1,Metropolitan,Large,,,,,,NORTH GEELONG,,,New/First,1,True
2026-05,Murdoch Gardens Care Community,DPG Services Pty Ltd,Private for Profit,WA,Metropolitan South West,MM1,Metropolitan,Large,,3.0,5.0,,3.0,MURDOCH,4.0,,New/First,1,True
2026-05,Murravale Aged Care Facility,Murravale Retirement Home Ltd,Not for Profit,NSW,Hunter,MM5,Small rural towns,Small,4.0,4.0,4.0,2.0,5.0,MURRURUNDI,4.0,0.0,Steady,11,True
2026-05,Murray Haven Hostel,Murray Haven Homes Limited,Not for Profit,NSW,Riverina/Murray,MM5,Small rural towns,Small,4.0,5.0,5.0,4.0,3.0,BARHAM,5.0,-1.0,Declined,1,True
2026-05,Murray House,Murray House Wentworth Aged Care Ltd,Not for Profit,NSW,Orana Far West,MM5,Small rural towns,Medium,4.0,4.0,3.0,4.0,4.0,WENTWORTH,3.0,1.0,Improved,1,True
2026-05,Murray Mudge,Uniting Communities Incorporated,Not for Profit,SA,Metropolitan South,MM1,Metropolitan,Medium,4.0,3.0,5.0,3.0,3.0,GLENELG,4.0,0.0,Steady,5,True
2026-05,Murray Vale Shalem Hostel,United Protestant Association of NSW Limited,Not for Profit,NSW,Riverina/Murray,MM2,Regional centres,Small,4.0,4.0,5.0,3.0,4.0,LAVINGTON,4.0,0.0,Steady,13,True
2026-05,Murrayvale Aged Care,Domacwa Holdings Pty Ltd,Private for Profit,NSW,Riverina/Murray,MM3,Large rural towns,Small,4.0,4.0,5.0,2.0,5.0,MOAMA,4.0,0.0,Steady,5,True
2026-05,Murrenda Residential Aged Care Home,Eastern Health,Government,VIC,Eastern Metro,MM1,Metropolitan,Medium,4.0,3.0,5.0,5.0,1.0,WANTIRNA,4.0,0.0,Steady,9,True
2026-05,Murroona Gardens,BOWEN OLD PEOPLE'S HOME SOCIETY LIMITED,Not for Profit,QLD,Northern,MM4,Medium rural towns,Medium,4.0,4.0,5.0,4.0,2.0,BOWEN,4.0,0.0,Steady,2,True
2026-05,Murwillumbah Greens Care Community,DPG Services Pty Ltd,Private for Profit,NSW,Far North Coast,MM2,Regional centres,Medium,,4.0,5.0,,4.0,MURWILLUMBAH,4.0,,New/First,1,True
2026-05,Mutkin Residential Aged Care,Mutkin Residential and Community Care Indigenous Corporation,Not for Profit,QLD,Far North,MM5,Small rural towns,Small,4.0,3.0,5.0,5.0,2.0,YARRABAH,4.0,0.0,Steady,3,True
2026-05,Myoora Homestead Hostel,United Protestant Association of NSW Limited,Not for Profit,NSW,Riverina/Murray,MM5,Small rural towns,Small,5.0,4.0,5.0,5.0,5.0,HENTY,5.0,0.0,Steady,2,True
2026-05,Nalya Lodge Hostel,Yorke and Northern Local Health Network Incorporated,Government,SA,Mid North,MM5,Small rural towns,Small,4.0,3.0,5.0,5.0,4.0,PETERBOROUGH,4.0,0.0,Steady,13,True
2026-05,Nambour Gardens Care Community,DPG Services Pty Ltd,Private for Profit,QLD,Sunshine Coast,MM1,Metropolitan,Small,,3.0,5.0,,4.0,NAMBOUR,4.0,,New/First,1,True
2026-05,Nanyima Aged Care,APOLLO CARE OPERATIONS PTY LIMITED,Private for Profit,QLD,Mackay,MM5,Small rural towns,Small,4.0,4.0,4.0,5.0,2.0,MIRANI,4.0,0.0,Steady,7,True
2026-05,Napier Street Aged Care Services,One Hundred & Seventy Nine Napier St Hostel Assoc Inc,Not for Profit,VIC,Southern Metro,MM1,Metropolitan,Small,4.0,3.0,5.0,4.0,5.0,SOUTH MELBOURNE,4.0,0.0,Steady,3,True
2026-05,Naracoorte Health Service,Limestone Coast Local Health Network Incorporated,Government,SA,South East,MM4,Medium rural towns,Small,4.0,4.0,5.0,4.0,2.0,NARACOORTE,4.0,0.0,Steady,5,True
2026-05,Narangba Aged Care,Tingari Group Pty Ltd,Private for Profit,QLD,Cabool,MM1,Metropolitan,Medium,4.0,3.0,5.0,2.0,4.0,NARANGBA,4.0,0.0,Steady,2,True
2026-05,Narangba Community Aged Care,Luson Aged Care Pty Ltd,Not for Profit,QLD,Cabool,MM1,Metropolitan,Large,3.0,3.0,4.0,3.0,4.0,NARANGBA,3.0,0.0,Steady,2,True
2026-05,Nareeba Moopi Moopi Pa Aged Care Hostel,North Stradbroke Island Aboriginal & Islanders Housing Co-Operative Society Ltd,Not for Profit,QLD,Brisbane South,MM6,Remote communities,Small,5.0,5.0,5.0,5.0,3.0,DUNWICH,4.0,1.0,Improved,1,True
2026-05,Naroo Frail Aged Hostel,Gwydir Shire Council,Government,NSW,New England,MM5,Small rural towns,Small,4.0,4.0,5.0,1.0,5.0,WARIALDA,4.0,0.0,Steady,5,True
2026-05,Narrabeen Glades Care Community,DPG Services Pty Ltd,Private for Profit,NSW,Northern Sydney,MM1,Metropolitan,Large,,4.0,5.0,,3.0,WARRIEWOOD,4.0,,New/First,1,True
2026-05,Narrandera Homestead Care Community,DPG Services Pty Ltd,Private for Profit,NSW,Riverina/Murray,MM5,Small rural towns,Small,,3.0,5.0,,2.0,NARRANDERA,4.0,,New/First,1,True
2026-05,Narraweena Grove Care Community,DPG Services Pty Ltd,Private for Profit,NSW,Northern Sydney,MM1,Metropolitan,Small,,5.0,5.0,,4.0,NARRAWEENA,4.0,,New/First,1,True
2026-05,Natimuk Aged Care Home,West Wimmera Health Service,Government,VIC,Grampians,MM5,Small rural towns,Small,4.0,4.0,5.0,5.0,3.0,NATIMUK,4.0,0.0,Steady,4,True
2026-05,Navorina Nursing Home,The Deniliquin Nursing Home Foundation Ltd,Not for Profit,NSW,Riverina/Murray,MM4,Medium rural towns,Small,3.0,4.0,4.0,3.0,2.0,DENILIQUIN,4.0,-1.0,Declined,1,True
2026-05,Nazareth House Ballarat,Nazareth Care,Not for Profit,VIC,Grampians,MM2,Regional centres,Large,4.0,4.0,5.0,2.0,3.0,BALLARAT,4.0,0.0,Steady,2,True
2026-05,Nazareth House Camberwell,Nazareth Care,Not for Profit,VIC,Eastern Metro,MM1,Metropolitan,Medium,4.0,3.0,5.0,3.0,5.0,CAMBERWELL,4.0,0.0,Steady,8,True
2026-05,Nazareth House Geraldton,Nazareth Care,Not for Profit,WA,Mid West,MM3,Large rural towns,Large,4.0,3.0,5.0,2.0,4.0,BLUFF POINT,4.0,0.0,Steady,3,True
2026-05,Nazareth House Tamworth,Nazareth Care,Not for Profit,NSW,New England,MM3,Large rural towns,Medium,4.0,4.0,5.0,1.0,4.0,OXLEY VALE,4.0,0.0,Steady,11,True
2026-05,Nazareth House Wynnum,Nazareth Care,Not for Profit,QLD,Brisbane South,MM1,Metropolitan,Large,4.0,5.0,5.0,1.0,3.0,WYNNUM,5.0,-1.0,Declined,1,True
2026-05,Nazareth Residential Aged Care,The Nazareth Lutheran Church of South Brisbane,Not for Profit,QLD,Brisbane South,MM1,Metropolitan,Small,5.0,4.0,5.0,5.0,4.0,WOOLLOONGABBA,5.0,0.0,Steady,3,True
2026-05,Nellie Melba Retirement Village,Ryman Aged Care (Australia) Pty Ltd,Private for Profit,VIC,Eastern Metro,MM1,Metropolitan,Large,4.0,4.0,5.0,3.0,3.0,WHEELERS HILL,4.0,0.0,Steady,3,True
2026-05,New Auckland Place,Johnson Stenner Aged Care Pty Limited,Private for Profit,QLD,Fitzroy,MM3,Large rural towns,Large,4.0,4.0,5.0,2.0,3.0,NEW AUCKLAND,4.0,0.0,Steady,12,True
2026-05,NewDirection Care at Bellmere,NewDirection Bellmere Pty Ltd,Private for Profit,QLD,Cabool,MM1,Metropolitan,Large,4.0,3.0,5.0,5.0,4.0,BELLMERE,3.0,1.0,Improved,1,True
2026-05,Newstead Grand Care Community,DPG Services Pty Ltd,Private for Profit,QLD,Brisbane North,MM1,Metropolitan,Large,,3.0,5.0,,2.0,NEWSTEAD,4.0,,New/First,1,True
2026-05,Ningana,The Dalby and District Aged Persons' Homes Association,Not for Profit,QLD,Darling Downs,MM4,Medium rural towns,Small,5.0,5.0,5.0,4.0,5.0,DALBY,5.0,0.0,Steady,13,True
2026-05,Nirvana Hostel,Clifton Co-Op Hospital Ltd,Not for Profit,QLD,Darling Downs,MM5,Small rural towns,Small,,4.0,5.0,,4.0,CLIFTON,4.0,,New/First,1,True
2026-05,Noble Gardens Residential Aged Care,Great Oaks Pty Ltd,Private for Profit,VIC,Southern Metro,MM1,Metropolitan,Large,3.0,3.0,5.0,1.0,3.0,NOBLE PARK,4.0,-1.0,Declined,1,True
2026-05,Noble Manor Residential Aged Care,Great Oaks Pty Ltd,Private for Profit,VIC,Southern Metro,MM1,Metropolitan,Large,3.0,3.0,5.0,2.0,3.0,NOBLE PARK,3.0,0.0,Steady,11,True
2026-05,Norah Head Care Community,DPG Services Pty Ltd,Private for Profit,NSW,Central Coast,MM1,Metropolitan,Small,,4.0,5.0,,1.0,TOUKLEY,4.0,,New/First,1,True
2026-05,North Eastern Community Nursing Home,North Eastern Community Hospital Incorporated,Not for Profit,SA,Metropolitan East,MM1,Metropolitan,Medium,3.0,3.0,4.0,2.0,3.0,CAMPBELLTOWN,3.0,0.0,Steady,12,True
2026-05,North Lakes Terrace Care Community,DPG Services Pty Ltd,Private for Profit,QLD,Cabool,MM1,Metropolitan,Large,,4.0,5.0,,3.0,NORTH LAKES,4.0,,New/First,1,True
2026-05,North Rockhampton Nursing Centre,Central Queensland Hospital and Health Service,Government,QLD,Fitzroy,MM2,Regional centres,Medium,,,,,,NORMAN GARDENS,,,New/First,1,True
2026-05,Northcote Mews,DPG Services Pty Ltd,Private for Profit,VIC,Northern Metro,MM1,Metropolitan,Medium,,3.0,4.0,,3.0,NORTHCOTE,3.0,,New/First,1,True
2026-05,Northcourt Nursing Home,Christadelphian Homes Limited,Not for Profit,NSW,Western Sydney,MM1,Metropolitan,Small,4.0,5.0,5.0,4.0,3.0,NORTH PARRAMATTA,5.0,-1.0,Declined,1,True
2026-05,Northern Gardens Aged Care,Aged Care Group Pty Ltd,Private for Profit,VIC,Northern Metro,MM1,Metropolitan,Small,3.0,3.0,5.0,2.0,3.0,COBURG NORTH,4.0,-1.0,Declined,1,True
2026-05,Numurkah Pioneers Memorial Lodge,NCN Health,Government,VIC,Hume,MM5,Small rural towns,Small,4.0,4.0,5.0,5.0,2.0,NUMURKAH,4.0,0.0,Steady,2,True
2026-05,Ny-Ku Byun,UnitingCare Queensland Limited,Not for Profit,QLD,Wide Bay,MM5,Small rural towns,Small,,,,,,CHERBOURG,,,New/First,1,True
2026-05,Oakden Green,Quality Care Homes Pty Ltd,Private for Profit,SA,Metropolitan East,MM1,Metropolitan,Small,4.0,3.0,5.0,5.0,4.0,OAKDEN,4.0,0.0,Steady,2,True
2026-05,Oakfield Lodge Residential Care,Southern Cross Care (SA NT & VIC) Incorporated,Not for Profit,SA,"Hills, Mallee & Southern",MM3,Large rural towns,Medium,3.0,3.0,5.0,2.0,3.0,MOUNT BARKER,3.0,0.0,Steady,4,True
2026-05,Oaklands Park Lodge Residential Care,Southern Cross Care (SA NT & VIC) Incorporated,Not for Profit,SA,Metropolitan South,MM1,Metropolitan,Medium,3.0,3.0,5.0,1.0,3.0,OAKLANDS PARK,4.0,-1.0,Declined,1,True
2026-05,Oaklea Hall,Aged Care Group Pty Ltd,Private for Profit,VIC,Eastern Metro,MM1,Metropolitan,Small,4.0,4.0,5.0,2.0,3.0,OAKLEIGH,3.0,1.0,Improved,1,True
2026-05,Oakleigh Manor Care Community,DPG Services Pty Ltd,Private for Profit,VIC,Eastern Metro,MM1,Metropolitan,Small,,3.0,4.0,,5.0,OAKLEIGH SOUTH,4.0,,New/First,1,True
2026-05,Oakwood Aged Care,Tolega Pty Ltd,Private for Profit,SA,Metropolitan East,MM1,Metropolitan,Medium,4.0,4.0,5.0,2.0,4.0,ENFIELD,4.0,0.0,Steady,6,True
2026-05,Oasis Aged Care,Southern Cross Care (QLD) Ltd,Not for Profit,VIC,Loddon-Mallee,MM3,Large rural towns,Small,,4.0,,2.0,3.0,IRYMPLE,,,New/First,1,True
2026-05,Ocean Mist Aged Care,OC Health Torquay Pty Ltd,Private for Profit,VIC,Barwon-South Western,MM2,Regional centres,Medium,3.0,3.0,5.0,2.0,3.0,BELLBRAE,3.0,0.0,Steady,2,True
2026-05,Ocean Star Aged Care,Catholic Homes Incorporated,Not for Profit,WA,South West,MM2,Regional centres,Small,3.0,3.0,5.0,2.0,2.0,BUNBURY,4.0,-1.0,Declined,1,True
2026-05,Old Timers,Australian Regional and Remote Community Services Limited,Not for Profit,NT,Alice Springs,MM6,Remote communities,Small,4.0,3.0,5.0,5.0,3.0,BRAITLING,4.0,0.0,Steady,6,True
2026-05,Olive Grove Aged Care,Willshire Pty Ltd,Private for Profit,SA,Metropolitan North,MM1,Metropolitan,Medium,4.0,3.0,5.0,5.0,4.0,SALISBURY,4.0,0.0,Steady,9,True
2026-05,Olivet Aged Persons Home,Christadelphian Welfare Association (Vic) Inc,Not for Profit,VIC,Eastern Metro,MM1,Metropolitan,Large,4.0,4.0,5.0,3.0,3.0,RINGWOOD,4.0,0.0,Steady,7,True
2026-05,Omeo District Health-Lewington House,Omeo District Health,Government,VIC,Gippsland,MM5,Small rural towns,Small,4.0,4.0,5.0,5.0,3.0,OMEO,5.0,-1.0,Declined,1,True
2026-05,Onkaparinga Lodge Residential Care,Southern Cross Care (SA NT & VIC) Incorporated,Not for Profit,SA,Metropolitan South,MM1,Metropolitan,Medium,3.0,3.0,5.0,1.0,3.0,HUNTFIELD HEIGHTS,4.0,-1.0,Declined,1,True
2026-05,Oolong Hostel,United Protestant Association of NSW Limited,Not for Profit,NSW,Riverina/Murray,MM5,Small rural towns,Small,5.0,4.0,5.0,5.0,4.0,HOWLONG,5.0,0.0,Steady,7,True
2026-05,Oran Park House Aged Care Facility,Thompson Health Care Pty Ltd,Private for Profit,NSW,South West Sydney,MM1,Metropolitan,Large,4.0,4.0,5.0,3.0,3.0,ORAN PARK,4.0,0.0,Steady,5,True
2026-05,Orana Gardens,Orana Gardens Ltd,Not for Profit,NSW,Orana Far West,MM3,Large rural towns,Large,4.0,5.0,5.0,2.0,2.0,DUBBO,4.0,0.0,Steady,4,True
2026-05,Orange Grove Care Community,DPG Services Pty Ltd,Private for Profit,NSW,Central West,MM3,Large rural towns,Medium,,4.0,5.0,,5.0,ORANGE,4.0,,New/First,1,True
2026-05,Orroroo Community Home,Yorke and Northern Local Health Network Incorporated,Government,SA,Mid North,MM5,Small rural towns,Small,5.0,4.0,5.0,5.0,5.0,ORROROO,4.0,1.0,Improved,1,True
2026-05,Orroroo Hospital Aged Care,Yorke and Northern Local Health Network Incorporated,Government,SA,Mid North,MM5,Small rural towns,Small,,4.0,,4.0,4.0,ORROROO,,,New/First,1,True
2026-05,Osboine Contemporary Aged Care,ALINEA INC.,Not for Profit,WA,Metropolitan East,MM1,Metropolitan,Large,4.0,3.0,5.0,4.0,3.0,BAYSWATER,4.0,0.0,Steady,2,True
2026-05,Ottoman Village Aged Care,BROADMEADOWS TURKISH ISLAMIC AND CULTURAL CENTRE INC.,Not for Profit,VIC,Northern Metro,MM1,Metropolitan,Small,4.0,3.0,5.0,5.0,3.0,BROADMEADOWS,4.0,0.0,Steady,2,True
2026-05,Ottrey Lodge,Ottrey Homes - Cobram And District Retirement Village Inc,Not for Profit,VIC,Hume,MM4,Medium rural towns,Medium,3.0,3.0,5.0,2.0,3.0,COBRAM,3.0,0.0,Steady,2,True
2026-05,Our Lady Mercy Place Harris Park,Mercy Aged and Community Care Ltd,Not for Profit,NSW,Western Sydney,MM1,Metropolitan,Medium,4.0,3.0,4.0,5.0,4.0,HARRIS PARK,4.0,0.0,Steady,5,True
2026-05,Our Lady Of Consolation Home,Our Lady of Consolation Aged Care & Services Limited,Not for Profit,NSW,Western Sydney,MM1,Metropolitan,Large,4.0,3.0,5.0,3.0,3.0,ROOTY HILL,4.0,0.0,Steady,12,True
2026-05,Our Lady Of Consolation Nursing Home,Our Lady of Consolation Aged Care & Services Limited,Not for Profit,NSW,Western Sydney,MM1,Metropolitan,Large,4.0,4.0,5.0,3.0,3.0,ROOTY HILL,4.0,0.0,Steady,11,True
2026-05,Outlook Gardens Aged Care,Association for Christian Senior Citizens Homes Inc,Not for Profit,VIC,Southern Metro,MM1,Metropolitan,Medium,4.0,4.0,5.0,4.0,4.0,DANDENONG NORTH,4.0,0.0,Steady,3,True
2026-05,Oxa Care,Oxha Health Pty Ltd,Private for Profit,VIC,Northern Metro,MM1,Metropolitan,Large,4.0,3.0,5.0,3.0,3.0,EPPING,3.0,1.0,Improved,1,True
2026-05,Oxley Grove Care Community,DPG Services Pty Ltd,Private for Profit,QLD,Brisbane South,MM1,Metropolitan,Large,,3.0,5.0,,3.0,DURACK,4.0,,New/First,1,True
2026-05,Ozcare - Hervey Bay,Ozcare,Not for Profit,QLD,Wide Bay,MM2,Regional centres,Large,3.0,4.0,4.0,2.0,1.0,HERVEY BAY,3.0,0.0,Steady,7,True
2026-05,Ozcare - Toowoomba,Ozcare,Not for Profit,QLD,Darling Downs,MM2,Regional centres,Large,3.0,3.0,5.0,2.0,2.0,GLENVALE,4.0,-1.0,Declined,1,True
2026-05,Ozcare Ayr,Ozcare,Not for Profit,QLD,Northern,MM4,Medium rural towns,Medium,,,,,,AYR,,,New/First,1,True
2026-05,Ozcare Bakhita Villa Aged Care Facility,Ozcare,Not for Profit,QLD,Brisbane South,MM1,Metropolitan,Medium,4.0,4.0,5.0,2.0,2.0,OXLEY,4.0,0.0,Steady,7,True
2026-05,Ozcare Caroline Chisholm,Ozcare,Not for Profit,QLD,Sunshine Coast,MM1,Metropolitan,Large,4.0,4.0,5.0,4.0,2.0,CURRIMUNDI,4.0,0.0,Steady,13,True
2026-05,Ozcare Douglas,Ozcare,Not for Profit,QLD,Northern,MM2,Regional centres,Large,4.0,4.0,4.0,5.0,2.0,DOUGLAS,,,New/First,1,True
2026-05,Ozcare Home Hill,Ozcare,Not for Profit,QLD,Northern,MM4,Medium rural towns,Medium,,,,,,HOME HILL,,,New/First,1,True
2026-05,Ozcare Innisfail,Ozcare,Not for Profit,QLD,Far North,MM4,Medium rural towns,Large,3.0,3.0,4.0,2.0,2.0,INNISFAIL,4.0,-1.0,Declined,1,True
2026-05,Ozcare Keith Turnbull Place,Ozcare,Not for Profit,QLD,South Coast,MM1,Metropolitan,Large,3.0,3.0,5.0,2.0,3.0,LABRADOR,4.0,-1.0,Declined,1,True
2026-05,Ozcare Mackay,Ozcare,Not for Profit,QLD,Mackay,MM2,Regional centres,Large,3.0,4.0,5.0,2.0,1.0,WEST MACKAY,4.0,-1.0,Declined,1,True
2026-05,Ozcare Magdalene Villa Aged Care Facility,Ozcare,Not for Profit,QLD,Northern,MM6,Remote communities,Small,4.0,3.0,5.0,5.0,3.0,TREBONNE,4.0,0.0,Steady,3,True
2026-05,Ozcare Malanda,Ozcare,Not for Profit,QLD,Far North,MM5,Small rural towns,Medium,4.0,4.0,5.0,5.0,3.0,MALANDA,4.0,0.0,Steady,2,True
2026-05,Ozcare Noosa Heads,Ozcare,Not for Profit,QLD,Sunshine Coast,MM1,Metropolitan,Medium,4.0,4.0,5.0,4.0,3.0,NOOSA HEADS,4.0,0.0,Steady,9,True
2026-05,Ozcare Ozanam Villa - Burleigh,Ozcare,Not for Profit,QLD,South Coast,MM1,Metropolitan,Large,4.0,4.0,5.0,4.0,3.0,BURLEIGH HEADS,4.0,0.0,Steady,13,True
2026-05,Ozcare Ozanam Villa - Clontarf,Ozcare,Not for Profit,QLD,Cabool,MM1,Metropolitan,Large,4.0,4.0,5.0,2.0,3.0,CLONTARF,4.0,0.0,Steady,13,True
2026-05,Ozcare Parkwood Gardens,Ozcare,Not for Profit,QLD,South Coast,MM1,Metropolitan,Large,4.0,4.0,5.0,2.0,2.0,LABRADOR,4.0,0.0,Steady,12,True
2026-05,Ozcare Port Douglas,Ozcare,Not for Profit,QLD,Far North,MM5,Small rural towns,Medium,3.0,3.0,5.0,2.0,3.0,PORT DOUGLAS,4.0,-1.0,Declined,1,True
2026-05,Ozcare Sarina Aged Care,Ozcare,Not for Profit,QLD,Mackay,MM5,Small rural towns,Small,4.0,4.0,4.0,4.0,3.0,SARINA,4.0,0.0,Steady,8,True
2026-05,Ozcare Villa Rosalie Newstead,Ozcare,Not for Profit,QLD,Brisbane North,MM1,Metropolitan,Large,4.0,4.0,5.0,2.0,2.0,NEWSTEAD,4.0,0.0,Steady,6,True
2026-05,Ozcare Villa Vincent,Ozcare,Not for Profit,QLD,Northern,MM2,Regional centres,Large,3.0,3.0,5.0,2.0,3.0,MUNDINGBURRA,4.0,-1.0,Declined,1,True
2026-05,P.S. Hobson Nursing Home,Grampians Health,Government,VIC,Grampians,MM2,Regional centres,Small,4.0,4.0,5.0,4.0,3.0,WENDOUREE,4.0,0.0,Steady,6,True
2026-05,PM Aged Care,Panaghia Myrtidiotissa Limited,Not for Profit,QLD,Brisbane North,MM1,Metropolitan,Small,4.0,5.0,5.0,2.0,3.0,BALD HILLS,4.0,0.0,Steady,2,True
2026-05,Pacific Cape,Great Lakes Aged & Invalid Care Association Ltd,Not for Profit,NSW,Mid North Coast,MM3,Large rural towns,Medium,3.0,4.0,4.0,1.0,4.0,FORSTER,4.0,-1.0,Declined,1,True
2026-05,Pacific Lodge Aged Care Plus Centre,The Salvation Army (NSW) Property Trust,Not for Profit,NSW,Northern Sydney,MM1,Metropolitan,Small,4.0,4.0,5.0,3.0,5.0,COLLAROY,4.0,0.0,Steady,7,True
2026-05,Paling Court Residential Aged Care,Carrington Centennial Care Limited,Not for Profit,NSW,South West Sydney,MM1,Metropolitan,Large,4.0,4.0,5.0,3.0,3.0,GRASMERE,4.0,0.0,Steady,4,True
2026-05,Palm Lake Aged Care Deception Bay,Palm Lake Care Operations Pty Ltd,Private for Profit,QLD,Cabool,MM1,Metropolitan,Medium,3.0,3.0,3.0,5.0,2.0,DECEPTION BAY,3.0,0.0,Steady,2,True
2026-05,Palm Lake Bethania Aged Care Facility,Palm Lake Care Operations Pty Ltd,Private for Profit,QLD,Logan River Valley,MM1,Metropolitan,Large,4.0,4.0,5.0,4.0,3.0,BETHANIA,4.0,0.0,Steady,5,True
2026-05,Palm Lake Care Bargara,Palm Lake Care Operations Pty Ltd,Private for Profit,QLD,Wide Bay,MM2,Regional centres,Large,4.0,4.0,5.0,5.0,2.0,BARGARA,4.0,0.0,Steady,3,True
2026-05,Palm Lake Care Beachmere,Palm Lake Care Operations Pty Ltd,Private for Profit,QLD,Cabool,MM1,Metropolitan,Medium,4.0,2.0,5.0,5.0,3.0,BEACHMERE,3.0,1.0,Improved,1,True
2026-05,Palm Lake Care Caloundra,Palm Lake Care Operations Pty Ltd,Private for Profit,QLD,Sunshine Coast,MM1,Metropolitan,Large,4.0,4.0,5.0,4.0,3.0,LITTLE MOUNTAIN,4.0,0.0,Steady,11,True
2026-05,Palm Lake Care Mt Warren Park,Palm Lake Care Operations Pty Ltd,Private for Profit,QLD,Logan River Valley,MM1,Metropolitan,Large,4.0,4.0,5.0,3.0,2.0,MT WARREN PARK,4.0,0.0,Steady,5,True
2026-05,Palm Lake Care Toowoomba,Palm Lake Care Operations Pty Ltd,Private for Profit,QLD,Darling Downs,MM2,Regional centres,Large,3.0,3.0,3.0,5.0,3.0,CRANLEY,1.0,2.0,Improved,1,True
2026-05,Palmwoods Care Centre,Sundale Ltd,Not for Profit,QLD,Sunshine Coast,MM1,Metropolitan,Medium,4.0,4.0,5.0,3.0,5.0,PALMWOODS,4.0,0.0,Steady,13,True
2026-05,Pam Corker House,Quambie Park Waroona Inc,Not for Profit,WA,Metropolitan South West,MM5,Small rural towns,Small,4.0,3.0,5.0,5.0,3.0,WAROONA,4.0,0.0,Steady,4,True
2026-05,Para Hills Residential Care,L P Rositano & M Rositano & R M Rositano and S P Rositano,Private for Profit,SA,Metropolitan North,MM1,Metropolitan,Small,4.0,4.0,4.0,5.0,3.0,PARA HILLS,4.0,0.0,Steady,3,True
2026-05,Paradise Lakes Care Centre,Vanguard Care Communities Pty Ltd,Private for Profit,QLD,South Coast,MM1,Metropolitan,Small,4.0,4.0,4.0,5.0,4.0,RUNAWAY BAY,,,New/First,1,True
2026-05,Park Lane Croydon,Norsan Pty Ltd,Private for Profit,VIC,Eastern Metro,MM1,Metropolitan,Medium,4.0,4.0,5.0,4.0,3.0,CROYDON,4.0,0.0,Steady,2,True
2026-05,Park Village,Clayton Church Homes Inc,Not for Profit,SA,Metropolitan North,MM1,Metropolitan,Small,4.0,3.0,5.0,3.0,3.0,ELIZABETH PARK,4.0,0.0,Steady,6,True
2026-05,Parkdale Aged Care,Aged Care Group Pty Ltd,Private for Profit,VIC,Southern Metro,MM1,Metropolitan,Small,3.0,3.0,5.0,1.0,3.0,PARKDALE,4.0,-1.0,Declined,1,True
2026-05,Parklands Aged Care Facility & Retirement Village,Burswood Care Pty Ltd,Private for Profit,QLD,Wide Bay,MM2,Regional centres,Medium,4.0,4.0,5.0,4.0,3.0,URANGAN,4.0,0.0,Steady,7,True
2026-05,Parklands Residential Aged Care Facility,Townsville Hospital and Health Service,Government,QLD,Northern,MM2,Regional centres,Medium,,,,,,THURINGOWA CENTRAL,,,New/First,1,True
2026-05,Parkview,Wesley Mission Queensland Limited,Not for Profit,QLD,Brisbane North,MM1,Metropolitan,Large,4.0,4.0,4.0,3.0,4.0,CHERMSIDE,4.0,0.0,Steady,2,True
2026-05,Parkview Aged Care,Moonta Health & Aged Care Services Inc,Not for Profit,SA,"Yorke, Lower North & Barossa",MM5,Small rural towns,Medium,4.0,4.0,5.0,5.0,3.0,MOONTA,,,New/First,1,True
2026-05,Parkvilla Aged Care Facility,Goulburn Valley Health,Government,VIC,Hume,MM3,Large rural towns,Small,4.0,4.0,5.0,5.0,2.0,TATURA,5.0,-1.0,Declined,1,True
2026-05,Pathways Cronulla Pines,Pathways Aged Care Pty Limited,Private for Profit,NSW,South East Sydney,MM1,Metropolitan,Large,3.0,3.0,4.0,3.0,2.0,CRONULLA,3.0,0.0,Steady,9,True
2026-05,Pathways Residences Longueville,Pathways Aged Care Pty Limited,Private for Profit,NSW,Northern Sydney,MM1,Metropolitan,Small,,,,,,NORTHWOOD,,,New/First,1,True
2026-05,Pathways Sailors Bay,Pathways Aged Care Pty Limited,Private for Profit,NSW,Northern Sydney,MM1,Metropolitan,Large,4.0,4.0,5.0,3.0,3.0,NORTHBRIDGE,4.0,0.0,Steady,4,True
2026-05,Patrick Bugden VC Gardens,RSL LifeCare Limited,Not for Profit,NSW,Far North Coast,MM4,Medium rural towns,Medium,4.0,4.0,5.0,4.0,3.0,SUFFOLK PARK,4.0,0.0,Steady,5,True
2026-05,Paynesville Gardens Care Community,DPG Services Pty Ltd,Private for Profit,VIC,Gippsland,MM5,Small rural towns,Medium,,4.0,5.0,,3.0,PAYNESVILLE,4.0,,New/First,1,True
2026-05,Peacehaven,Respect Group Limited,Not for Profit,TAS,Northern,MM2,Regional centres,Large,3.0,3.0,4.0,2.0,3.0,NORWOOD,3.0,0.0,Steady,6,True
2026-05,Peakhurst Nursing Home,The Trustees of the Sisters of Our Lady of China,Not for Profit,NSW,South East Sydney,MM1,Metropolitan,Medium,4.0,3.0,5.0,3.0,5.0,PEAKHURST,4.0,0.0,Steady,13,True
2026-05,Pearl Supported Care,Southern Cross Care (SA NT & VIC) Incorporated,Not for Profit,NT,Darwin,MM2,Regional centres,Medium,4.0,3.0,5.0,4.0,2.0,FANNIE BAY,4.0,0.0,Steady,7,True
2026-05,Pembroke Lodge,The Sisters of Our Lady of China Health Care Pty Ltd,Private for Profit,NSW,South West Sydney,MM1,Metropolitan,Large,4.0,4.0,5.0,3.0,4.0,MINTO,4.0,0.0,Steady,4,True
2026-05,Peninsula Aged Care Service,Beaumont Care (Holdings) Pty Ltd,Private for Profit,QLD,Cabool,MM1,Metropolitan,Medium,3.0,3.0,4.0,2.0,3.0,KIPPA-RING,3.0,0.0,Steady,6,True
2026-05,Peninsula Grange Aged Care,Australian Unity Care Services Pty Ltd,Private for Profit,VIC,Southern Metro,MM1,Metropolitan,Large,4.0,5.0,5.0,4.0,3.0,MORNINGTON,4.0,0.0,Steady,13,True
2026-05,Peninsula Palms Retirement Village,Peninsula Palms Aged and Community Services Limited,Not for Profit,QLD,Cabool,MM1,Metropolitan,Small,5.0,5.0,5.0,4.0,5.0,ROTHWELL,5.0,0.0,Steady,2,True
2026-05,Peninsula Villages Ltd,PENINSULA VILLAGE LIMITED,Not for Profit,NSW,Central Coast,MM1,Metropolitan,Large,4.0,4.0,5.0,3.0,3.0,UMINA BEACH,4.0,0.0,Steady,6,True
2026-05,Pennwood Village,Serbian Community Welfare Association of SA Inc,Not for Profit,SA,Metropolitan West,MM1,Metropolitan,Small,4.0,3.0,5.0,4.0,3.0,PENNINGTON,4.0,0.0,Steady,4,True
2026-05,Penshurst Nursing Home,Western District Health Service,Government,VIC,Barwon-South Western,MM5,Small rural towns,Small,5.0,4.0,5.0,5.0,5.0,PENSHURST,4.0,1.0,Improved,1,True
2026-05,Peter Badcoe VC House,RSL LifeCare Limited,Not for Profit,NSW,Hunter,MM1,Metropolitan,Small,4.0,4.0,5.0,4.0,3.0,NEWCASTLE,4.0,0.0,Steady,11,True
2026-05,Peter Cosgrove House,RSL LifeCare Limited,Not for Profit,NSW,Northern Sydney,MM1,Metropolitan,Large,4.0,4.0,5.0,4.0,2.0,NARRABEEN,4.0,0.0,Steady,3,True
2026-05,Peter Sinclair Gardens,RSL LifeCare Limited,Not for Profit,NSW,Mid North Coast,MM5,Small rural towns,Medium,4.0,4.0,5.0,5.0,1.0,HAWKS NEST,4.0,0.0,Steady,2,True
2026-05,Phillip Island Care Community,DPG Services Pty Ltd,Private for Profit,VIC,Gippsland,MM4,Medium rural towns,Medium,,3.0,4.0,,2.0,COWES,3.0,,New/First,1,True
2026-05,Phillip Island Grove Care Community,DPG Services Pty Ltd,Private for Profit,VIC,Gippsland,MM4,Medium rural towns,Medium,,,,,,COWES,,,New/First,1,True
2026-05,Pinaroo Roma Inc,Pinaroo Roma Inc,Not for Profit,QLD,South West,MM4,Medium rural towns,Medium,3.0,4.0,4.0,2.0,3.0,ROMA,4.0,-1.0,Declined,1,True
2026-05,Pine Lodge Home for the Aged,The Russian Benevolent Association for Homes for the Aged,Not for Profit,QLD,Brisbane South,MM1,Metropolitan,Small,4.0,4.0,5.0,5.0,3.0,ROCKLEA,4.0,0.0,Steady,3,True
2026-05,Pines Living,Pines Living Pty Ltd,Private for Profit,ACT,ACT,MM1,Metropolitan,Large,4.0,4.0,5.0,3.0,1.0,FARRER,4.0,0.0,Steady,9,True
2026-05,Pleasant Valley Aged Care Service,Barossa Hills Fleurieu Local Health Network Incorporated,Government,SA,"Yorke, Lower North & Barossa",MM5,Small rural towns,Small,,3.0,,5.0,4.0,MOUNT PLEASANT,,,New/First,1,True
2026-05,Point Cook Manor,Wickro Pty Ltd,Private for Profit,VIC,Western Metro,MM1,Metropolitan,Large,4.0,3.0,5.0,3.0,3.0,POINT COOK,4.0,0.0,Steady,4,True
2026-05,Polish Retirement Home,Australian-Polish Benevolent Association of Victoria Inc,Not for Profit,VIC,Eastern Metro,MM1,Metropolitan,Small,5.0,5.0,5.0,5.0,5.0,BAYSWATER,,,New/First,1,True
2026-05,Port Pirie Regional Health Service - Hammill House,Yorke and Northern Local Health Network Incorporated,Government,SA,Mid North,MM4,Medium rural towns,Small,4.0,3.0,5.0,5.0,3.0,PORT PIRIE,4.0,0.0,Steady,4,True
2026-05,Prague House,St Vincent's Hospital (Melbourne) Limited,Not for Profit,VIC,Eastern Metro,MM1,Metropolitan,Small,3.0,3.0,4.0,4.0,2.0,KEW,4.0,-1.0,Declined,1,True
2026-05,PresCare - Alexandra Gardens,APOLLO CARE OPERATIONS PTY LIMITED,Private for Profit,QLD,Fitzroy,MM2,Regional centres,Medium,4.0,4.0,5.0,4.0,4.0,ROCKHAMPTON DC,4.0,0.0,Steady,8,True
2026-05,PresCare - Groundwater Lodge,APOLLO CARE OPERATIONS PTY LIMITED,Private for Profit,QLD,Wide Bay,MM3,Large rural towns,Small,4.0,4.0,5.0,2.0,3.0,GRANVILLE,4.0,0.0,Steady,7,True
2026-05,Preston Hilltop Care Community,DPG Services Pty Ltd,Private for Profit,VIC,Northern Metro,MM1,Metropolitan,Medium,,3.0,4.0,,3.0,PRESTON,3.0,,New/First,1,True
2026-05,Princes Court Homes Hostel,PRINCES COURT LTD.,Not for Profit,VIC,Loddon-Mallee,MM3,Large rural towns,Medium,3.0,4.0,5.0,1.0,3.0,MILDURA,4.0,-1.0,Declined,1,True
2026-05,Prom Country Aged Care,Prom Country Aged Care Inc,Not for Profit,VIC,Gippsland,MM5,Small rural towns,Medium,3.0,3.0,5.0,2.0,3.0,FOSTER,4.0,-1.0,Declined,1,True
2026-05,Proserpine Nursing Home,Proserpine Nursing Home Inc,Not for Profit,QLD,Mackay,MM5,Small rural towns,Medium,4.0,3.0,5.0,5.0,3.0,PROSERPINE,4.0,0.0,Steady,13,True
2026-05,Prospect Residences,Clayton Church Homes Inc,Not for Profit,SA,Metropolitan East,MM1,Metropolitan,Small,4.0,3.0,5.0,3.0,5.0,PROSPECT,4.0,0.0,Steady,5,True
2026-05,Prunus Lodge,United Protestant Association of NSW Limited,Not for Profit,NSW,Central West,MM5,Small rural towns,Small,4.0,3.0,4.0,5.0,3.0,MOLONG,4.0,0.0,Steady,8,True
2026-05,Pyramid Residential Care Centre,Pyramid Residential Care Centre,Not for Profit,QLD,Far North,MM2,Regional centres,Medium,4.0,4.0,5.0,3.0,3.0,GORDONVALE,4.0,0.0,Steady,7,True
2026-05,Quakers Hillside Care Community,DPG Services Pty Ltd,Private for Profit,NSW,Western Sydney,MM1,Metropolitan,Large,,4.0,5.0,,3.0,QUAKERS HILL,4.0,,New/First,1,True
2026-05,Queen Elizabeth Centre (Steele Haughton Unit),Grampians Health,Government,VIC,Grampians,MM2,Regional centres,Small,4.0,4.0,5.0,5.0,3.0,BALLARAT,4.0,0.0,Steady,11,True
2026-05,Queen Elizabeth Village Hostel,Grampians Health,Government,VIC,Grampians,MM2,Regional centres,Small,4.0,4.0,5.0,5.0,1.0,WENDOUREE,4.0,0.0,Steady,13,True
2026-05,RFBI Armidale Masonic Village,Royal Freemasons' Benevolent Institution,Not for Profit,NSW,New England,MM3,Large rural towns,Small,4.0,4.0,5.0,2.0,2.0,ARMIDALE,4.0,0.0,Steady,7,True
2026-05,RFBI Basin View Masonic Village,Royal Freemasons' Benevolent Institution,Not for Profit,NSW,Illawarra,MM4,Medium rural towns,Small,4.0,4.0,5.0,1.0,4.0,BASIN VIEW,4.0,0.0,Steady,3,True
2026-05,RFBI Bathurst Masonic Village,Royal Freemasons' Benevolent Institution,Not for Profit,NSW,Central West,MM3,Large rural towns,Small,4.0,4.0,5.0,1.0,4.0,BATHURST,4.0,0.0,Steady,13,True
2026-05,RFBI Bellingen Masonic Village - JJ,Royal Freemasons' Benevolent Institution,Not for Profit,NSW,Mid North Coast,MM5,Small rural towns,Small,3.0,4.0,5.0,2.0,1.0,BELLINGEN,3.0,0.0,Steady,2,True
2026-05,RFBI Benhome Masonic Village,Royal Freemasons' Benevolent Institution,Not for Profit,NSW,Hunter,MM1,Metropolitan,Medium,5.0,4.0,5.0,5.0,4.0,MAITLAND,4.0,1.0,Improved,1,True
2026-05,RFBI Berry Masonic Village,Royal Freemasons' Benevolent Institution,Not for Profit,NSW,Illawarra,MM3,Large rural towns,Small,4.0,3.0,5.0,5.0,3.0,BERRY,4.0,0.0,Steady,13,True
2026-05,RFBI Cessnock Masonic Village,Royal Freemasons' Benevolent Institution,Not for Profit,NSW,Hunter,MM3,Large rural towns,Small,4.0,4.0,5.0,1.0,4.0,CESSNOCK,4.0,0.0,Steady,4,True
2026-05,RFBI Coffs Harbour Masonic Village,Royal Freemasons' Benevolent Institution,Not for Profit,NSW,Mid North Coast,MM3,Large rural towns,Small,4.0,4.0,5.0,4.0,2.0,COFFS HARBOUR,4.0,0.0,Steady,6,True
2026-05,RFBI Dubbo Masonic Village,Royal Freemasons' Benevolent Institution,Not for Profit,NSW,Orana Far West,MM3,Large rural towns,Medium,3.0,4.0,5.0,1.0,3.0,DUBBO,4.0,-1.0,Declined,1,True
2026-05,RFBI Glen Innes Masonic Village,Royal Freemasons' Benevolent Institution,Not for Profit,NSW,New England,MM4,Medium rural towns,Small,3.0,3.0,5.0,1.0,5.0,GLEN INNES,4.0,-1.0,Declined,1,True
2026-05,RFBI Goulburn Masonic Village,Royal Freemasons' Benevolent Institution,Not for Profit,NSW,Southern Highlands,MM3,Large rural towns,Small,4.0,4.0,5.0,3.0,3.0,GOULBURN,4.0,0.0,Steady,13,True
2026-05,RFBI Hawkins Masonic Village - Acacia House,Royal Freemasons' Benevolent Institution,Not for Profit,NSW,Hunter,MM1,Metropolitan,Medium,3.0,3.0,5.0,2.0,3.0,EDGEWORTH,4.0,-1.0,Declined,1,True
2026-05,RFBI Holt Masonic Village,Royal Freemasons' Benevolent Institution,Not for Profit,ACT,ACT,MM1,Metropolitan,Small,4.0,4.0,5.0,3.0,2.0,HOLT,4.0,0.0,Steady,11,True
2026-05,RFBI Kurri Kurri Masonic Village,Royal Freemasons' Benevolent Institution,Not for Profit,NSW,Hunter,MM1,Metropolitan,Medium,4.0,4.0,5.0,3.0,3.0,KURRI KURRI,4.0,0.0,Steady,8,True
2026-05,RFBI Lake Haven Masonic Village,Royal Freemasons' Benevolent Institution,Not for Profit,NSW,Central Coast,MM1,Metropolitan,Medium,4.0,5.0,5.0,3.0,3.0,LAKE HAVEN,4.0,0.0,Steady,9,True
2026-05,RFBI Lakemba Masonic Village,Royal Freemasons' Benevolent Institution,Not for Profit,NSW,Inner West,MM1,Metropolitan,Small,4.0,4.0,4.0,2.0,4.0,LAKEMBA,4.0,0.0,Steady,2,True
2026-05,RFBI Leeton Masonic Village,Royal Freemasons' Benevolent Institution,Not for Profit,NSW,Riverina/Murray,MM4,Medium rural towns,Small,4.0,4.0,5.0,2.0,3.0,LEETON,4.0,0.0,Steady,8,True
2026-05,RFBI Moonbi Masonic Village - Jim Holm,Royal Freemasons' Benevolent Institution,Not for Profit,NSW,New England,MM3,Large rural towns,Medium,3.0,4.0,5.0,1.0,3.0,KOOTINGAL,4.0,-1.0,Declined,1,True
2026-05,RFBI Raleigh Urunga Masonic Village,Royal Freemasons' Benevolent Institution,Not for Profit,NSW,Mid North Coast,MM3,Large rural towns,Small,3.0,4.0,5.0,1.0,3.0,RALEIGH,4.0,-1.0,Declined,1,True
2026-05,RFBI Tamworth Masonic Village,Royal Freemasons' Benevolent Institution,Not for Profit,NSW,New England,MM3,Large rural towns,Small,4.0,4.0,5.0,2.0,3.0,TAMWORTH,4.0,0.0,Steady,11,True
2026-05,RFBI West Wyalong Masonic Village,Royal Freemasons' Benevolent Institution,Not for Profit,NSW,Riverina/Murray,MM5,Small rural towns,Medium,4.0,5.0,5.0,1.0,2.0,WEST WYALONG,4.0,0.0,Steady,8,True
2026-05,RM Begg,Respect Group Limited,Not for Profit,VIC,Loddon-Mallee,MM5,Small rural towns,Medium,3.0,3.0,4.0,2.0,2.0,KYNETON,3.0,0.0,Steady,5,True
2026-05,RSL ANZAC Village,RSL LifeCare Limited,Not for Profit,NSW,Northern Sydney,MM1,Metropolitan,Large,4.0,3.0,4.0,5.0,2.0,NARRABEEN,3.0,1.0,Improved,1,True
2026-05,Racecourse Grange Residential Care,Australian Unity Care Services Pty Ltd,Private for Profit,VIC,Southern Metro,MM1,Metropolitan,Large,4.0,3.0,5.0,2.0,4.0,MORNINGTON,4.0,0.0,Steady,8,True
2026-05,Raelene Boyle Retirement Village,Ryman Aged Care (Australia) Pty Ltd,Private for Profit,VIC,Western Metro,MM1,Metropolitan,Medium,3.0,3.0,5.0,3.0,2.0,ABERFELDIE,4.0,-1.0,Declined,1,True
2026-05,Rainbow Aged Care Home,West Wimmera Health Service,Government,VIC,Grampians,MM6,Remote communities,Small,4.0,4.0,5.0,5.0,3.0,RAINBOW,4.0,0.0,Steady,4,True
2026-05,Randwick Montefiore Home,The Sir Moses Montefiore Jewish Home,Not for Profit,NSW,South East Sydney,MM1,Metropolitan,Large,4.0,4.0,5.0,5.0,1.0,RANDWICK,4.0,0.0,Steady,11,True
2026-05,Rangeview Private Nursing Home,Merakis Enterprises Pty Ltd,Private for Profit,VIC,Hume,MM3,Large rural towns,Small,3.0,3.0,4.0,2.0,3.0,WANGARATTA,3.0,0.0,Steady,3,True
2026-05,Rathdowne Place,Australian Unity Care Services Pty Ltd,Private for Profit,VIC,Western Metro,MM1,Metropolitan,Large,4.0,3.0,5.0,4.0,3.0,CARLTON,4.0,0.0,Steady,3,True
2026-05,Rathgar Lodge,United Protestant Association of NSW Limited,Not for Profit,NSW,Far North Coast,MM3,Large rural towns,Small,5.0,4.0,5.0,5.0,4.0,ULMARRA,4.0,1.0,Improved,1,True
2026-05,Raymond Terrace Gardens Care Community,DPG Services Pty Ltd,Private for Profit,NSW,Hunter,MM1,Metropolitan,Medium,,4.0,5.0,,3.0,RAYMOND TERRACE,4.0,,New/First,1,True
2026-05,Redcliffe Aged Care Service,Beaumont Care (Holdings) Pty Ltd,Private for Profit,QLD,Cabool,MM1,Metropolitan,Small,4.0,4.0,5.0,5.0,1.0,CLONTARF,4.0,0.0,Steady,6,True
2026-05,Redland Residential Care Facility,Metro South Hospital and Health Service,Government,QLD,Brisbane South,MM1,Metropolitan,Large,,4.0,,,,CLEVELAND,,,New/First,1,True
2026-05,Regents Garden - Bateman,Regents Garden Group Pty Ltd,Private for Profit,WA,Metropolitan South West,MM1,Metropolitan,Large,4.0,4.0,5.0,3.0,5.0,BATEMAN,4.0,0.0,Steady,11,True
2026-05,Regents Garden Aubin Grove,Regents Garden Group Pty Ltd,Private for Profit,WA,Metropolitan South West,MM1,Metropolitan,Large,4.0,4.0,5.0,3.0,3.0,AUBIN GROVE,4.0,0.0,Steady,13,True
2026-05,Regents Garden Four Seasons Booragoon,Regents Garden Group Pty Ltd,Private for Profit,WA,Metropolitan South West,MM1,Metropolitan,Medium,4.0,4.0,5.0,3.0,5.0,BOORAGOON,4.0,0.0,Steady,13,True
2026-05,Regents Garden Residential Aged Care Resort - Lake Joondalup,Regents Garden Lake Joondalup Pty Ltd,Private for Profit,WA,Metropolitan North,MM1,Metropolitan,Medium,4.0,3.0,5.0,5.0,4.0,WANNEROO,4.0,0.0,Steady,6,True
2026-05,Regents Garden Scarborough Condocare,Regents Garden Scarborough Pty Limited,Private for Profit,WA,Metropolitan North,MM1,Metropolitan,Large,4.0,4.0,5.0,3.0,5.0,SCARBOROUGH,4.0,0.0,Steady,12,True
2026-05,Regis Alawarra Lodge,Regis Aged Care Pty Ltd,Private for Profit,VIC,Eastern Metro,MM1,Metropolitan,Medium,4.0,3.0,5.0,3.0,4.0,BLACKBURN SOUTH,4.0,0.0,Steady,4,True
2026-05,Regis Armadale,Regis Aged Care Pty Ltd,Private for Profit,VIC,Southern Metro,MM1,Metropolitan,Medium,4.0,3.0,5.0,3.0,3.0,ARMADALE,4.0,0.0,Steady,4,True
2026-05,Regis Aspley,CPSM Pty Ltd,Private for Profit,QLD,Brisbane North,MM1,Metropolitan,Large,4.0,3.0,5.0,3.0,3.0,ASPLEY,4.0,0.0,Steady,2,True
2026-05,Regis Birkdale,Regis Group Pty Ltd,Private for Profit,QLD,Brisbane South,MM1,Metropolitan,Medium,4.0,4.0,5.0,3.0,2.0,BIRKDALE,4.0,0.0,Steady,9,True
2026-05,Regis Blackburn,Regis Aged Care Pty Ltd,Private for Profit,VIC,Eastern Metro,MM1,Metropolitan,Large,3.0,3.0,5.0,2.0,2.0,BLACKBURN,4.0,-1.0,Declined,1,True
2026-05,Regis Brighton,Regis Aged Care Pty Ltd,Private for Profit,VIC,Southern Metro,MM1,Metropolitan,Small,4.0,5.0,5.0,3.0,2.0,BRIGHTON,4.0,0.0,Steady,7,True
2026-05,Regis Bunbury,Regis Aged Care Pty Ltd,Private for Profit,WA,South West,MM2,Regional centres,Medium,3.0,3.0,4.0,3.0,2.0,CAREY PARK,3.0,0.0,Steady,11,True
2026-05,Regis Burnside,Regis Aged Care Pty Ltd,Private for Profit,SA,Metropolitan East,MM1,Metropolitan,Large,4.0,3.0,5.0,3.0,4.0,LINDEN PARK,4.0,0.0,Steady,5,True
2026-05,Regis Caboolture,Regis Group Pty Ltd,Private for Profit,QLD,Cabool,MM1,Metropolitan,Large,3.0,3.0,5.0,2.0,3.0,CABOOLTURE,4.0,-1.0,Declined,1,True
2026-05,Regis Camberwell,Regis Aged Care Pty Ltd,Private for Profit,VIC,Eastern Metro,MM1,Metropolitan,Large,3.0,4.0,4.0,2.0,2.0,CAMBERWELL,4.0,-1.0,Declined,1,True
2026-05,Regis Camp Hill,CPSM Pty Ltd,Private for Profit,QLD,Brisbane South,MM1,Metropolitan,Large,4.0,4.0,5.0,3.0,3.0,CAMP HILL,4.0,0.0,Steady,4,True
2026-05,Regis Capel Sound,Regis Aged Care Pty Ltd,Private for Profit,VIC,Southern Metro,MM1,Metropolitan,Large,3.0,3.0,4.0,3.0,3.0,Capel Sound,3.0,0.0,Steady,2,True
2026-05,Regis Carseldine,Rockpool RAC Pty Ltd,Private for Profit,QLD,Brisbane North,MM1,Metropolitan,Large,4.0,4.0,5.0,5.0,2.0,CARSELDINE,4.0,0.0,Steady,3,True
2026-05,Regis Chelmer,Regis Aged Care Pty Ltd,Private for Profit,QLD,Brisbane South,MM1,Metropolitan,Large,4.0,4.0,5.0,3.0,3.0,CHELMER,4.0,0.0,Steady,9,True
2026-05,Regis Como,Regis Aged Care Pty Ltd,Private for Profit,WA,Metropolitan South East,MM1,Metropolitan,Medium,4.0,4.0,5.0,3.0,3.0,COMO,4.0,0.0,Steady,2,True
2026-05,Regis Cranbourne,Regis Aged Care Pty Ltd,Private for Profit,VIC,Southern Metro,MM1,Metropolitan,Large,3.0,3.0,5.0,2.0,3.0,JUNCTION VILLAGE,4.0,-1.0,Declined,1,True
2026-05,Regis Dandenong North,Regis Aged Care Pty Ltd,Private for Profit,VIC,Southern Metro,MM1,Metropolitan,Large,3.0,3.0,5.0,1.0,3.0,DANDENONG NORTH,4.0,-1.0,Declined,1,True
2026-05,Regis East Malvern,Regis Aged Care Pty Ltd,Private for Profit,VIC,Southern Metro,MM1,Metropolitan,Large,3.0,2.0,5.0,2.0,2.0,MALVERN EAST,3.0,0.0,Steady,2,True
2026-05,Regis Elermore Vale,Regis Aged Care Pty Ltd,Private for Profit,NSW,Hunter,MM1,Metropolitan,Large,4.0,4.0,5.0,2.0,3.0,ELERMORE VALE,4.0,0.0,Steady,4,True
2026-05,Regis Embleton,Regis Aged Care Pty Ltd,Private for Profit,WA,Metropolitan East,MM1,Metropolitan,Medium,3.0,3.0,5.0,2.0,3.0,EMBLETON,4.0,-1.0,Declined,1,True
2026-05,Regis Fawkner,Regis Aged Care Pty Ltd,Private for Profit,VIC,Northern Metro,MM1,Metropolitan,Medium,3.0,3.0,5.0,2.0,2.0,FAWKNER,3.0,0.0,Steady,2,True
2026-05,Regis Ferny Grove,Regis Group Pty Ltd,Private for Profit,QLD,Brisbane North,MM1,Metropolitan,Large,3.0,4.0,5.0,2.0,1.0,FERNY GROVE,4.0,-1.0,Declined,1,True
2026-05,Regis Frankston,Regis Aged Care Pty Ltd,Private for Profit,VIC,Southern Metro,MM1,Metropolitan,Medium,3.0,3.0,5.0,2.0,2.0,FRANKSTON,4.0,-1.0,Declined,1,True
2026-05,Regis Gatton,Regis Group Pty Ltd,Private for Profit,QLD,Darling Downs,MM4,Medium rural towns,Small,4.0,4.0,5.0,3.0,4.0,GATTON,4.0,0.0,Steady,13,True
2026-05,Regis Greenbank,Retirement Care Australia (Logan) Pty Limited,Private for Profit,QLD,Logan River Valley,MM1,Metropolitan,Large,4.0,4.0,5.0,3.0,2.0,BORONIA HEIGHTS,4.0,0.0,Steady,4,True
2026-05,Regis Greenmount,Regis Aged Care Pty Ltd,Private for Profit,WA,Metropolitan East,MM1,Metropolitan,Large,3.0,3.0,5.0,3.0,2.0,GREENMOUNT,4.0,-1.0,Declined,1,True
2026-05,Regis Holland Park,CPSM Pty Ltd,Private for Profit,QLD,Brisbane South,MM1,Metropolitan,Medium,4.0,4.0,5.0,3.0,3.0,HOLLAND PARK WEST,4.0,0.0,Steady,3,True
2026-05,Regis Hornsby,Regis Aged Care Pty Ltd,Private for Profit,NSW,Northern Sydney,MM1,Metropolitan,Medium,3.0,3.0,5.0,1.0,3.0,HORNSBY,4.0,-1.0,Declined,1,True
2026-05,Regis Hurstville,Regis Aged Care Pty Ltd,Private for Profit,NSW,South East Sydney,MM1,Metropolitan,Medium,4.0,4.0,5.0,3.0,4.0,HURSTVILLE,4.0,0.0,Steady,13,True
2026-05,Regis Inala Lodge,Regis Aged Care Pty Ltd,Private for Profit,VIC,Eastern Metro,MM1,Metropolitan,Small,3.0,3.0,5.0,2.0,3.0,BLACKBURN SOUTH,4.0,-1.0,Declined,1,True
2026-05,Regis Kingswood,Regis Aged Care Pty Ltd,Private for Profit,SA,Metropolitan South,MM1,Metropolitan,Medium,4.0,3.0,5.0,3.0,3.0,KINGSWOOD,4.0,0.0,Steady,11,True
2026-05,Regis Kirwan,Regis Aged Care Pty Ltd,Private for Profit,QLD,Northern,MM2,Regional centres,Large,4.0,4.0,5.0,2.0,3.0,KIRWAN,4.0,0.0,Steady,2,True
2026-05,Regis Kuluin,Regis Group Pty Ltd,Private for Profit,QLD,Sunshine Coast,MM1,Metropolitan,Large,4.0,4.0,5.0,3.0,3.0,KULUIN,4.0,0.0,Steady,4,True
2026-05,Regis Lodges on George,CPSM Pty Ltd,Private for Profit,QLD,Cabool,MM1,Metropolitan,Large,4.0,3.0,5.0,3.0,3.0,KIPPA-RING,4.0,0.0,Steady,2,True
2026-05,Regis Lutwyche,Regis Aged Care Pty Ltd,Private for Profit,QLD,Brisbane North,MM1,Metropolitan,Large,4.0,3.0,5.0,3.0,3.0,LUTWYCHE,4.0,0.0,Steady,9,True
2026-05,Regis Magnolia,CPSM Pty Ltd,Private for Profit,QLD,South Coast,MM1,Metropolitan,Large,4.0,4.0,5.0,3.0,3.0,UPPER COOMERA,4.0,0.0,Steady,4,True
2026-05,Regis Marleston,Regis Aged Care Pty Ltd,Private for Profit,SA,Metropolitan West,MM1,Metropolitan,Large,3.0,3.0,5.0,3.0,2.0,MARLESTON,3.0,0.0,Steady,2,True
2026-05,Regis Maroochydore,Regis Group Pty Ltd,Private for Profit,QLD,Sunshine Coast,MM1,Metropolitan,Medium,4.0,4.0,5.0,3.0,3.0,MAROOCHYDORE,4.0,0.0,Steady,5,True
2026-05,Regis Morayfield,Rockpool RAC (Morayfield) Pty Ltd,Private for Profit,QLD,Cabool,MM1,Metropolitan,Large,4.0,4.0,5.0,4.0,3.0,MORAYFIELD,,,New/First,1,True
2026-05,Regis Mornington,Regis Aged Care Pty Ltd,Private for Profit,VIC,Southern Metro,MM1,Metropolitan,Medium,3.0,3.0,4.0,3.0,3.0,MORNINGTON,3.0,0.0,Steady,2,True
2026-05,Regis Nedlands,Regis Aged Care Pty Ltd,Private for Profit,WA,Metropolitan North,MM1,Metropolitan,Large,4.0,3.0,5.0,3.0,3.0,NEDLANDS,4.0,0.0,Steady,2,True
2026-05,Regis North Fremantle,Regis Aged Care Pty Ltd,Private for Profit,WA,Metropolitan South West,MM1,Metropolitan,Large,3.0,3.0,5.0,3.0,2.0,NORTH FREMANTLE,4.0,-1.0,Declined,1,True
2026-05,Regis Ontario,Regis Aged Care Pty Ltd,Private for Profit,VIC,Loddon-Mallee,MM3,Large rural towns,Medium,4.0,4.0,5.0,2.0,3.0,MILDURA,4.0,0.0,Steady,2,True
2026-05,Regis Pelican Waters,Rockpool RAC Pty Ltd,Private for Profit,QLD,Sunshine Coast,MM1,Metropolitan,Large,4.0,4.0,4.0,4.0,3.0,PELICAN WATERS,4.0,0.0,Steady,3,True
2026-05,Regis Playford,Regis Aged Care Pty Ltd,Private for Profit,SA,Metropolitan North,MM1,Metropolitan,Large,3.0,3.0,5.0,2.0,3.0,DAVOREN PARK,4.0,-1.0,Declined,1,True
2026-05,Regis Port Coogee,Regis Aged Care Pty Ltd,Private for Profit,WA,Metropolitan South West,MM1,Metropolitan,Large,4.0,3.0,5.0,3.0,3.0,NORTH COOGEE,3.0,1.0,Improved,1,True
2026-05,Regis Port Macquarie,Regis Aged Care Pty Ltd,Private for Profit,NSW,Mid North Coast,MM3,Large rural towns,Medium,4.0,4.0,5.0,1.0,4.0,PORT MACQUARIE,4.0,0.0,Steady,6,True
2026-05,Regis Port Stephens,Regis Aged Care Pty Ltd,Private for Profit,NSW,Hunter,MM4,Medium rural towns,Large,3.0,4.0,5.0,1.0,3.0,CORLETTE,4.0,-1.0,Declined,1,True
2026-05,Regis Redlynch,Regis Aged Care Pty Ltd,Private for Profit,QLD,Far North,MM2,Regional centres,Large,4.0,4.0,5.0,3.0,3.0,REDLYNCH,4.0,0.0,Steady,4,True
2026-05,Regis Ringwood,Regis Aged Care Pty Ltd,Private for Profit,VIC,Eastern Metro,MM1,Metropolitan,Small,3.0,3.0,4.0,2.0,5.0,RINGWOOD,4.0,-1.0,Declined,1,True
2026-05,Regis Rose Bay,Regis Aged Care Pty Ltd,Private for Profit,NSW,South East Sydney,MM1,Metropolitan,Small,5.0,5.0,5.0,3.0,5.0,ROSE BAY,5.0,0.0,Steady,4,True
2026-05,Regis Rosebud,Regis Aged Care Pty Ltd,Private for Profit,VIC,Southern Metro,MM1,Metropolitan,Medium,4.0,3.0,5.0,3.0,3.0,CAPEL SOUND,3.0,1.0,Improved,1,True
2026-05,Regis Salisbury,Regis Group Pty Ltd,Private for Profit,QLD,Brisbane South,MM1,Metropolitan,Large,3.0,3.0,5.0,2.0,3.0,SALISBURY,4.0,-1.0,Declined,1,True
2026-05,Regis Sandgate - Griffith,Regis Aged Care Pty Ltd,Private for Profit,QLD,Brisbane North,MM1,Metropolitan,Small,4.0,4.0,5.0,4.0,3.0,SANDGATE,4.0,0.0,Steady,9,True
2026-05,Regis Sandgate - Lucinda,Regis Aged Care Pty Ltd,Private for Profit,QLD,Brisbane North,MM1,Metropolitan,Large,4.0,3.0,5.0,4.0,3.0,SANDGATE,4.0,0.0,Steady,12,True
2026-05,Regis Sandgate - Musgrave,Regis Aged Care Pty Ltd,Private for Profit,QLD,Brisbane North,MM1,Metropolitan,Large,4.0,4.0,5.0,3.0,4.0,SANDGATE,4.0,0.0,Steady,4,True
2026-05,Regis Sandringham,Regis Aged Care Pty Ltd,Private for Profit,VIC,Southern Metro,MM1,Metropolitan,Small,3.0,3.0,5.0,3.0,2.0,SANDRINGHAM,4.0,-1.0,Declined,1,True
2026-05,Regis Shenley Manor,Regis Aged Care Pty Ltd,Private for Profit,VIC,Eastern Metro,MM1,Metropolitan,Small,4.0,3.0,5.0,4.0,5.0,CAMBERWELL,4.0,0.0,Steady,7,True
2026-05,Regis Sippy Downs,Regis Group Pty Ltd,Private for Profit,QLD,Sunshine Coast,MM1,Metropolitan,Medium,4.0,4.0,5.0,3.0,3.0,SIPPY DOWNS,4.0,0.0,Steady,4,True
2026-05,Regis Songbird Oxley,Rockpool RAC Pty Ltd,Private for Profit,QLD,Brisbane South,MM1,Metropolitan,Large,4.0,4.0,4.0,5.0,3.0,OXLEY,,,New/First,1,True
2026-05,Regis Sunraysia,Regis Aged Care Pty Ltd,Private for Profit,VIC,Loddon-Mallee,MM3,Large rural towns,Small,4.0,4.0,5.0,3.0,4.0,MILDURA,4.0,0.0,Steady,6,True
2026-05,Regis Tasmania - Eastern Shore,Regis Aged Care Pty Ltd,Private for Profit,TAS,Southern,MM2,Regional centres,Medium,4.0,4.0,5.0,3.0,2.0,WARRANE,4.0,0.0,Steady,3,True
2026-05,Regis Tasmania - Legana,Regis Aged Care Pty Ltd,Private for Profit,TAS,Northern,MM2,Regional centres,Large,4.0,4.0,5.0,2.0,3.0,LEGANA,4.0,0.0,Steady,6,True
2026-05,Regis Tasmania - Norwood,Regis Aged Care Pty Ltd,Private for Profit,TAS,Northern,MM2,Regional centres,Medium,4.0,4.0,5.0,3.0,3.0,NORWOOD,4.0,0.0,Steady,5,True
2026-05,Regis The Gap,Regis Group Pty Ltd,Private for Profit,QLD,Brisbane North,MM1,Metropolitan,Large,4.0,4.0,5.0,2.0,2.0,THE GAP,4.0,0.0,Steady,5,True
2026-05,Regis Tiwi,Regis Aged Care Pty Ltd,Private for Profit,NT,Darwin,MM2,Regional centres,Large,4.0,3.0,5.0,3.0,3.0,TIWI,4.0,0.0,Steady,4,True
2026-05,Regis Whitfield,Regis Aged Care Pty Ltd,Private for Profit,QLD,Far North,MM2,Regional centres,Large,4.0,4.0,5.0,2.0,3.0,WHITFIELD,4.0,0.0,Steady,9,True
2026-05,Regis Woodlands,Regis Aged Care Pty Ltd,Private for Profit,WA,Metropolitan North,MM1,Metropolitan,Large,4.0,3.0,5.0,2.0,4.0,WOODLANDS,4.0,0.0,Steady,2,True
2026-05,Regis Wynnum,Regis Group Pty Ltd,Private for Profit,QLD,Brisbane South,MM1,Metropolitan,Medium,3.0,3.0,5.0,3.0,2.0,WYNNUM WEST,4.0,-1.0,Declined,1,True
2026-05,Regis Yeronga,Regis Group Pty Ltd,Private for Profit,QLD,Brisbane South,MM1,Metropolitan,Medium,4.0,4.0,5.0,3.0,3.0,YERONGA,4.0,0.0,Steady,2,True
2026-05,Rembrandt Court,Rembrandt Living Incorporated,Not for Profit,SA,Metropolitan South,MM1,Metropolitan,Medium,4.0,3.0,5.0,4.0,3.0,OAKLANDS PARK,4.0,0.0,Steady,13,True
2026-05,Remembrance Village,RSL LifeCare Limited,Not for Profit,NSW,Riverina/Murray,MM3,Large rural towns,Medium,4.0,3.0,5.0,5.0,2.0,MOUNT AUSTIN,3.0,1.0,Improved,1,True
2026-05,Renmark Nursing Home,Riverland Mallee Coorong Local Health Network Incorporated,Government,SA,Riverland,MM5,Small rural towns,Medium,3.0,3.0,5.0,3.0,2.0,RENMARK,4.0,-1.0,Declined,1,True
2026-05,Residency by Dillons Fremantle,Jacqueline Elizabeth Dillon Business Pty Ltd,Private for Profit,WA,Metropolitan South West,MM1,Metropolitan,Small,4.0,4.0,5.0,4.0,5.0,FREMANTLE,4.0,0.0,Steady,10,True
2026-05,Residency by Dillons Mt Lawley,Atlanta Investments Pty Ltd & Kamina Investments Pty Ltd,Private for Profit,WA,Metropolitan East,MM1,Metropolitan,Small,4.0,3.0,5.0,4.0,3.0,MOUNT LAWLEY,4.0,0.0,Steady,4,True
2026-05,Residency by Dillons Narrogin,Jacqueline Elizabeth Dillon Business Pty Ltd,Private for Profit,WA,Great Southern,MM5,Small rural towns,Small,4.0,3.0,5.0,3.0,5.0,NARROGIN,4.0,0.0,Steady,8,True
2026-05,Residency by Dillons Tin Can Bay,Jacqueline Elizabeth Dillon Business Pty Ltd,Private for Profit,QLD,Sunshine Coast,MM5,Small rural towns,Medium,5.0,4.0,5.0,5.0,4.0,TIN CAN BAY,4.0,1.0,Improved,1,True
2026-05,Residential Gardens,Residential Gardens For Spanish Speaking Frail Aged Limited,Not for Profit,NSW,Western Sydney,MM1,Metropolitan,Medium,3.0,4.0,4.0,2.0,2.0,ROOTY HILL,3.0,0.0,Steady,2,True
2026-05,Respect Autumn Lodge,Respect Group Limited,Not for Profit,NSW,Mid North Coast,MM4,Medium rural towns,Medium,,3.0,,,,MACKSVILLE,,,New/First,1,True
2026-05,Respect Cedar Place,Respect Group Limited,Not for Profit,NSW,Mid North Coast,MM4,Medium rural towns,Small,,,,,,KEMPSEY,,,New/First,1,True
2026-05,Respect Emerald Avalon,Respect Group Limited,Not for Profit,QLD,Fitzroy,MM4,Medium rural towns,Small,,4.0,,2.0,3.0,EMERALD,,,New/First,1,True
2026-05,Respect Gracemere Gardens,Respect Group Limited,Not for Profit,QLD,Fitzroy,MM2,Regional centres,Small,,4.0,,2.0,2.0,GRACEMERE,,,New/First,1,True
2026-05,Respect Ingham Lodge,Respect Group Limited,Not for Profit,QLD,Northern,MM5,Small rural towns,Small,,,,2.0,2.0,INGHAM,,,New/First,1,True
2026-05,Respect Maleny Erowal,Respect Group Limited,Not for Profit,QLD,Sunshine Coast,MM5,Small rural towns,Medium,,4.0,,3.0,3.0,MALENY,,,New/First,1,True
2026-05,Respect Mareeba Gardens,Respect Group Limited,Not for Profit,QLD,Far North,MM4,Medium rural towns,Small,,,,2.0,2.0,MAREEBA,,,New/First,1,True
2026-05,Respect Masters Lodge,Respect Group Limited,Not for Profit,QLD,Wide Bay,MM2,Regional centres,Small,,4.0,,4.0,2.0,URRAWEEN,,,New/First,1,True
2026-05,Respect Riverside Gardens,Respect Group Limited,Not for Profit,NSW,Mid North Coast,MM4,Medium rural towns,Medium,,3.0,,,,NAMBUCCA HEADS,,,New/First,1,True
2026-05,Respect Toogoolawah Alkira,Respect Group Limited,Not for Profit,QLD,West Moreton,MM5,Small rural towns,Small,,4.0,,5.0,2.0,TOOGOOLAWAH,,,New/First,1,True
2026-05,Resthaven Aberfoyle Park,Resthaven Inc,Not for Profit,SA,Metropolitan South,MM1,Metropolitan,Medium,4.0,4.0,5.0,3.0,4.0,ABERFOYLE PARK,4.0,0.0,Steady,12,True
2026-05,Resthaven Bellevue Heights,Resthaven Inc,Not for Profit,SA,Metropolitan South,MM1,Metropolitan,Medium,4.0,3.0,5.0,3.0,3.0,BELLEVUE HEIGHTS,4.0,0.0,Steady,13,True
2026-05,Resthaven Craigmore,Resthaven Inc,Not for Profit,SA,Metropolitan North,MM1,Metropolitan,Medium,3.0,3.0,5.0,3.0,2.0,CRAIGMORE,4.0,-1.0,Declined,1,True
2026-05,Resthaven Leabrook,Resthaven Inc,Not for Profit,SA,Metropolitan East,MM1,Metropolitan,Medium,4.0,3.0,5.0,3.0,3.0,LEABROOK,4.0,0.0,Steady,8,True
2026-05,Resthaven Malvern,Resthaven Inc,Not for Profit,SA,Metropolitan East,MM1,Metropolitan,Medium,4.0,3.0,5.0,3.0,3.0,MALVERN,4.0,0.0,Steady,3,True
2026-05,Resthaven Marion,Resthaven Inc,Not for Profit,SA,Metropolitan South,MM1,Metropolitan,Large,4.0,3.0,5.0,3.0,3.0,MARION,4.0,0.0,Steady,11,True
2026-05,Resthaven Mitcham,Resthaven Inc,Not for Profit,SA,Metropolitan South,MM1,Metropolitan,Large,4.0,3.0,5.0,3.0,3.0,KINGSWOOD,4.0,0.0,Steady,8,True
2026-05,Resthaven Mount Gambier,Resthaven Inc,Not for Profit,SA,South East,MM3,Large rural towns,Medium,4.0,3.0,5.0,3.0,3.0,MOUNT GAMBIER,4.0,0.0,Steady,6,True
2026-05,Resthaven Murray Bridge,Resthaven Inc,Not for Profit,SA,"Hills, Mallee & Southern",MM3,Large rural towns,Medium,4.0,3.0,5.0,3.0,3.0,MURRAY BRIDGE,4.0,0.0,Steady,8,True
2026-05,Resthaven On Quarry,APOLLO CARE OPERATIONS PTY LIMITED,Private for Profit,QLD,Mackay,MM2,Regional centres,Medium,,,4.0,4.0,2.0,NORTH MACKAY,,,New/First,1,True
2026-05,Resthaven Paradise,Resthaven Inc,Not for Profit,SA,Metropolitan East,MM1,Metropolitan,Large,3.0,3.0,4.0,3.0,3.0,PARADISE,4.0,-1.0,Declined,1,True
2026-05,Resthaven Port Elliot,Resthaven Inc,Not for Profit,SA,"Hills, Mallee & Southern",MM3,Large rural towns,Medium,4.0,4.0,5.0,3.0,4.0,PORT ELLIOT,4.0,0.0,Steady,3,True
2026-05,Resthaven Westbourne Park,Resthaven Inc,Not for Profit,SA,Metropolitan South,MM1,Metropolitan,Large,4.0,3.0,5.0,3.0,3.0,WESTBOURNE PARK,4.0,0.0,Steady,9,True
2026-05,Restvale Hostel,Lobethal and District Aged Homes Inc,Not for Profit,SA,"Hills, Mallee & Southern",MM5,Small rural towns,Small,5.0,4.0,5.0,5.0,5.0,LOBETHAL,5.0,0.0,Steady,2,True
2026-05,Reynella Hillside Care Community,DPG Services Pty Ltd,Private for Profit,SA,Metropolitan South,MM1,Metropolitan,Medium,,3.0,4.0,,1.0,REYNELLA,3.0,,New/First,1,True
2026-05,Richardson House,Barraba and District Retirement Homes Association Incorporated,Not for Profit,NSW,New England,MM5,Small rural towns,Small,5.0,4.0,5.0,5.0,4.0,BARRABA,5.0,0.0,Steady,6,True
2026-05,Richmond Lodge,United Protestant Association of NSW Limited,Not for Profit,NSW,Far North Coast,MM4,Medium rural towns,Small,4.0,4.0,5.0,4.0,3.0,CASINO,4.0,0.0,Steady,3,True
2026-05,Ridgehaven Retirement Complex,AGED CARE MONTO INC.,Not for Profit,QLD,Wide Bay,MM5,Small rural towns,Small,5.0,5.0,5.0,5.0,3.0,MONTO,5.0,0.0,Steady,3,True
2026-05,Ridleyton Greek Home for the Aged,GREEK ORTHODOX COMMUNITY OF SOUTH AUSTRALIA INCORPORATED,Not for Profit,SA,Metropolitan West,MM1,Metropolitan,Large,4.0,3.0,5.0,5.0,1.0,BROMPTON,3.0,1.0,Improved,1,True
2026-05,Ritcher Lodge,ALINEA INC.,Not for Profit,WA,Metropolitan East,MM1,Metropolitan,Small,4.0,3.0,5.0,4.0,3.0,BAYSWATER,4.0,0.0,Steady,10,True
2026-05,Riversea Mosman Park,Curtin Heritage Living Inc.,Not for Profit,WA,Metropolitan North,MM1,Metropolitan,Small,4.0,4.0,5.0,3.0,3.0,MOSMAN PARK,4.0,0.0,Steady,8,True
2026-05,Riverside Hostel,Robinvale District Health Services,Government,VIC,Loddon-Mallee,MM5,Small rural towns,Small,4.0,4.0,5.0,5.0,1.0,ROBINVALE,5.0,-1.0,Declined,1,True
2026-05,Riverview Aged Care,East Wimmera Health Service,Government,VIC,Loddon-Mallee,MM5,Small rural towns,Small,5.0,4.0,5.0,5.0,4.0,DONALD,5.0,0.0,Steady,7,True
2026-05,Riverview Gardens Aged Care Plus Centre,The Salvation Army (NSW) Property Trust,Not for Profit,QLD,West Moreton,MM1,Metropolitan,Large,,,,,,RIVERVIEW,,,New/First,1,True
2026-05,Riverview Lutheran Rest Home,Riverview Lutheran Rest Home Inc,Not for Profit,SA,Riverland,MM5,Small rural towns,Small,4.0,3.0,5.0,3.0,3.0,LOXTON,4.0,0.0,Steady,7,True
2026-05,Rivulet,Southern Cross Care (Tas) Inc,Not for Profit,TAS,Southern,MM2,Regional centres,Medium,4.0,4.0,5.0,5.0,3.0,SOUTH HOBART,4.0,0.0,Steady,2,True
2026-05,Rochester and Elmore District Health Service - Yalukang Aged Care,Rochester & Elmore District Health Service,Government,VIC,Loddon-Mallee,MM5,Small rural towns,Small,5.0,5.0,5.0,5.0,3.0,ROCHESTER,5.0,0.0,Steady,3,True
2026-05,Rockingham Nursing Home,Fresh Fields Management (NSW) Pty Ltd,Private for Profit,WA,Metropolitan South West,MM1,Metropolitan,Small,4.0,4.0,5.0,2.0,2.0,ROCKINGHAM,4.0,0.0,Steady,7,True
2026-05,Rocky Point Residence,The Sisters of Our Lady of China Health Care Pty Ltd,Private for Profit,NSW,South East Sydney,MM1,Metropolitan,Medium,4.0,4.0,5.0,3.0,5.0,BEVERLEY PARK,4.0,0.0,Steady,12,True
2026-05,Rocky Ridge,Australian Regional and Remote Community Services Limited,Not for Profit,NT,Katherine,MM6,Remote communities,Small,4.0,4.0,5.0,5.0,3.0,KATHERINE,4.0,0.0,Steady,3,True
2026-05,Romani,RSL Care South Australia Incorporated,Not for Profit,SA,"Hills, Mallee & Southern",MM3,Large rural towns,Medium,4.0,3.0,5.0,3.0,5.0,MURRAY BRIDGE,4.0,0.0,Steady,2,True
2026-05,Romsey Community Aged Care,Luson Aged Care Pty Ltd,Not for Profit,VIC,Loddon-Mallee,MM5,Small rural towns,Large,3.0,3.0,4.0,3.0,3.0,ROMSEY,,,New/First,1,True
2026-05,Ron Middleton VC Gardens,RSL LifeCare Limited,Not for Profit,NSW,Nepean,MM1,Metropolitan,Medium,4.0,4.0,4.0,3.0,3.0,NORTH RICHMOND,4.0,0.0,Steady,3,True
2026-05,Rosalie Nursing Care Centre,Alzheimer's Association of Queensland Inc,Not for Profit,QLD,Brisbane North,MM1,Metropolitan,Small,,5.0,5.0,,4.0,PADDINGTON,4.0,,New/First,1,True
2026-05,Rosary Gardens,Southern Cross Care (Tas) Inc,Not for Profit,TAS,Southern,MM2,Regional centres,Small,4.0,3.0,5.0,5.0,3.0,NEW TOWN,4.0,0.0,Steady,2,True
2026-05,Rosary Home,RHDOM Pty Ltd,Private for Profit,VIC,Western Metro,MM1,Metropolitan,Small,,4.0,4.0,,3.0,KEILOR DOWNS,,,New/First,1,True
2026-05,Rose Court Aged Care Facility,Hahndorf Holdings Pty Ltd,Private for Profit,SA,Metropolitan East,MM1,Metropolitan,Small,4.0,3.0,5.0,4.0,2.0,GILLES PLAINS,4.0,0.0,Steady,13,True
2026-05,Rose Lodge,Wonthaggi & District Elderly Citizens Homes Inc,Not for Profit,VIC,Gippsland,MM4,Medium rural towns,Medium,3.0,3.0,5.0,2.0,1.0,WONTHAGGI,4.0,-1.0,Declined,1,True
2026-05,Rose Mumbler Village,Illaroo Co-operative Aboriginal Corporation,Not for Profit,NSW,Illawarra,MM3,Large rural towns,Small,4.0,3.0,5.0,5.0,3.0,NORTH NOWRA,4.0,0.0,Steady,2,True
2026-05,Rosebank Hostel,Yea and District Memorial Hospital,Government,VIC,Hume,MM5,Small rural towns,Small,4.0,4.0,5.0,4.0,5.0,YEA,5.0,-1.0,Declined,1,True
2026-05,Rosebank Nursing Home,Yea and District Memorial Hospital,Government,VIC,Hume,MM5,Small rural towns,Small,4.0,4.0,5.0,4.0,5.0,YEA,4.0,0.0,Steady,2,True
2026-05,Rosehill Aged Care Facility,Menarock Aged Care Services (Victoria) Pty Ltd,Private for Profit,VIC,Southern Metro,MM1,Metropolitan,Small,4.0,4.0,5.0,2.0,3.0,HIGHETT,4.0,0.0,Steady,13,True
2026-05,Roseneath Aged Care Centre Pty Ltd,Roseneath Aged Care Centre Pty Ltd,Private for Profit,NSW,New England,MM4,Medium rural towns,Medium,4.0,4.0,5.0,2.0,4.0,GLEN INNES,4.0,0.0,Steady,13,True
2026-05,Rosewood Care Leederville,Rosewood Care Group (Inc),Not for Profit,WA,Metropolitan East,MM1,Metropolitan,Large,3.0,3.0,5.0,2.0,2.0,LEEDERVILLE,3.0,0.0,Steady,2,True
2026-05,Rosewood Care West Perth,Rosewood Care Group (Inc),Not for Profit,WA,Metropolitan East,MM1,Metropolitan,Large,3.0,3.0,5.0,3.0,2.0,WEST PERTH,4.0,-1.0,Declined,1,True
2026-05,Roshana Brentwood Aged Care,Burswood Care Pty Ltd,Private for Profit,NSW,Central Coast,MM1,Metropolitan,Small,,,,,,KINCUMBER,,,New/First,1,True
2026-05,Rowville Manor,Wickro Pty Ltd,Private for Profit,VIC,Eastern Metro,MM1,Metropolitan,Large,4.0,4.0,5.0,2.0,3.0,ROWVILLE,4.0,0.0,Steady,3,True
2026-05,Royal Freemasons Footscray,Royal Freemasons Ltd,Not for Profit,VIC,Western Metro,MM1,Metropolitan,Small,4.0,4.0,5.0,3.0,3.0,FOOTSCRAY,4.0,0.0,Steady,13,True
2026-05,Royal Freemasons Springtime,Royal Freemasons Ltd,Not for Profit,VIC,Western Metro,MM1,Metropolitan,Small,4.0,4.0,5.0,5.0,2.0,SYDENHAM,4.0,0.0,Steady,12,True
2026-05,Rubicon Grove,OneCare Limited,Not for Profit,TAS,North Western,MM5,Small rural towns,Medium,4.0,4.0,5.0,2.0,4.0,PORT SORELL,4.0,0.0,Steady,11,True
2026-05,Ruby Manor,The Sisters of Our Lady of China Health Care (2) Pty Ltd,Not for Profit,NSW,South West Sydney,MM1,Metropolitan,Medium,4.0,4.0,4.0,3.0,4.0,CARRAMAR,4.0,0.0,Steady,6,True
2026-05,Rupanyup District Nursing Home,West Wimmera Health Service,Government,VIC,Grampians,MM5,Small rural towns,Small,4.0,4.0,5.0,5.0,3.0,RUPANYUP,4.0,0.0,Steady,13,True
2026-05,Russian Relief Association of St Sergius of Radonezh,Russian Relief Association of St Sergius of Radonezh,Not for Profit,NSW,South West Sydney,MM1,Metropolitan,Large,4.0,4.0,5.0,4.0,4.0,CABRAMATTA,4.0,0.0,Steady,13,True
2026-05,Rutherford Park Care Community,DPG Services Pty Ltd,Private for Profit,NSW,Hunter,MM1,Metropolitan,Large,,4.0,5.0,,2.0,RUTHERFORD,4.0,,New/First,1,True
2026-05,S Antonio Da Padova Nursing Home,S'Antonio Da Padova Protettore Di Poggioreale Sydney Nursing Home Limited,Not for Profit,NSW,Northern Sydney,MM1,Metropolitan,Large,4.0,4.0,5.0,4.0,1.0,RYDE,4.0,0.0,Steady,9,True
2026-05,ST CATHERINE'S WANGARATTA INC.,ST CATHERINE'S WANGARATTA INC.,Not for Profit,VIC,Hume,MM3,Large rural towns,Medium,4.0,5.0,5.0,3.0,3.0,WANGARATTA,,,New/First,1,True
2026-05,SWIAA Gardens,SWIAA Limited,Not for Profit,NSW,South West Sydney,MM1,Metropolitan,Large,3.0,3.0,4.0,3.0,2.0,BOSSLEY PARK,3.0,0.0,Steady,2,True
2026-05,Sacred Heart Community,Sacred Heart Mission Inc,Not for Profit,VIC,Southern Metro,MM1,Metropolitan,Medium,4.0,3.0,5.0,5.0,4.0,ST KILDA,4.0,0.0,Steady,3,True
2026-05,Sale Gardens Care Community,DPG Services Pty Ltd,Private for Profit,VIC,Gippsland,MM4,Medium rural towns,Medium,,4.0,5.0,,4.0,SALE,4.0,,New/First,1,True
2026-05,Salisbury House Nursing Home,Menarock Aged Care Services (Templestowe) Pty Ltd,Private for Profit,VIC,Southern Metro,MM1,Metropolitan,Medium,4.0,3.0,5.0,3.0,5.0,BEACONSFIELD UPPER,4.0,0.0,Steady,12,True
2026-05,Salisbury Nursing Home,Salisbury Private Nursing Home Pty Ltd,Private for Profit,SA,Metropolitan North,MM1,Metropolitan,Small,,3.0,5.0,,3.0,SALISBURY SOUTH,,,New/First,1,True
2026-05,Salter Point Aged Care Facility,Retirees WA (Inc),Not for Profit,WA,Metropolitan South East,MM1,Metropolitan,Large,4.0,3.0,4.0,5.0,2.0,SALTER POINT,4.0,0.0,Steady,5,True
2026-05,Samarinda Lodge,Boroondara Aged Services Society,Not for Profit,VIC,Eastern Metro,MM1,Metropolitan,Medium,3.0,3.0,4.0,3.0,3.0,ASHBURTON,4.0,-1.0,Declined,1,True
2026-05,San Carlo Homes for the Aged,San Carlo Homes for the Aged Ltd,Not for Profit,VIC,Northern Metro,MM1,Metropolitan,Large,4.0,3.0,5.0,3.0,3.0,SOUTH MORANG,4.0,0.0,Steady,11,True
2026-05,Sandown Apartments,Southern Cross Care (Tas) Inc,Not for Profit,TAS,Southern,MM2,Regional centres,Medium,4.0,3.0,5.0,3.0,3.0,SANDY BAY,4.0,0.0,Steady,13,True
2026-05,Sandpiper Lodge Residential Care,Southern Cross Care (SA NT & VIC) Incorporated,Not for Profit,SA,"Hills, Mallee & Southern",MM3,Large rural towns,Small,4.0,4.0,5.0,2.0,3.0,GOOLWA,4.0,0.0,Steady,13,True
2026-05,Sandringham Grove Care Community,DPG Services Pty Ltd,Private for Profit,VIC,Southern Metro,MM1,Metropolitan,Medium,,4.0,4.0,,3.0,SANDRINGHAM,4.0,,New/First,1,True
2026-05,Scalabrini Village Allambie Heights,Scalabrini Village Ltd,Not for Profit,NSW,Northern Sydney,MM1,Metropolitan,Medium,3.0,3.0,5.0,2.0,3.0,ALLAMBIE HEIGHTS,4.0,-1.0,Declined,1,True
2026-05,Scalabrini Village Chipping Norton,Scalabrini Village Ltd,Not for Profit,NSW,South West Sydney,MM1,Metropolitan,Large,3.0,4.0,5.0,1.0,3.0,CHIPPING NORTON,4.0,-1.0,Declined,1,True
2026-05,Scalabrini Village Griffith,Scalabrini Village Ltd,Not for Profit,NSW,Riverina/Murray,MM3,Large rural towns,Medium,3.0,4.0,5.0,1.0,3.0,GRIFFITH,4.0,-1.0,Declined,1,True
2026-05,Scalabrini Village Nursing Home (Austral),Scalabrini Village Ltd,Not for Profit,NSW,South West Sydney,MM1,Metropolitan,Large,3.0,3.0,4.0,2.0,5.0,AUSTRAL,4.0,-1.0,Declined,1,True
2026-05,Scalabrini Village Nursing Home (Bexley),Scalabrini Village Ltd,Not for Profit,NSW,South East Sydney,MM1,Metropolitan,Large,3.0,4.0,5.0,1.0,2.0,BEXLEY,4.0,-1.0,Declined,1,True
2026-05,Sea Views Manor,Wickro Pty Ltd,Private for Profit,VIC,Barwon-South Western,MM2,Regional centres,Large,3.0,3.0,5.0,2.0,3.0,OCEAN GROVE,4.0,-1.0,Declined,1,True
2026-05,Seabrae Manor,Tingari Group Pty Ltd,Private for Profit,QLD,Cabool,MM1,Metropolitan,Medium,4.0,4.0,5.0,2.0,2.0,ROTHWELL,4.0,0.0,Steady,8,True
2026-05,Seaforth Gardens Senior Citizens' Residence,The Salvation Army (NSW) Property Trust,Not for Profit,WA,Metropolitan South East,MM1,Metropolitan,Medium,,,,,,GOSNELLS,,,New/First,1,True
2026-05,Seasons Living Mango Hill Care Suites,Seasons Living Australia Pty Ltd,Private for Profit,QLD,Cabool,MM1,Metropolitan,Small,4.0,3.0,5.0,5.0,3.0,MANGO HILL,4.0,0.0,Steady,2,True
2026-05,Semaphore Residential Care Centre,Rosha Pty Ltd,Private for Profit,SA,Metropolitan West,MM1,Metropolitan,Small,4.0,2.0,5.0,5.0,3.0,SEMAPHORE,4.0,0.0,Steady,10,True
2026-05,Serene Residential Care Services,Blu Dawn Pty Ltd,Private for Profit,SA,Metropolitan West,MM1,Metropolitan,Small,3.0,3.0,4.0,4.0,2.0,LOCKLEYS,4.0,-1.0,Declined,1,True
2026-05,Seven Hills Nursing Home,SEVEN HILLS NURSING HOME PTY LIMITED,Private for Profit,NSW,Western Sydney,MM1,Metropolitan,Medium,4.0,3.0,5.0,3.0,3.0,SEVEN HILLS,4.0,0.0,Steady,4,True
2026-05,Seymour District Nursing Home,Seymour Health,Government,VIC,Hume,MM4,Medium rural towns,Small,4.0,3.0,5.0,5.0,5.0,SEYMOUR,4.0,0.0,Steady,11,True
2026-05,Shangri-La Nursing Home,Fresh Fields Aged Care (NSW) - No 1 Pty Ltd,Private for Profit,NSW,South East Sydney,MM1,Metropolitan,Small,3.0,2.0,5.0,2.0,3.0,HURSTVILLE,4.0,-1.0,Declined,1,True
2026-05,Sheoak Lodge,Limestone Coast Local Health Network Incorporated,Government,SA,South East,MM5,Small rural towns,Small,4.0,3.0,5.0,5.0,2.0,MILLICENT,4.0,0.0,Steady,3,True
2026-05,Shepparton Aged Care,Menarock Aged Care Services (Victoria) Pty Ltd,Private for Profit,VIC,Hume,MM3,Large rural towns,Medium,3.0,2.0,4.0,2.0,5.0,SHEPPARTON,3.0,0.0,Steady,10,True
2026-05,Sherbrooke Private Nursing Home,Menarock Aged Care Services (Victoria) Pty Ltd,Private for Profit,VIC,Eastern Metro,MM1,Metropolitan,Small,4.0,3.0,5.0,2.0,5.0,UPPER FERNTREE GULLY,4.0,0.0,Steady,13,True
2026-05,Sheridan Aged Care,Kyabram and District Health Services,Government,VIC,Loddon-Mallee,MM4,Medium rural towns,Small,4.0,4.0,5.0,5.0,2.0,KYABRAM,4.0,0.0,Steady,13,True
2026-05,Shoalhaven Place Care Community,DPG Services Pty Ltd,Private for Profit,NSW,Illawarra,MM3,Large rural towns,Small,,4.0,5.0,,2.0,BOMADERRY,4.0,,New/First,1,True
2026-05,Sienna Grange Aged Care,Australian Unity Care Services Pty Ltd,Private for Profit,NSW,Mid North Coast,MM3,Large rural towns,Medium,4.0,4.0,5.0,4.0,2.0,PORT MACQUARIE,4.0,0.0,Steady,8,True
2026-05,Simpkin House Nursing Home,Bendigo Health Care Group,Government,VIC,Loddon-Mallee,MM2,Regional centres,Small,4.0,3.0,5.0,5.0,1.0,Bendigo,4.0,0.0,Steady,13,True
2026-05,Singleton Community Aged Care,Luson Aged Care Pty Ltd,Not for Profit,WA,Metropolitan South West,MM1,Metropolitan,Large,3.0,3.0,4.0,2.0,3.0,SINGLETON,3.0,0.0,Steady,3,True
2026-05,Sinnamon Village - Jacobs Court,Wesley Mission Queensland Limited,Not for Profit,QLD,Brisbane South,MM1,Metropolitan,Small,4.0,4.0,4.0,5.0,3.0,SINNAMON PARK,4.0,0.0,Steady,2,True
2026-05,Sinnamon Village - Kentish Court,Wesley Mission Queensland Limited,Not for Profit,QLD,Brisbane South,MM1,Metropolitan,Small,3.0,3.0,4.0,3.0,3.0,SINNAMON PARK,3.0,0.0,Steady,2,True
2026-05,Sinnamon Village - Knowles Court,Wesley Mission Queensland Limited,Not for Profit,QLD,Brisbane South,MM1,Metropolitan,Small,4.0,3.0,4.0,5.0,3.0,SINNAMON PARK,4.0,0.0,Steady,2,True
2026-05,Sinnamon Village - Nash Court,Wesley Mission Queensland Limited,Not for Profit,QLD,Brisbane South,MM1,Metropolitan,Small,4.0,4.0,4.0,4.0,2.0,SINNAMON PARK,4.0,0.0,Steady,2,True
2026-05,Sinnamon Village - Reid Court,Wesley Mission Queensland Limited,Not for Profit,QLD,Brisbane South,MM1,Metropolitan,Small,4.0,3.0,4.0,5.0,3.0,SINNAMON PARK,3.0,1.0,Improved,1,True
2026-05,Sir James Terrace,Fresh Fields Aged Care (NSW) - No 1 Pty Ltd,Private for Profit,QLD,Cabool,MM1,Metropolitan,Medium,,,,,,DECEPTION BAY,4.0,,New/First,1,True
2026-05,Sir Leslie Morshead Manor,Morshead Home For Veterans and Other Aged Persons Limited,Not for Profit,ACT,ACT,MM1,Metropolitan,Medium,4.0,3.0,5.0,4.0,4.0,LYNEHAM,4.0,0.0,Steady,13,True
2026-05,Sirius Cove Nursing Home,Fresh Fields Aged Care (NSW) - No 1 Pty Ltd,Private for Profit,NSW,Northern Sydney,MM1,Metropolitan,Small,4.0,4.0,5.0,3.0,4.0,MOSMAN,4.0,0.0,Steady,12,True
2026-05,Sister Mary Glowrey Residential Care,Catholic Homes Incorporated,Not for Profit,WA,Metropolitan South East,MM1,Metropolitan,Medium,3.0,3.0,5.0,3.0,2.0,BELMONT,3.0,0.0,Steady,3,True
2026-05,Skipton Nursing Home,Beaufort & Skipton Health Service,Government,VIC,Barwon-South Western,MM5,Small rural towns,Small,4.0,4.0,5.0,5.0,3.0,SKIPTON,5.0,-1.0,Declined,1,True
2026-05,Skye Lodge,IC (Victoria) Pty Ltd,Private for Profit,VIC,Southern Metro,MM1,Metropolitan,Large,,,,,,FRANKSTON,4.0,,New/First,1,True
2026-05,Snug Village,Christian Homes Tasmania Inc,Not for Profit,TAS,Southern,MM2,Regional centres,Medium,4.0,4.0,5.0,3.0,3.0,SNUG,4.0,0.0,Steady,4,True
2026-05,Somerville Gardens Care Community,DPG Services Pty Ltd,Private for Profit,VIC,Southern Metro,MM1,Metropolitan,Large,,4.0,5.0,,3.0,SOMERVILLE,4.0,,New/First,1,True
2026-05,South Port Community Residential Home,Claremont and Southport Aged Care Limited,Not for Profit,VIC,Southern Metro,MM1,Metropolitan,Small,5.0,5.0,5.0,5.0,5.0,ALBERT PARK,5.0,0.0,Steady,2,True
2026-05,Southern Cross Care Allora,Southern Cross Care (QLD) Ltd,Not for Profit,QLD,Darling Downs,MM5,Small rural towns,Small,5.0,5.0,5.0,5.0,5.0,ALLORA,5.0,0.0,Steady,6,True
2026-05,Southern Cross Care Allora - Homestead,Southern Cross Care (QLD) Ltd,Not for Profit,QLD,Darling Downs,MM5,Small rural towns,Small,4.0,4.0,5.0,3.0,3.0,ALLORA,4.0,0.0,Steady,12,True
2026-05,Southern Cross Care Assumption Villa Residential Aged Care,Southern Cross Care (NSW & ACT) Limited,Not for Profit,NSW,Riverina/Murray,MM4,Medium rural towns,Small,4.0,3.0,5.0,3.0,4.0,LEETON,4.0,0.0,Steady,8,True
2026-05,Southern Cross Care Campbell Residential Aged Care,Southern Cross Care (NSW & ACT) Limited,Not for Profit,ACT,ACT,MM1,Metropolitan,Small,4.0,4.0,5.0,3.0,3.0,CAMPBELL,4.0,0.0,Steady,8,True
2026-05,Southern Cross Care Chinchilla - Illoura Village,Southern Cross Care (QLD) Ltd,Not for Profit,QLD,Darling Downs,MM4,Medium rural towns,Medium,3.0,3.0,5.0,2.0,3.0,CHINCHILLA,4.0,-1.0,Declined,1,True
2026-05,Southern Cross Care Cootamundra Residential Aged Care,Southern Cross Care (NSW & ACT) Limited,Not for Profit,NSW,Riverina/Murray,MM4,Medium rural towns,Small,4.0,4.0,5.0,4.0,4.0,COOTAMUNDRA,4.0,0.0,Steady,11,True
2026-05,Southern Cross Care Daceyville Residential Aged Care,Southern Cross Care (NSW & ACT) Limited,Not for Profit,NSW,South East Sydney,MM1,Metropolitan,Small,4.0,4.0,5.0,3.0,4.0,DACEYVILLE,4.0,0.0,Steady,13,True
2026-05,Southern Cross Care Edens Landing - Connolly Court,Southern Cross Care (QLD) Ltd,Not for Profit,QLD,Logan River Valley,MM1,Metropolitan,Medium,4.0,4.0,5.0,2.0,3.0,EDENS LANDING,4.0,0.0,Steady,6,True
2026-05,Southern Cross Care Facility Caloundra,Southern Cross Care (QLD) Ltd,Not for Profit,QLD,Sunshine Coast,MM1,Metropolitan,Large,4.0,4.0,5.0,2.0,4.0,LITTLE MOUNTAIN,4.0,0.0,Steady,13,True
2026-05,Southern Cross Care Greystanes Residential Aged Care,Southern Cross Care (NSW & ACT) Limited,Not for Profit,NSW,Western Sydney,MM1,Metropolitan,Small,4.0,4.0,5.0,3.0,5.0,GREYSTANES,4.0,0.0,Steady,5,True
2026-05,Southern Cross Care Holland Park - Duhig Village,Southern Cross Care (QLD) Ltd,Not for Profit,QLD,Brisbane South,MM1,Metropolitan,Large,4.0,4.0,5.0,2.0,3.0,HOLLAND PARK,4.0,0.0,Steady,2,True
2026-05,Southern Cross Care John Woodward Residential Aged Care,Southern Cross Care (NSW & ACT) Limited,Not for Profit,NSW,Western Sydney,MM1,Metropolitan,Large,4.0,4.0,5.0,3.0,4.0,MERRYLANDS,4.0,0.0,Steady,3,True
2026-05,Southern Cross Care Karinya Residential Aged Care,Southern Cross Care (NSW & ACT) Limited,Not for Profit,NSW,Riverina/Murray,MM4,Medium rural towns,Medium,4.0,4.0,5.0,2.0,3.0,COROWA,4.0,0.0,Steady,10,True
2026-05,Southern Cross Care Kildare Residential Aged Care,Southern Cross Care (NSW & ACT) Limited,Not for Profit,NSW,South East Sydney,MM1,Metropolitan,Small,4.0,3.0,5.0,4.0,4.0,MAROUBRA,4.0,0.0,Steady,13,True
2026-05,Southern Cross Care Lavington Residential Aged Care,Southern Cross Care (NSW & ACT) Limited,Not for Profit,NSW,Riverina/Murray,MM2,Regional centres,Small,5.0,4.0,5.0,5.0,5.0,LAVINGTON,4.0,1.0,Improved,1,True
2026-05,Southern Cross Care Marian Nursing Home,Southern Cross Care (NSW & ACT) Limited,Not for Profit,NSW,Western Sydney,MM1,Metropolitan,Small,4.0,4.0,5.0,4.0,4.0,NORTH PARRAMATTA,4.0,0.0,Steady,3,True
2026-05,Southern Cross Care Marsfield Residential Aged Care,Southern Cross Care (NSW & ACT) Limited,Not for Profit,NSW,Northern Sydney,MM1,Metropolitan,Small,4.0,3.0,5.0,4.0,4.0,MARSFIELD,4.0,0.0,Steady,10,True
2026-05,Southern Cross Care Mawsons Court Residential Aged Care,Southern Cross Care (NSW & ACT) Limited,Not for Profit,NSW,Hunter,MM1,Metropolitan,Small,4.0,5.0,5.0,3.0,4.0,CAVES BEACH,4.0,0.0,Steady,13,True
2026-05,Southern Cross Care Miles - Carinya,Southern Cross Care (QLD) Ltd,Not for Profit,QLD,Darling Downs,MM5,Small rural towns,Small,5.0,4.0,5.0,5.0,4.0,MILES,4.0,1.0,Improved,1,True
2026-05,Southern Cross Care Murgon - Castra,Southern Cross Care (QLD) Ltd,Not for Profit,QLD,Wide Bay,MM5,Small rural towns,Medium,4.0,4.0,5.0,2.0,5.0,MURGON,4.0,0.0,Steady,3,True
2026-05,Southern Cross Care Nagle Residential Aged Care,Southern Cross Care (NSW & ACT) Limited,Not for Profit,NSW,South East Sydney,MM1,Metropolitan,Small,5.0,5.0,5.0,5.0,5.0,SUTHERLAND,5.0,0.0,Steady,2,True
2026-05,Southern Cross Care Nanango - Karinya,Southern Cross Care (QLD) Ltd,Not for Profit,QLD,Wide Bay,MM5,Small rural towns,Small,4.0,4.0,5.0,2.0,3.0,NANANGO,4.0,0.0,Steady,13,True
2026-05,Southern Cross Care North Turramurra Residential Aged Care,Southern Cross Care (NSW & ACT) Limited,Not for Profit,NSW,Northern Sydney,MM1,Metropolitan,Large,4.0,5.0,5.0,4.0,3.0,NORTH TURRAMURRA,4.0,0.0,Steady,8,True
2026-05,Southern Cross Care Orana Residential Aged Care,Southern Cross Care (NSW & ACT) Limited,Not for Profit,NSW,Riverina/Murray,MM4,Medium rural towns,Small,5.0,5.0,5.0,4.0,5.0,DENILIQUIN,5.0,0.0,Steady,2,True
2026-05,Southern Cross Care Ozanam Residential Aged Care,Southern Cross Care (NSW & ACT) Limited,Not for Profit,ACT,ACT,MM1,Metropolitan,Medium,3.0,2.0,5.0,3.0,3.0,GARRAN,3.0,0.0,Steady,3,True
2026-05,Southern Cross Care Parkes Residential Aged Care,Southern Cross Care (NSW & ACT) Limited,Not for Profit,NSW,Central West,MM4,Medium rural towns,Small,4.0,4.0,5.0,4.0,4.0,PARKES,4.0,0.0,Steady,10,True
2026-05,Southern Cross Care Raceview - St Mary's,Southern Cross Care (QLD) Ltd,Not for Profit,QLD,West Moreton,MM1,Metropolitan,Medium,4.0,4.0,5.0,2.0,3.0,RACEVIEW,4.0,0.0,Steady,13,True
2026-05,Southern Cross Care Reynolds Court Residential Aged Care,Southern Cross Care (NSW & ACT) Limited,Not for Profit,NSW,Central Coast,MM1,Metropolitan,Medium,4.0,4.0,5.0,3.0,4.0,BATEAU BAY,4.0,0.0,Steady,6,True
2026-05,Southern Cross Care South Coogee Residential Aged Care,Southern Cross Care (NSW & ACT) Limited,Not for Profit,NSW,South East Sydney,MM1,Metropolitan,Small,4.0,3.0,5.0,3.0,4.0,SOUTH COOGEE,4.0,0.0,Steady,13,True
2026-05,Southern Cross Care St Catherine's Residential Aged Care,Southern Cross Care (NSW & ACT) Limited,Not for Profit,NSW,Far North Coast,MM3,Large rural towns,Medium,3.0,3.0,4.0,2.0,3.0,GRAFTON,3.0,0.0,Steady,2,True
2026-05,Southern Cross Care St Francis Residential Aged Care,Southern Cross Care (NSW & ACT) Limited,Not for Profit,NSW,Western Sydney,MM1,Metropolitan,Small,4.0,3.0,5.0,3.0,5.0,PLUMPTON,4.0,0.0,Steady,13,True
2026-05,Southern Cross Care St Joseph's Residential Aged Care,Southern Cross Care (NSW & ACT) Limited,Not for Profit,NSW,Far North Coast,MM1,Metropolitan,Medium,4.0,4.0,5.0,3.0,3.0,TWEED HEADS SOUTH,4.0,0.0,Steady,9,True
2026-05,Southern Cross Care St Martha's Residential Aged Care,Southern Cross Care (NSW & ACT) Limited,Not for Profit,NSW,Far North Coast,MM1,Metropolitan,Small,4.0,4.0,5.0,3.0,5.0,BANORA POINT,4.0,0.0,Steady,10,True
2026-05,Southern Cross Care St Michael's Residential Aged Care,Southern Cross Care (NSW & ACT) Limited,Not for Profit,NSW,Far North Coast,MM4,Medium rural towns,Medium,4.0,4.0,4.0,3.0,3.0,CASINO,3.0,1.0,Improved,1,True
2026-05,Southern Cross Care Stretton Gardens,Southern Cross Care (QLD) Ltd,Not for Profit,QLD,Brisbane South,MM1,Metropolitan,Small,4.0,4.0,5.0,2.0,4.0,DREWVALE,4.0,0.0,Steady,13,True
2026-05,Southern Cross Care Tara - Tarcoola,Southern Cross Care (QLD) Ltd,Not for Profit,QLD,Darling Downs,MM5,Small rural towns,Small,4.0,4.0,5.0,4.0,5.0,TARA,4.0,0.0,Steady,4,True
2026-05,Southern Cross Care Taroom - Leichhardt Villa,Southern Cross Care (QLD) Ltd,Not for Profit,QLD,Darling Downs,MM6,Remote communities,Small,4.0,4.0,5.0,2.0,5.0,TAROOM,4.0,0.0,Steady,12,True
2026-05,Southern Cross Care Tenison Goulburn Residential Aged Care,Southern Cross Care (NSW & ACT) Limited,Not for Profit,NSW,Southern Highlands,MM3,Large rural towns,Small,5.0,4.0,5.0,5.0,4.0,GOULBURN,4.0,1.0,Improved,1,True
2026-05,Southern Cross Care Thornton Park,Southern Cross Care (NSW & ACT) Limited,Not for Profit,NSW,Nepean,MM1,Metropolitan,Medium,4.0,3.0,5.0,3.0,3.0,PENRITH,3.0,1.0,Improved,1,True
2026-05,Southern Cross Care Young Residential Aged Care,Southern Cross Care (NSW & ACT) Limited,Not for Profit,NSW,Southern Highlands,MM4,Medium rural towns,Medium,3.0,3.0,5.0,2.0,3.0,YOUNG,4.0,-1.0,Declined,1,True
2026-05,Southern Plus East Fremantle,Southern Cross Care (WA) Inc,Not for Profit,WA,Metropolitan South West,MM1,Metropolitan,Medium,4.0,4.0,5.0,3.0,3.0,EAST FREMANTLE,4.0,0.0,Steady,3,True
2026-05,Southhaven Aged Care,IC (PADSTOW HEIGHTS) PTY LTD,Private for Profit,NSW,South West Sydney,MM1,Metropolitan,Large,3.0,4.0,5.0,1.0,3.0,PADSTOW HEIGHTS,4.0,-1.0,Declined,1,True
2026-05,Southport Lodge,Planlow Pty Ltd,Private for Profit,QLD,South Coast,MM1,Metropolitan,Small,5.0,5.0,5.0,3.0,5.0,SOUTHPORT,5.0,0.0,Steady,2,True
2026-05,Springhaven Frail Aged Hostel,Fresh Fields Aged Care Pty Ltd,Private for Profit,WA,Great Southern,MM5,Small rural towns,Small,,4.0,,4.0,5.0,KOJONUP,,,New/First,1,True
2026-05,Springwood Greens Care Community,DPG Services Pty Ltd,Private for Profit,NSW,Nepean,MM1,Metropolitan,Medium,,3.0,5.0,,3.0,SPRINGWOOD,4.0,,New/First,1,True
2026-05,Springwood Terrace Care Community,DPG Services Pty Ltd,Private for Profit,QLD,Logan River Valley,MM1,Metropolitan,Large,,4.0,5.0,,3.0,SPRINGWOOD,4.0,,New/First,1,True
2026-05,St Agnes Site,St Agnes' Care & Lifestyle,Not for Profit,NSW,Mid North Coast,MM3,Large rural towns,Large,4.0,4.0,5.0,2.0,3.0,PORT MACQUARIE,4.0,0.0,Steady,10,True
2026-05,St Andrew's Hostel,The Community of Cypriots of the Northern Suburbs of Melbourne Inc,Not for Profit,VIC,Western Metro,MM1,Metropolitan,Small,4.0,3.0,5.0,5.0,2.0,ARDEER,5.0,-1.0,Declined,1,True
2026-05,St Andrew's Village Ballina,St Andrew's Village Ballina Limited,Not for Profit,NSW,Far North Coast,MM3,Large rural towns,Large,4.0,4.0,5.0,4.0,3.0,BALLINA,,,New/First,1,True
2026-05,St Andrew's Village Byron Bay,St Andrew's Village Ballina Limited,Not for Profit,NSW,Far North Coast,MM4,Medium rural towns,Small,4.0,4.0,4.0,5.0,4.0,BYRON BAY,,,New/First,1,True
2026-05,St Ann's,Respect Group Limited,Not for Profit,TAS,Southern,MM2,Regional centres,Large,4.0,4.0,5.0,1.0,4.0,HOBART,4.0,0.0,Steady,7,True
2026-05,St Anna's Residential Care Facility,Croatian Ukrainian and Belarusian Aged Care Association of SA Incorporated,Not for Profit,SA,Metropolitan West,MM1,Metropolitan,Small,4.0,4.0,5.0,4.0,3.0,BROMPTON,4.0,0.0,Steady,13,True
2026-05,St Annes Nursing Home,Southern Cross Care (QLD) Ltd,Not for Profit,NSW,Orana Far West,MM3,Large rural towns,Medium,,3.0,,4.0,2.0,BROKEN HILL,,,New/First,1,True
2026-05,St Basil's Aegean Village,St Basil's Homes for the Aged in South Australia (Vasileias) Inc,Not for Profit,SA,Metropolitan South,MM1,Metropolitan,Medium,3.0,3.0,5.0,3.0,2.0,CHRISTIE DOWNS,4.0,-1.0,Declined,1,True
2026-05,St Basil's Homes for the Aged in Victoria,St Basil's Homes for the Aged in Victoria,Not for Profit,VIC,Northern Metro,MM1,Metropolitan,Medium,4.0,4.0,5.0,2.0,3.0,FAWKNER,4.0,0.0,Steady,9,True
2026-05,St Basil's Kogarah,St Basil's Homes,Not for Profit,NSW,South East Sydney,MM1,Metropolitan,Small,3.0,3.0,5.0,3.0,2.0,KOGARAH,4.0,-1.0,Declined,1,True
2026-05,St Basil's Lakemba,St Basil's Homes,Not for Profit,NSW,Inner West,MM1,Metropolitan,Large,4.0,4.0,5.0,3.0,1.0,LAKEMBA,4.0,0.0,Steady,2,True
2026-05,St Basil's Miranda,St Basil's Homes,Not for Profit,NSW,South East Sydney,MM1,Metropolitan,Medium,4.0,4.0,5.0,3.0,3.0,MIRANDA,4.0,0.0,Steady,6,True
2026-05,St Basil's Randwick,St Basil's Homes,Not for Profit,NSW,South East Sydney,MM1,Metropolitan,Large,4.0,4.0,5.0,3.0,2.0,RANDWICK,4.0,0.0,Steady,5,True
2026-05,St Basil's at Croydon Park,St Basil's Homes for the Aged in South Australia (Vasileias) Inc,Not for Profit,SA,Metropolitan West,MM1,Metropolitan,Medium,,,5.0,3.0,3.0,CROYDON PARK,,,New/First,1,True
2026-05,St Basil's at St Peters,St Basil's Homes for the Aged in South Australia (Vasileias) Inc,Not for Profit,SA,Metropolitan East,MM1,Metropolitan,Small,4.0,4.0,5.0,4.0,3.0,ST PETERS,4.0,0.0,Steady,13,True
2026-05,St Brigid's Green Maroubra,Greengate Care Pty Ltd,Private for Profit,NSW,South East Sydney,MM1,Metropolitan,Medium,4.0,3.0,5.0,3.0,4.0,MAROUBRA,4.0,0.0,Steady,4,True
2026-05,St Catherine's Aged Care Services,St Catherine's Aged Care Services,Not for Profit,NSW,Northern Sydney,MM1,Metropolitan,Medium,4.0,4.0,5.0,4.0,4.0,EASTWOOD,4.0,0.0,Steady,2,True
2026-05,St Charbel's Care Centre,Korlim Pty Ltd,Private for Profit,NSW,South West Sydney,MM1,Metropolitan,Small,,,,,,PUNCHBOWL,2.0,,New/First,1,True
2026-05,St Elizabeth Home,ST. ELIZABETH HOME,Not for Profit,NSW,Western Sydney,MM1,Metropolitan,Medium,4.0,4.0,5.0,3.0,2.0,DEAN PARK,4.0,0.0,Steady,3,True
2026-05,St Elmo's Nursing Home,Yarram & District Health Service,Government,VIC,Gippsland,MM5,Small rural towns,Small,4.0,5.0,5.0,5.0,1.0,YARRAM,4.0,0.0,Steady,2,True
2026-05,St Ezekiel Moreno Nursing Home,St Ezekiel Moreno Limited,Not for Profit,NSW,Inner West,MM1,Metropolitan,Small,,3.0,5.0,,3.0,CROYDON,4.0,,New/First,1,True
2026-05,St Francis Hostel,MOUNT LA VERNA RETIREMENT VILLAGE INC,Not for Profit,WA,Metropolitan North,MM1,Metropolitan,Small,4.0,4.0,5.0,3.0,3.0,GWELUP,3.0,1.0,Improved,1,True
2026-05,St Hedwig Village,Catholic Healthcare Limited,Not for Profit,NSW,Western Sydney,MM1,Metropolitan,Small,4.0,3.0,5.0,3.0,4.0,BLACKTOWN,4.0,0.0,Steady,9,True
2026-05,St Ives House,Thompson Health Care Pty Ltd,Private for Profit,NSW,Northern Sydney,MM1,Metropolitan,Large,3.0,4.0,4.0,3.0,2.0,ST IVES,3.0,0.0,Steady,3,True
2026-05,St John's,Respect Group Limited,Not for Profit,VIC,Hume,MM3,Large rural towns,Large,3.0,4.0,4.0,1.0,2.0,WANGARATTA,3.0,0.0,Steady,8,True
2026-05,St Joseph's Aged Care Facility Kensington,St Joseph's Aged Care Facility Kensington,Not for Profit,NSW,South East Sydney,MM1,Metropolitan,Small,4.0,5.0,5.0,4.0,3.0,KENSINGTON,5.0,-1.0,Declined,1,True
2026-05,St Joseph's House,The Catholic Diocese of Port Pirie Inc,Not for Profit,SA,Mid North,MM4,Medium rural towns,Small,4.0,4.0,4.0,2.0,5.0,PORT PIRIE,4.0,0.0,Steady,6,True
2026-05,St Josephs Nursing Home,The Trustees of the Roman Catholic Church for the Diocese of Lismore,Not for Profit,NSW,Far North Coast,MM3,Large rural towns,Large,4.0,3.0,5.0,5.0,3.0,EAST LISMORE,4.0,0.0,Steady,10,True
2026-05,St Louis Nursing Home,St Louis Nursing Home Pty Ltd,Private for Profit,SA,Metropolitan East,MM1,Metropolitan,Small,4.0,4.0,5.0,3.0,5.0,PARKSIDE,4.0,0.0,Steady,13,True
2026-05,St Luke's Green Residential Care,Greengate Care Pty Ltd,Private for Profit,QLD,Brisbane South,MM1,Metropolitan,Small,4.0,4.0,5.0,4.0,3.0,WOOLLOONGABBA,4.0,0.0,Steady,13,True
2026-05,St Luke's Nursing Home,Fresh Fields Aged Care Pty Ltd,Private for Profit,WA,Metropolitan North,MM1,Metropolitan,Small,4.0,3.0,5.0,4.0,5.0,SHENTON PARK,4.0,0.0,Steady,13,True
2026-05,St Lukes Nursing Home,St Luke's Care,Not for Profit,NSW,South East Sydney,MM1,Metropolitan,Large,4.0,4.0,5.0,4.0,3.0,ELIZABETH BAY,4.0,0.0,Steady,5,True
2026-05,St Mary's Aged Care,Tilburg Proprietary Limited,Private for Profit,QLD,Sunshine Coast,MM1,Metropolitan,Medium,4.0,4.0,5.0,4.0,1.0,PELICAN WATERS,4.0,0.0,Steady,12,True
2026-05,St Mary's Coolum Beach,Tilburg Proprietary Limited,Private for Profit,QLD,Sunshine Coast,MM1,Metropolitan,Large,4.0,4.0,5.0,4.0,2.0,COOLUM BEACH,4.0,0.0,Steady,7,True
2026-05,St Marys Villa Residential Aged Care,Trustees of Catholic Aged Care Sydney,Not for Profit,NSW,Inner West,MM1,Metropolitan,Medium,4.0,3.0,5.0,3.0,5.0,CONCORD,3.0,1.0,Improved,1,True
2026-05,St Nicholas Aged Care,Greek Ladies Philoptochos Society of St George Brisbane,Not for Profit,QLD,Brisbane South,MM1,Metropolitan,Medium,,4.0,5.0,,3.0,HIGHGATE HILL,4.0,,New/First,1,True
2026-05,St Nicholas Seniors Care Centre,Antiochian Care Limited,Not for Profit,NSW,Inner West,MM1,Metropolitan,Medium,4.0,4.0,4.0,4.0,3.0,PUNCHBOWL,4.0,0.0,Steady,7,True
2026-05,St Patrick's Green,Greengate Care Pty Ltd,Private for Profit,NSW,South East Sydney,MM1,Metropolitan,Medium,4.0,3.0,5.0,3.0,3.0,KOGARAH,3.0,1.0,Improved,1,True
2026-05,St Paul de Chartres Residential Aged Care,Sisters of St Paul de Chartres Australia,Not for Profit,QLD,Logan River Valley,MM1,Metropolitan,Medium,4.0,4.0,5.0,2.0,3.0,BORONIA HEIGHTS,4.0,0.0,Steady,13,True
2026-05,St Paul's Hostel for the Elderly,Antonine Sisters Aged Care Services Ltd,Not for Profit,VIC,Northern Metro,MM1,Metropolitan,Small,4.0,5.0,5.0,2.0,5.0,THORNBURY,4.0,0.0,Steady,2,True
2026-05,St Raphaels Home For The Aged,Franciscan Sisters of the Heart of Jesus (South Australia) Inc,Not for Profit,SA,Metropolitan West,MM1,Metropolitan,Small,3.0,4.0,4.0,2.0,3.0,LOCKLEYS,4.0,-1.0,Declined,1,True
2026-05,St Ritas Nursing Home,Casson Homes Incorporated,Not for Profit,WA,Metropolitan East,MM1,Metropolitan,Small,3.0,3.0,4.0,1.0,4.0,NORTH PERTH,4.0,-1.0,Declined,1,True
2026-05,St Simeon Village,Serbian Orthodox Diocese Aged Care and Education Property Fund,Not for Profit,NSW,Western Sydney,MM1,Metropolitan,Small,4.0,5.0,5.0,2.0,5.0,ROOTY HILL,5.0,-1.0,Declined,1,True
2026-05,St Vincent Care Services Boondall,St Vincent's Care Services Ltd,Not for Profit,QLD,Brisbane North,MM1,Metropolitan,Small,4.0,4.0,4.0,5.0,5.0,BOONDALL,4.0,0.0,Steady,7,True
2026-05,St Vincent Care Services Carseldine,St Vincent's Care Services Ltd,Not for Profit,QLD,Brisbane North,MM1,Metropolitan,Large,4.0,4.0,4.0,3.0,3.0,CARSELDINE,4.0,0.0,Steady,6,True
2026-05,St Vincent's Aged Care,Catholic Homes Incorporated,Not for Profit,WA,Metropolitan East,MM1,Metropolitan,Medium,4.0,3.0,5.0,3.0,3.0,GUILDFORD,3.0,1.0,Improved,1,True
2026-05,St Vincent's Care Carina,St Vincent's Care Services Ltd,Not for Profit,QLD,Brisbane South,MM1,Metropolitan,Large,4.0,4.0,5.0,5.0,3.0,CARINA,4.0,0.0,Steady,3,True
2026-05,St Vincent's Care Corinda,St Vincent's Care Services Ltd,Not for Profit,QLD,Brisbane South,MM1,Metropolitan,Medium,4.0,4.0,5.0,5.0,3.0,CORINDA,4.0,0.0,Steady,9,True
2026-05,St Vincent's Care Services Arundel,St Vincent's Care Services Ltd,Not for Profit,QLD,South Coast,MM1,Metropolitan,Small,4.0,4.0,5.0,4.0,4.0,ARUNDEL,4.0,0.0,Steady,8,True
2026-05,St Vincent's Care Services Auburn,St Vincent's Care Services Ltd,Not for Profit,NSW,Western Sydney,MM1,Metropolitan,Medium,4.0,4.0,5.0,5.0,3.0,AUBURN,4.0,0.0,Steady,12,True
2026-05,St Vincent's Care Services Bardon,St Vincent's Care Services Ltd,Not for Profit,QLD,Brisbane North,MM1,Metropolitan,Medium,5.0,4.0,5.0,5.0,4.0,BARDON,5.0,0.0,Steady,2,True
2026-05,St Vincent's Care Services Bronte,St Vincent's Care Services Ltd,Not for Profit,NSW,South East Sydney,MM1,Metropolitan,Large,4.0,3.0,5.0,5.0,4.0,BRONTE,4.0,0.0,Steady,11,True
2026-05,St Vincent's Care Services Edgecliff,St Vincent's Care Services Ltd,Not for Profit,NSW,South East Sydney,MM1,Metropolitan,Small,5.0,5.0,5.0,4.0,4.0,EDGECLIFF,5.0,0.0,Steady,2,True
2026-05,St Vincent's Care Services Eltham - Eltham Lodge,St Vincent's Care Services Ltd,Not for Profit,VIC,Northern Metro,MM1,Metropolitan,Small,4.0,3.0,5.0,5.0,3.0,ELTHAM,4.0,0.0,Steady,3,True
2026-05,St Vincent's Care Services Eltham - Willandra Lodge,St Vincent's Care Services Ltd,Not for Profit,VIC,Northern Metro,MM1,Metropolitan,Medium,4.0,3.0,5.0,4.0,1.0,ELTHAM,4.0,0.0,Steady,6,True
2026-05,St Vincent's Care Services Gympie,St Vincent's Care Services Ltd,Not for Profit,QLD,Sunshine Coast,MM3,Large rural towns,Small,5.0,5.0,5.0,4.0,5.0,GYMPIE,5.0,0.0,Steady,4,True
2026-05,St Vincent's Care Services Haberfield,St Vincent's Care Services Ltd,Not for Profit,NSW,Inner West,MM1,Metropolitan,Small,4.0,3.0,5.0,5.0,4.0,HABERFIELD,4.0,0.0,Steady,4,True
2026-05,St Vincent's Care Services Hawthorn,St Vincent's Care Services Ltd,Not for Profit,VIC,Eastern Metro,MM1,Metropolitan,Medium,4.0,4.0,5.0,4.0,4.0,HAWTHORN EAST,4.0,0.0,Steady,5,True
2026-05,St Vincent's Care Services Heathcote,St Vincent's Care Services Ltd,Not for Profit,NSW,South East Sydney,MM1,Metropolitan,Large,4.0,4.0,5.0,5.0,3.0,HEATHCOTE,4.0,0.0,Steady,7,True
2026-05,St Vincent's Care Services Kangaroo Point - Lilian Cooper,St Vincent's Care Services Ltd,Not for Profit,QLD,Brisbane South,MM1,Metropolitan,Small,,,5.0,,,KANGAROO POINT,,,New/First,1,True
2026-05,St Vincent's Care Services Kangaroo Point - Marycrest,St Vincent's Care Services Ltd,Not for Profit,QLD,Brisbane South,MM1,Metropolitan,Large,4.0,4.0,5.0,3.0,5.0,KANGAROO POINT,4.0,0.0,Steady,13,True
2026-05,St Vincent's Care Services Kew,St Vincent's Care Services Ltd,Not for Profit,VIC,Eastern Metro,MM1,Metropolitan,Large,4.0,3.0,5.0,5.0,3.0,KEW,4.0,0.0,Steady,8,True
2026-05,St Vincent's Care Services Maroochydore,St Vincent's Care Services Ltd,Not for Profit,QLD,Sunshine Coast,MM1,Metropolitan,Large,4.0,4.0,5.0,4.0,3.0,MAROOCHYDORE,4.0,0.0,Steady,11,True
2026-05,St Vincent's Care Services Mitchelton,St Vincent's Care Services Ltd,Not for Profit,QLD,Brisbane North,MM1,Metropolitan,Large,4.0,4.0,5.0,4.0,2.0,MITCHELTON,4.0,0.0,Steady,11,True
2026-05,St Vincent's Care Services Southport,St Vincent's Care Services Ltd,Not for Profit,QLD,South Coast,MM1,Metropolitan,Medium,4.0,4.0,5.0,5.0,3.0,SOUTHPORT,4.0,0.0,Steady,12,True
2026-05,St Vincent's Care Services Toowoomba - Hostel,St Vincent's Care Services Ltd,Not for Profit,QLD,Darling Downs,MM2,Regional centres,Medium,4.0,3.0,5.0,5.0,1.0,TOOWOOMBA,4.0,0.0,Steady,13,True
2026-05,St Vincent's Care Services Toowoomba - Nursing Home,St Vincent's Care Services Ltd,Not for Profit,QLD,Darling Downs,MM2,Regional centres,Medium,4.0,3.0,5.0,5.0,2.0,TOOWOOMBA,4.0,0.0,Steady,13,True
2026-05,St Vincent's Care Services Werribee,St Vincent's Care Services Ltd,Not for Profit,VIC,Western Metro,MM1,Metropolitan,Medium,4.0,3.0,5.0,5.0,3.0,WERRIBEE,4.0,0.0,Steady,2,True
2026-05,St Vincent's Care Services Yennora,St Vincent's Care Services Ltd,Not for Profit,NSW,South West Sydney,MM1,Metropolitan,Large,4.0,4.0,5.0,4.0,3.0,YENNORA,4.0,0.0,Steady,11,True
2026-05,Stanmore Place Care Community,DPG Services Pty Ltd,Private for Profit,NSW,Inner West,MM1,Metropolitan,Medium,,3.0,5.0,,3.0,STANMORE,4.0,,New/First,1,True
2026-05,Star Of The Sea Home For The Aged,The Catholic Diocese of Port Pirie Inc,Not for Profit,SA,"Yorke, Lower North & Barossa",MM5,Small rural towns,Small,4.0,3.0,5.0,2.0,4.0,WALLAROO,4.0,0.0,Steady,3,True
2026-05,Star Of The Sea Home For The Aged,The Catholic Diocese of Port Pirie Inc,Not for Profit,SA,"Yorke, Lower North & Barossa",MM5,Small rural towns,Small,4.0,4.0,5.0,2.0,3.0,WALLAROO,4.0,0.0,Steady,4,True
2026-05,Stella Maris Aged Care Facility,Stella Maris Aged Care Facility,Not for Profit,NSW,South East Sydney,MM1,Metropolitan,Medium,4.0,3.0,5.0,3.0,5.0,CRONULLA,4.0,0.0,Steady,13,True
2026-05,Strathalbyn & District Aged Care Facility,Barossa Hills Fleurieu Local Health Network Incorporated,Government,SA,"Hills, Mallee & Southern",MM4,Medium rural towns,Medium,4.0,3.0,5.0,5.0,3.0,STRATHALBYN,3.0,1.0,Improved,1,True
2026-05,Strathearn House,HammondCare,Not for Profit,NSW,Hunter,MM4,Medium rural towns,Medium,4.0,4.0,5.0,2.0,2.0,SCONE,4.0,0.0,Steady,6,True
2026-05,Strathpine Aged Care,Strathpine Aged Care Pty Ltd,Private for Profit,QLD,Cabool,MM1,Metropolitan,Medium,3.0,4.0,4.0,2.0,3.0,STRATHPINE,3.0,0.0,Steady,2,True
2026-05,Stretton Park Hostel,Stretton Park Incorporated,Not for Profit,VIC,Gippsland,MM5,Small rural towns,Small,4.0,4.0,5.0,3.0,3.0,MAFFRA,4.0,0.0,Steady,6,True
2026-05,Stroud Community Lodge,Stroud Community Care Ltd,Not for Profit,NSW,Mid North Coast,MM5,Small rural towns,Small,4.0,5.0,4.0,2.0,3.0,STROUD,4.0,0.0,Steady,10,True
2026-05,Summerhill,Clayton Church Homes Inc,Not for Profit,SA,"Hills, Mallee & Southern",MM1,Metropolitan,Small,4.0,4.0,5.0,4.0,5.0,URAIDLA,4.0,0.0,Steady,6,True
2026-05,Summerset Care Cranbourne North,Summerset Care (Australia) Pty Ltd,Private for Profit,VIC,Southern Metro,MM1,Metropolitan,Small,,,,,,CRANBOURNE NORTH,,,New/First,1,True
2026-05,SummitCare Baulkham Hills,SummitCare Baulkham Hills (NSW) Pty Ltd,Private for Profit,NSW,Western Sydney,MM1,Metropolitan,Large,3.0,3.0,5.0,3.0,1.0,BAULKHAM HILLS,4.0,-1.0,Declined,1,True
2026-05,SummitCare Canley Vale,E E W Investments Pty Ltd,Private for Profit,NSW,South West Sydney,MM1,Metropolitan,Medium,4.0,3.0,5.0,4.0,3.0,CANLEY VALE,4.0,0.0,Steady,12,True
2026-05,SummitCare Liverpool-173,Wohl Investments Pty Ltd,Private for Profit,NSW,South West Sydney,MM1,Metropolitan,Medium,4.0,4.0,5.0,3.0,4.0,LIVERPOOL,4.0,0.0,Steady,13,True
2026-05,SummitCare Penrith,ST. MARYS GARDENS AGED CARE CENTRE PTY LIMITED,Private for Profit,NSW,Nepean,MM1,Metropolitan,Medium,4.0,3.0,5.0,3.0,4.0,JAMISONTOWN,4.0,0.0,Steady,4,True
2026-05,SummitCare Randwick,Frenchmans Lodge Nursing Home Pty Limited,Private for Profit,NSW,South East Sydney,MM1,Metropolitan,Medium,4.0,3.0,5.0,3.0,4.0,RANDWICK,4.0,0.0,Steady,4,True
2026-05,SummitCare Smithfield,Stelcom Pty Limited,Private for Profit,NSW,South West Sydney,MM1,Metropolitan,Medium,4.0,3.0,5.0,3.0,5.0,SMITHFIELD,4.0,0.0,Steady,12,True
2026-05,SummitCare St Marys,ST. MARYS GARDENS AGED CARE CENTRE PTY LIMITED,Private for Profit,NSW,Nepean,MM1,Metropolitan,Large,4.0,4.0,5.0,3.0,3.0,ST MARYS,4.0,0.0,Steady,3,True
2026-05,SummitCare Wallsend,Stelcom Pty Limited,Private for Profit,NSW,Hunter,MM1,Metropolitan,Large,4.0,4.0,5.0,3.0,1.0,WALLSEND,4.0,0.0,Steady,2,True
2026-05,SummitCare Waverley,Phillip House Nursing Home Pty Ltd,Private for Profit,NSW,South East Sydney,MM1,Metropolitan,Small,3.0,3.0,5.0,3.0,1.0,WAVERLEY,3.0,0.0,Steady,8,True
2026-05,Sunhaven Hostel,Ashford Ageing Care Facility Inc,Not for Profit,NSW,New England,MM5,Small rural towns,Small,4.0,5.0,5.0,2.0,5.0,ASHFORD,4.0,0.0,Steady,5,True
2026-05,Sunlight Residential Aged Care,TLC Whittlesea Pty Ltd,Private for Profit,VIC,Northern Metro,MM2,Regional centres,Large,3.0,3.0,5.0,1.0,3.0,WHITTLESEA,3.0,0.0,Steady,13,True
2026-05,Sunnycare Residential,Sunnycare Residential Pty Ltd,Private for Profit,QLD,Brisbane South,MM1,Metropolitan,Medium,4.0,4.0,5.0,3.0,5.0,SUNNYBANK HILLS,4.0,0.0,Steady,8,True
2026-05,Sunnyside House,Sunnyside House Inc,Not for Profit,VIC,Barwon-South Western,MM5,Small rural towns,Small,4.0,4.0,5.0,5.0,3.0,CAMPERDOWN,4.0,0.0,Steady,5,True
2026-05,Sunrise Beach Aged Care,UnitingCare Queensland Limited,Not for Profit,QLD,Sunshine Coast,MM1,Metropolitan,Large,,,,,,SUNRISE BEACH,,,New/First,1,True
2026-05,Sunset Views Manor,Wickro Pty Ltd,Private for Profit,VIC,Western Metro,MM1,Metropolitan,Large,4.0,4.0,5.0,2.0,3.0,TARNEIT,4.0,0.0,Steady,4,True
2026-05,Sunshine Gardens Care Community,DPG Services Pty Ltd,Private for Profit,VIC,Western Metro,MM1,Metropolitan,Medium,,4.0,4.0,,2.0,SUNSHINE,4.0,,New/First,1,True
2026-05,Surrey Hills Gardens Care Community,DPG Services Pty Ltd,Private for Profit,VIC,Eastern Metro,MM1,Metropolitan,Medium,,3.0,4.0,,3.0,SURREY HILLS,3.0,,New/First,1,True
2026-05,Sutherland Lodge,Bairnsdale Regional Health Service,Government,VIC,Gippsland,MM4,Medium rural towns,Small,4.0,4.0,5.0,5.0,3.0,BAIRNSDALE,4.0,0.0,Steady,8,True
2026-05,Swan Hill District Nursing Home,Swan Hill District Health,Government,VIC,Loddon-Mallee,MM4,Medium rural towns,Small,4.0,4.0,5.0,5.0,1.0,SWAN HILL,4.0,0.0,Steady,3,True
2026-05,SwanCare Kingia/Tandara,SwanCare Group Inc,Not for Profit,WA,Metropolitan South East,MM1,Metropolitan,Large,3.0,3.0,5.0,2.0,3.0,BENTLEY,4.0,-1.0,Declined,1,True
2026-05,SwanCare Ningana,SwanCare Group Inc,Not for Profit,WA,Metropolitan South East,MM1,Metropolitan,Large,3.0,4.0,5.0,1.0,3.0,BENTLEY,4.0,-1.0,Declined,1,True
2026-05,SwanCare Waminda,SwanCare Group Inc,Not for Profit,WA,Metropolitan South East,MM1,Metropolitan,Large,3.0,3.0,5.0,2.0,2.0,BENTLEY,4.0,-1.0,Declined,1,True
2026-05,TLC Whitewater,Great Oaks Pty Ltd,Private for Profit,VIC,Southern Metro,MM1,Metropolitan,Large,3.0,3.0,5.0,2.0,2.0,MORDIALLOC,4.0,-1.0,Declined,1,True
2026-05,Tabulam & Templer Home for the Aged,Tabulam & Templer Homes for the Aged Inc,Not for Profit,VIC,Eastern Metro,MM1,Metropolitan,Large,4.0,4.0,5.0,4.0,3.0,BAYSWATER,4.0,0.0,Steady,10,True
2026-05,Talbot Place Aged Care Facility,Grampians Health,Government,VIC,Grampians,MM2,Regional centres,Small,5.0,4.0,5.0,5.0,4.0,BALLARAT,5.0,0.0,Steady,2,True
2026-05,Tamworth Community Aged Care,Luson Aged Care Pty Ltd,Not for Profit,NSW,New England,MM3,Large rural towns,Large,3.0,4.0,4.0,1.0,3.0,HILLVUE,4.0,-1.0,Declined,1,True
2026-05,Tandara Lodge,Tandara Lodge Community Care Inc,Not for Profit,TAS,North Western,MM5,Small rural towns,Small,4.0,4.0,5.0,3.0,5.0,SHEFFIELD,4.0,0.0,Steady,13,True
2026-05,Tanunda Lutheran Home,Tanunda Lutheran Home Inc,Not for Profit,SA,"Yorke, Lower North & Barossa",MM4,Medium rural towns,Large,3.0,3.0,5.0,1.0,3.0,TANUNDA,4.0,-1.0,Declined,1,True
2026-05,Taralga Retirement Village Hostel,TARALGA RETIREMENT VILLAGE INC,Not for Profit,QLD,Darling Downs,MM5,Small rural towns,Small,5.0,4.0,5.0,5.0,5.0,JANDOWAE,5.0,0.0,Steady,2,True
2026-05,Tarragal House,Thompson Health Care Pty Ltd,Private for Profit,NSW,Central Coast,MM1,Metropolitan,Medium,4.0,4.0,5.0,3.0,1.0,ERINA,4.0,0.0,Steady,7,True
2026-05,Teloca House Hostel,RSL LifeCare Limited,Not for Profit,NSW,Riverina/Murray,MM5,Small rural towns,Small,4.0,4.0,5.0,1.0,4.0,NARRANDERA,4.0,0.0,Steady,10,True
2026-05,Templestowe Grove Care Community,DPG Services Pty Ltd,Private for Profit,VIC,Eastern Metro,MM1,Metropolitan,Small,,3.0,4.0,,3.0,TEMPLESTOWE,3.0,,New/First,1,True
2026-05,Templestowe Views Care Community,DPG Services Pty Ltd,Private for Profit,VIC,Eastern Metro,MM1,Metropolitan,Medium,,3.0,4.0,,3.0,TEMPLESTOWE LOWER,3.0,,New/First,1,True
2026-05,Templestowe Woodlands Care Community,DPG Services Pty Ltd,Private for Profit,VIC,Eastern Metro,MM1,Metropolitan,Small,,3.0,4.0,,3.0,TEMPLESTOWE,3.0,,New/First,1,True
2026-05,Terrace Gardens,Australian Regional and Remote Community Services Limited,Not for Profit,NT,Darwin,MM2,Regional centres,Medium,4.0,3.0,5.0,5.0,2.0,FARRAR,4.0,0.0,Steady,7,True
2026-05,Terrey Hills Nursing Home,Thompson Health Care Pty Ltd,Private for Profit,NSW,Northern Sydney,MM1,Metropolitan,Medium,4.0,5.0,5.0,3.0,3.0,TERREY HILLS,4.0,0.0,Steady,10,True
2026-05,The Alba Aged Care Suites,Australian Unity Care Services Pty Ltd,Private for Profit,VIC,Southern Metro,MM1,Metropolitan,Large,4.0,3.0,4.0,5.0,3.0,SOUTH MELBOURNE,3.0,1.0,Improved,1,True
2026-05,The Alexander Aged Care Centre,Premier Aged Care Pty Ltd,Private for Profit,VIC,Eastern Metro,MM1,Metropolitan,Medium,4.0,3.0,5.0,5.0,2.0,CLAYTON,3.0,1.0,Improved,1,True
2026-05,The Bays Aged Care Facility,APOLLO CARE OPERATIONS PTY LIMITED,Private for Profit,VIC,Southern Metro,MM1,Metropolitan,Medium,4.0,4.0,4.0,4.0,3.0,HASTINGS,4.0,0.0,Steady,3,True
2026-05,The Belmont Residential Aged Care,Western Residential Aged Care Pty Ltd,Private for Profit,VIC,Barwon-South Western,MM1,Metropolitan,Large,3.0,4.0,5.0,1.0,2.0,BELMONT,4.0,-1.0,Declined,1,True
2026-05,The Birches,Western District Health Service,Government,VIC,Barwon-South Western,MM4,Medium rural towns,Small,4.0,4.0,5.0,4.0,3.0,HAMILTON,4.0,0.0,Steady,6,True
2026-05,The Brodribb Home,Brodribb Home Incorporated,Not for Profit,QLD,Darling Downs,MM2,Regional centres,Medium,4.0,4.0,5.0,4.0,4.0,TOOWOOMBA,4.0,0.0,Steady,2,True
2026-05,The Cairns Aged Care Plus Centre at Chapel Hill,The Salvation Army (NSW) Property Trust,Not for Profit,QLD,Brisbane North,MM1,Metropolitan,Large,,3.0,,,,CHAPEL HILL,,,New/First,1,True
2026-05,The Churchill Retreat,Hahndorf Holdings Pty Ltd,Private for Profit,SA,Metropolitan East,MM1,Metropolitan,Small,3.0,2.0,5.0,4.0,3.0,KILBURN,4.0,-1.0,Declined,1,True
2026-05,The Gardens,Menarock Aged Care Services (Victoria) Pty Ltd,Private for Profit,TAS,Southern,MM2,Regional centres,Small,4.0,3.0,5.0,3.0,5.0,CLAREMONT,4.0,0.0,Steady,10,True
2026-05,The Glen Residential Care Service,Goodwin Aged Care Services Limited,Not for Profit,NSW,Southern Highlands,MM4,Medium rural towns,Medium,4.0,4.0,5.0,4.0,5.0,CATALINA,4.0,0.0,Steady,10,True
2026-05,The Good Shepherd Nursing Home,The Good Shepherd Limited,Not for Profit,QLD,Northern,MM2,Regional centres,Large,4.0,4.0,5.0,4.0,3.0,ANNANDALE,4.0,0.0,Steady,3,True
2026-05,The Greek Community Home For The Aged,The Greek Orthodox Community of New South Wales Ltd,Not for Profit,NSW,Inner West,MM1,Metropolitan,Small,4.0,5.0,5.0,2.0,5.0,EARLWOOD,5.0,-1.0,Declined,1,True
2026-05,The Heights Donvale,TLC Melbourne Pty Ltd,Private for Profit,VIC,Eastern Metro,MM1,Metropolitan,Medium,3.0,3.0,5.0,2.0,3.0,DONVALE,3.0,0.0,Steady,3,True
2026-05,The House of Saint Hilarion,Scalabrini Village Ltd,Not for Profit,SA,Metropolitan West,MM1,Metropolitan,Large,,,,,,SEATON,4.0,,New/First,1,True
2026-05,The Lakes Hostel,Grampians Health,Government,VIC,Grampians,MM5,Small rural towns,Small,5.0,4.0,5.0,5.0,4.0,EDENHOPE,4.0,1.0,Improved,1,True
2026-05,The Laura Johnson Home,The Society for the Mount Isa Memorial Garden Settlement for the Aged,Not for Profit,QLD,North West,MM6,Remote communities,Small,4.0,4.0,5.0,2.0,3.0,TOWNVIEW,4.0,0.0,Steady,21,True
2026-05,The Laura Johnson Home,The Society for the Mount Isa Memorial Garden Settlement for the Aged,Not for Profit,QLD,North West,MM6,Remote communities,Small,5.0,4.0,5.0,5.0,4.0,TOWNVIEW,4.0,1.0,Improved,1,True
2026-05,The Little Sisters of the Poor Mount St Joseph's Home,Little Sisters of the Poor Aged Care Ltd,Not for Profit,NSW,South East Sydney,MM1,Metropolitan,Small,4.0,4.0,4.0,2.0,4.0,RANDWICK,4.0,0.0,Steady,2,True
2026-05,The Manor Nursing Home,OneCare Limited,Not for Profit,TAS,Northern,MM2,Regional centres,Medium,3.0,4.0,5.0,1.0,3.0,KINGS MEADOWS,4.0,-1.0,Declined,1,True
2026-05,The Maronite Sisters Of The Holy Family Village,THE MARONITE SISTERS OF THE HOLY FAMILY VILLAGE,Not for Profit,NSW,Inner West,MM1,Metropolitan,Medium,4.0,3.0,5.0,3.0,5.0,MARRICKVILLE,4.0,0.0,Steady,12,True
2026-05,The Melvista,Oryx Communities Melvista Pty Ltd,Private for Profit,WA,Metropolitan North,MM1,Metropolitan,Small,,4.0,,5.0,4.0,NEDLANDS,,,New/First,1,True
2026-05,The Oaks Aged Care Facility,Goel Nominees Pty Ltd,Private for Profit,SA,South East,MM3,Large rural towns,Small,3.0,3.0,4.0,2.0,2.0,YAHL,3.0,0.0,Steady,10,True
2026-05,The Oaks Nursing Home-Gisborne,Anglican Aged Care Services Group,Not for Profit,VIC,Loddon-Mallee,MM3,Large rural towns,Medium,4.0,4.0,5.0,5.0,3.0,GISBORNE,4.0,0.0,Steady,11,True
2026-05,The Oaks Residential Aged Care Facility,Darling Downs Hospital and Health Service,Government,QLD,Darling Downs,MM4,Medium rural towns,Small,,,,,,WARWICK,,,New/First,1,True
2026-05,The Palms Nursing Home,Aspic Holdings Pty Ltd,Private for Profit,NSW,South East Sydney,MM1,Metropolitan,Small,3.0,4.0,4.0,3.0,2.0,KIRRAWEE,4.0,-1.0,Declined,1,True
2026-05,The Philip Kennedy Centre Residential Care,Southern Cross Care (SA NT & VIC) Incorporated,Not for Profit,SA,Metropolitan West,MM1,Metropolitan,Large,3.0,3.0,5.0,2.0,3.0,LARGS BAY,3.0,0.0,Steady,2,True
2026-05,The Pines Lodge Residential Care,Southern Cross Care (SA NT & VIC) Incorporated,Not for Profit,SA,Metropolitan West,MM1,Metropolitan,Large,3.0,3.0,5.0,1.0,3.0,NORTH PLYMPTON,3.0,0.0,Steady,4,True
2026-05,The Pioneers Lodge,The Pioneers Lodge Limited,Private for Profit,NSW,Riverina/Murray,MM3,Large rural towns,Medium,4.0,4.0,5.0,2.0,3.0,GRIFFITH,4.0,0.0,Steady,5,True
2026-05,The Plains,Bethany Christian Care,Not for Profit,QLD,Brisbane South,MM1,Metropolitan,Large,4.0,4.0,5.0,4.0,4.0,EIGHT MILE PLAINS,4.0,0.0,Steady,3,True
2026-05,The Queen Victoria Home,Queen Victoria Home Inc,Not for Profit,TAS,Southern,MM2,Regional centres,Large,4.0,4.0,5.0,2.0,3.0,LINDISFARNE,4.0,0.0,Steady,11,True
2026-05,The Queenslea,Oryx Communities AP Pty Ltd,Private for Profit,WA,Metropolitan North,MM1,Metropolitan,Large,3.0,3.0,5.0,3.0,2.0,CLAREMONT,3.0,0.0,Steady,4,True
2026-05,The Richardson West Perth,Oryx Communities AP Pty Ltd,Private for Profit,WA,Metropolitan East,MM1,Metropolitan,Medium,4.0,3.0,5.0,4.0,3.0,WEST PERTH,4.0,0.0,Steady,5,True
2026-05,The Royce Manor,The Royce Aged Care Pty Ltd,Private for Profit,NSW,Nepean,MM1,Metropolitan,Large,3.0,3.0,4.0,3.0,4.0,PENRITH,4.0,-1.0,Declined,1,True
2026-05,The Shoreline,Park Beach Residence Pty Limited,Private for Profit,NSW,Mid North Coast,MM3,Large rural towns,Large,4.0,4.0,5.0,3.0,5.0,COFFS HARBOUR,4.0,0.0,Steady,3,True
2026-05,The Sydney-Lynne Quayle & Fitzroy Lodge Hostels,Heywood Rural Health,Government,VIC,Barwon-South Western,MM5,Small rural towns,Small,4.0,4.0,5.0,5.0,1.0,HEYWOOD,4.0,0.0,Steady,13,True
2026-05,The Views at Heidelberg,Anglican Aged Care Services Group,Not for Profit,VIC,Northern Metro,MM1,Metropolitan,Large,3.0,3.0,4.0,3.0,4.0,HEIDELBERG,3.0,0.0,Steady,2,True
2026-05,The Village by Scalabrini,Scalabrini Village Ltd,Not for Profit,NSW,Inner West,MM1,Metropolitan,Large,3.0,3.0,5.0,2.0,3.0,DRUMMOYNE,4.0,-1.0,Declined,1,True
2026-05,The Willochra Home,BARUNGA VILLAGE INC,Not for Profit,SA,Mid North,MM5,Small rural towns,Small,,3.0,,4.0,2.0,CRYSTAL BROOK,,,New/First,1,True
2026-05,The Willows Private Nursing Home Pty Ltd,The Willows Private Nursing Home Pty Ltd,Private for Profit,NSW,Inner West,MM1,Metropolitan,Small,4.0,4.0,5.0,3.0,4.0,ASHFIELD,4.0,0.0,Steady,12,True
2026-05,Thomas Eccles Gardens,RSL LifeCare Limited,Not for Profit,NSW,Southern Highlands,MM4,Medium rural towns,Medium,4.0,4.0,5.0,5.0,2.0,YASS,4.0,0.0,Steady,9,True
2026-05,Thomas and Rosetta Agst Aged Care Facility,United Protestant Association of NSW Limited,Not for Profit,NSW,Northern Sydney,MM1,Metropolitan,Small,4.0,4.0,5.0,5.0,2.0,WAHROONGA,4.0,0.0,Steady,12,True
2026-05,Three Tree Lodge,Three Tree Lodge Lithgow Limited,Not for Profit,NSW,Central West,MM4,Medium rural towns,Medium,4.0,3.0,5.0,4.0,3.0,BOWENFELS,3.0,1.0,Improved,1,True
2026-05,Timbrebongie House,Timbrebongie House Limited,Not for Profit,NSW,Orana Far West,MM5,Small rural towns,Small,5.0,5.0,4.0,5.0,4.0,NARROMINE,4.0,1.0,Improved,1,True
2026-05,Tingira Hills Care Community,DPG Services Pty Ltd,Private for Profit,NSW,Hunter,MM1,Metropolitan,Large,,4.0,5.0,,2.0,MOUNT HUTTON,4.0,,New/First,1,True
2026-05,Tocumwal Lions Community Hostel,Tocumwal Lions Community Hostel Limited,Not for Profit,NSW,Riverina/Murray,MM5,Small rural towns,Small,5.0,5.0,5.0,5.0,3.0,TOCUMWAL,,,New/First,1,True
2026-05,Tongala Memorial,Respect Group Limited,Not for Profit,VIC,Loddon-Mallee,MM5,Small rural towns,Small,4.0,4.0,5.0,5.0,2.0,TONGALA,4.0,0.0,Steady,2,True
2026-05,Toongabbie Terrace Care Community,DPG Services Pty Ltd,Private for Profit,NSW,Western Sydney,MM1,Metropolitan,Large,,4.0,5.0,,4.0,TOONGABBIE,4.0,,New/First,1,True
2026-05,Toosey Aged and Community Care,Toosey,Not for Profit,TAS,Northern,MM2,Regional centres,Small,4.0,4.0,5.0,5.0,3.0,LONGFORD,4.0,0.0,Steady,4,True
2026-05,Torbay,Torbay Lifestyles and Care Limited,Not for Profit,QLD,Wide Bay,MM2,Regional centres,Large,4.0,4.0,5.0,5.0,2.0,TORQUAY,3.0,1.0,Improved,1,True
2026-05,Torrens Valley Aged Care,Barossa Hills Fleurieu Local Health Network Incorporated,Government,SA,"Hills, Mallee & Southern",MM2,Regional centres,Small,3.0,2.0,3.0,5.0,3.0,GUMERACHA,3.0,0.0,Steady,4,True
2026-05,Touriandi Limited,Touriandi Limited,Not for Profit,NSW,New England,MM5,Small rural towns,Small,,4.0,5.0,,2.0,BINGARA,4.0,,New/First,1,True
2026-05,Traralgon Aged Care,Aged Care Group Pty Ltd,Private for Profit,VIC,Gippsland,MM3,Large rural towns,Small,3.0,4.0,5.0,1.0,1.0,TRARALGON,4.0,-1.0,Declined,1,True
2026-05,Treeby Parklands Care Community,DPG Services Pty Ltd,Private for Profit,WA,Metropolitan South West,MM1,Metropolitan,Large,,3.0,4.0,,3.0,TREEBY,3.0,,New/First,1,True
2026-05,Trentham Hostel,Central Highlands Rural Health,Government,VIC,Grampians,MM5,Small rural towns,Small,4.0,4.0,4.0,5.0,5.0,TRENTHAM,4.0,0.0,Steady,6,True
2026-05,Trentham Nursing Home,Central Highlands Rural Health,Government,VIC,Grampians,MM5,Small rural towns,Small,4.0,4.0,4.0,4.0,3.0,TRENTHAM,4.0,0.0,Steady,6,True
2026-05,TriCare Annerley Aged Care Residence,TriCare Aged Care Pty Ltd,Private for Profit,QLD,Brisbane South,MM1,Metropolitan,Small,,,,,,ANNERLEY,,,New/First,1,True
2026-05,TriCare Ashgrove Aged Care Residence,TriCare Aged Care Pty Ltd,Private for Profit,QLD,Brisbane North,MM1,Metropolitan,Large,,,,,,ASHGROVE,,,New/First,1,True
2026-05,TriCare Bayview Place Aged Care Residence,TriCare Aged Care Pty Ltd,Private for Profit,QLD,South Coast,MM1,Metropolitan,Medium,,4.0,,,,RUNAWAY BAY,,,New/First,1,True
2026-05,TriCare Bundaberg Aged Care Residence,TriCare Aged Care Pty Ltd,Private for Profit,QLD,Wide Bay,MM2,Regional centres,Medium,,4.0,,,,KEPNOCK,,,New/First,1,True
2026-05,TriCare Cypress Gardens Aged Care Residence,TriCare Aged Care Pty Ltd,Private for Profit,QLD,South Coast,MM1,Metropolitan,Large,,,,,,CLEAR ISLAND WATERS,,,New/First,1,True
2026-05,TriCare Jindalee Aged Care Residence,TriCare Aged Care Pty Ltd,Private for Profit,QLD,Brisbane South,MM1,Metropolitan,Medium,,,,,,MT OMMANEY,,,New/First,1,True
2026-05,TriCare Kawana Waters Aged Care Residence,TriCare Aged Care Pty Ltd,Private for Profit,QLD,Sunshine Coast,MM1,Metropolitan,Large,3.0,4.0,4.0,2.0,3.0,WARANA,3.0,0.0,Steady,6,True
2026-05,TriCare Labrador Aged Care Residence,TriCare Aged Care Pty Ltd,Private for Profit,QLD,South Coast,MM1,Metropolitan,Medium,,4.0,,,,BIGGERA WATERS,,,New/First,1,True
2026-05,TriCare Mermaid Beach Aged Care Residence,TriCare Aged Care Pty Ltd,Private for Profit,QLD,South Coast,MM1,Metropolitan,Medium,,,,,,MERMAID BEACH,,,New/First,1,True
2026-05,TriCare Mt Gravatt Aged Care Residence,TriCare Aged Care Pty Ltd,Private for Profit,QLD,Brisbane South,MM1,Metropolitan,Large,,,,,,UPPER MOUNT GRAVATT,,,New/First,1,True
2026-05,TriCare Pimpama Aged Care Residence,TriCare Aged Care Pty Ltd,Private for Profit,QLD,South Coast,MM1,Metropolitan,Medium,,,,,,PIMPAMA,,,New/First,1,True
2026-05,TriCare Pt Vernon Aged Care Residence,TriCare Aged Care Pty Ltd,Private for Profit,QLD,Wide Bay,MM2,Regional centres,Small,,3.0,,,,POINT VERNON,,,New/First,1,True
2026-05,TriCare Stafford Lakes Aged Care Residence,TriCare Aged Care Pty Ltd,Private for Profit,QLD,Brisbane North,MM1,Metropolitan,Large,,4.0,,,,CHERMSIDE WEST,,,New/First,1,True
2026-05,TriCare Sunnybank Hills Aged Care Residence,TriCare Aged Care Pty Ltd,Private for Profit,QLD,Brisbane South,MM1,Metropolitan,Medium,,,,,,SUNNYBANK HILLS,,,New/First,1,True
2026-05,TriCare Toowoomba Aged Care Residence,TriCare Aged Care Pty Ltd,Private for Profit,QLD,Darling Downs,MM2,Regional centres,Small,,3.0,,,,MT LOFTY,,,New/First,1,True
2026-05,TriCare Upper Mt Gravatt Aged Care Residence,TriCare Aged Care Pty Ltd,Private for Profit,QLD,Brisbane South,MM1,Metropolitan,Medium,,,,,,MOUNT GRAVATT,,,New/First,1,True
2026-05,TriCare Williams Landing Aged Care Residence,TriCare Aged Care Pty Ltd,Private for Profit,VIC,Western Metro,MM1,Metropolitan,Large,,,,,,WILLIAMS LANDING,,,New/First,1,True
2026-05,Trinity Manor,Trinity Care Pty Ltd,Private for Profit,VIC,Eastern Metro,MM1,Metropolitan,Medium,4.0,3.0,5.0,4.0,3.0,BALWYN,4.0,0.0,Steady,3,True
2026-05,Trinity Manor Greensborough,Trinity Care Pty Ltd,Private for Profit,VIC,Northern Metro,MM1,Metropolitan,Medium,4.0,3.0,5.0,3.0,3.0,GREENSBOROUGH,4.0,0.0,Steady,13,True
2026-05,Trinity Village,Catholic Homes Incorporated,Not for Profit,WA,Metropolitan North,MM1,Metropolitan,Small,3.0,3.0,5.0,3.0,2.0,DUNCRAIG,4.0,-1.0,Declined,1,True
2026-05,Tuia Lodge,Fresh Fields Aged Care Pty Ltd,Private for Profit,WA,South West,MM5,Small rural towns,Small,3.0,3.0,4.0,3.0,4.0,DONNYBROOK,3.0,0.0,Steady,3,True
2026-05,Tully & District Nursing Home,Tully Nursing Home Inc,Not for Profit,QLD,Far North,MM5,Small rural towns,Medium,4.0,4.0,5.0,2.0,3.0,TULLY,4.0,0.0,Steady,2,True
2026-05,Tuohy Nursing Home,Fresh Fields Aged Care Pty Ltd,Private for Profit,WA,Metropolitan East,MM1,Metropolitan,Small,4.0,3.0,5.0,2.0,4.0,MIDLAND,4.0,0.0,Steady,9,True
2026-05,Turramurra House Nursing Home,Thompson Health Care Pty Ltd,Private for Profit,NSW,Northern Sydney,MM1,Metropolitan,Small,4.0,4.0,5.0,3.0,4.0,NORTH TURRAMURRA,4.0,0.0,Steady,3,True
2026-05,Tweed River Care Community,DPG Services Pty Ltd,Private for Profit,NSW,Far North Coast,MM1,Metropolitan,Large,,3.0,5.0,,3.0,TWEED HEADS,4.0,,New/First,1,True
2026-05,Tweed Valley Care Community,DPG Services Pty Ltd,Private for Profit,NSW,Far North Coast,MM1,Metropolitan,Large,,5.0,5.0,,3.0,TWEED HEADS WEST,4.0,,New/First,1,True
2026-05,Twilight Grace Gardens,Twilight House,Not for Profit,NSW,Western Sydney,MM1,Metropolitan,Small,3.0,3.0,5.0,2.0,3.0,DURAL,4.0,-1.0,Declined,1,True
2026-05,Tyler Village,Respect Group Limited,Not for Profit,TAS,Northern,MM2,Regional centres,Medium,4.0,4.0,5.0,2.0,3.0,PROSPECT VALE,4.0,0.0,Steady,2,True
2026-05,Umina Park Home For The Aged,OneCare Limited,Not for Profit,TAS,North Western,MM3,Large rural towns,Large,5.0,4.0,5.0,5.0,4.0,BURNIE,4.0,1.0,Improved,1,True
2026-05,Uniting Abrina Ashfield,The Uniting Church in Australia Property Trust (NSW),Not for Profit,NSW,Inner West,MM1,Metropolitan,Medium,4.0,4.0,5.0,3.0,5.0,ASHFIELD,4.0,0.0,Steady,13,True
2026-05,Uniting AgeWell Aldersgate,Uniting Agewell Limited,Not for Profit,TAS,Northern,MM2,Regional centres,Small,4.0,3.0,5.0,3.0,5.0,KINGS MEADOWS,4.0,0.0,Steady,2,True
2026-05,Uniting AgeWell Aldersgate Village,Uniting Agewell Limited,Not for Profit,TAS,Northern,MM2,Regional centres,Medium,4.0,5.0,5.0,3.0,4.0,NEWNHAM,4.0,0.0,Steady,7,True
2026-05,Uniting AgeWell Andrew Kerr Care,Uniting Agewell Limited,Not for Profit,VIC,Southern Metro,MM1,Metropolitan,Large,4.0,4.0,5.0,3.0,3.0,MORNINGTON,4.0,0.0,Steady,8,True
2026-05,Uniting AgeWell Box Hill,Uniting Agewell Limited,Not for Profit,VIC,Eastern Metro,MM1,Metropolitan,Large,4.0,3.0,5.0,3.0,5.0,BOX HILL,4.0,0.0,Steady,6,True
2026-05,Uniting AgeWell Condare Court,Uniting Agewell Limited,Not for Profit,VIC,Eastern Metro,MM1,Metropolitan,Small,4.0,4.0,5.0,3.0,5.0,CAMBERWELL,4.0,0.0,Steady,7,True
2026-05,Uniting AgeWell Hawthorn Community,Uniting Agewell Limited,Not for Profit,VIC,Eastern Metro,MM1,Metropolitan,Large,4.0,3.0,5.0,3.0,3.0,HAWTHORN,3.0,1.0,Improved,1,True
2026-05,Uniting AgeWell Kalkee Murray,Uniting Agewell Limited,Not for Profit,VIC,Barwon-South Western,MM1,Metropolitan,Small,4.0,4.0,5.0,3.0,5.0,BELMONT,4.0,0.0,Steady,13,True
2026-05,Uniting AgeWell Kalkee Nangatta,Uniting Agewell Limited,Not for Profit,VIC,Barwon-South Western,MM1,Metropolitan,Small,4.0,4.0,5.0,3.0,3.0,BELMONT,4.0,0.0,Steady,7,True
2026-05,Uniting AgeWell Kingsville,Uniting Agewell Limited,Not for Profit,VIC,Western Metro,MM1,Metropolitan,Medium,4.0,4.0,5.0,3.0,4.0,KINGSVILLE,4.0,0.0,Steady,8,True
2026-05,Uniting AgeWell Latvian Community,Uniting Agewell Limited,Not for Profit,VIC,Eastern Metro,MM1,Metropolitan,Small,,4.0,,4.0,4.0,WANTIRNA SOUTH,,,New/First,1,True
2026-05,Uniting AgeWell Lillian Martin,Uniting Agewell Limited,Not for Profit,TAS,Southern,MM2,Regional centres,Medium,4.0,3.0,5.0,3.0,3.0,WARRANE,4.0,0.0,Steady,7,True
2026-05,Uniting AgeWell Manor Lakes,Uniting Agewell Limited,Not for Profit,VIC,Western Metro,MM1,Metropolitan,Small,4.0,4.0,5.0,3.0,5.0,WYNDHAM VALE,4.0,0.0,Steady,7,True
2026-05,Uniting AgeWell Ningana,Uniting Agewell Limited,Not for Profit,TAS,Southern,MM2,Regional centres,Medium,4.0,4.0,5.0,4.0,4.0,SORELL,4.0,0.0,Steady,9,True
2026-05,Uniting AgeWell Noble Park,Uniting Agewell Limited,Not for Profit,VIC,Southern Metro,MM1,Metropolitan,Medium,4.0,4.0,5.0,3.0,4.0,NOBLE PARK,4.0,0.0,Steady,8,True
2026-05,Uniting AgeWell Preston,Uniting Agewell Limited,Not for Profit,VIC,Northern Metro,MM1,Metropolitan,Medium,4.0,4.0,5.0,3.0,3.0,PRESTON,4.0,0.0,Steady,13,True
2026-05,Uniting AgeWell Queenborough Rise,Uniting Agewell Limited,Not for Profit,TAS,Southern,MM2,Regional centres,Small,4.0,3.0,5.0,3.0,5.0,SANDY BAY,4.0,0.0,Steady,4,True
2026-05,Uniting AgeWell Strath-Haven,Uniting Agewell Limited,Not for Profit,VIC,Loddon-Mallee,MM2,Regional centres,Large,4.0,3.0,5.0,3.0,4.0,BENDIGO,4.0,0.0,Steady,11,True
2026-05,Uniting AgeWell Strathaven,Uniting Agewell Limited,Not for Profit,TAS,Southern,MM2,Regional centres,Large,4.0,4.0,5.0,3.0,4.0,ROSETTA,4.0,0.0,Steady,10,True
2026-05,Uniting AgeWell Strathdevon,Uniting Agewell Limited,Not for Profit,TAS,North Western,MM3,Large rural towns,Medium,4.0,4.0,5.0,3.0,4.0,LATROBE,4.0,0.0,Steady,7,True
2026-05,Uniting AgeWell Strathdon Community,Uniting Agewell Limited,Not for Profit,VIC,Eastern Metro,MM1,Metropolitan,Medium,4.0,3.0,5.0,3.0,4.0,FOREST HILL,4.0,0.0,Steady,3,True
2026-05,Uniting AgeWell Strathglen,Uniting Agewell Limited,Not for Profit,TAS,Southern,MM2,Regional centres,Small,4.0,3.0,5.0,3.0,3.0,BERRIEDALE,4.0,0.0,Steady,10,True
2026-05,Uniting Alblas Lodge Tamworth,The Uniting Church in Australia Property Trust (NSW),Not for Profit,NSW,New England,MM3,Large rural towns,Small,3.0,2.0,5.0,3.0,3.0,TAMWORTH,3.0,0.0,Steady,3,True
2026-05,Uniting Aldersgate Lilyfield,The Uniting Church in Australia Property Trust (NSW),Not for Profit,NSW,Inner West,MM1,Metropolitan,Medium,4.0,4.0,5.0,3.0,3.0,LILYFIELD,3.0,1.0,Improved,1,True
2026-05,Uniting Amala Gordon ACT,The Uniting Church in Australia Property Trust (NSW),Not for Profit,ACT,ACT,MM1,Metropolitan,Large,4.0,4.0,5.0,3.0,3.0,GORDON,4.0,0.0,Steady,3,True
2026-05,Uniting Annesley Haberfield,The Uniting Church in Australia Property Trust (NSW),Not for Profit,NSW,Inner West,MM1,Metropolitan,Medium,4.0,3.0,5.0,3.0,4.0,HABERFIELD,4.0,0.0,Steady,8,True
2026-05,Uniting Arrunga Ermington,The Uniting Church in Australia Property Trust (NSW),Not for Profit,NSW,Western Sydney,MM1,Metropolitan,Large,4.0,4.0,5.0,3.0,3.0,ERMINGTON,4.0,0.0,Steady,4,True
2026-05,Uniting Autumn Lodge Butler Street,The Uniting Church in Australia Property Trust (NSW),Not for Profit,NSW,New England,MM3,Large rural towns,Medium,4.0,3.0,5.0,3.0,4.0,ARMIDALE,4.0,0.0,Steady,2,True
2026-05,Uniting Autumn Lodge Glass Street,The Uniting Church in Australia Property Trust (NSW),Not for Profit,NSW,New England,MM3,Large rural towns,Small,4.0,4.0,5.0,3.0,2.0,ARMIDALE,4.0,0.0,Steady,3,True
2026-05,Uniting Banks Lodge Peakhurst,The Uniting Church in Australia Property Trust (NSW),Not for Profit,NSW,South East Sydney,MM1,Metropolitan,Large,3.0,3.0,5.0,3.0,2.0,PEAKHURST,3.0,0.0,Steady,3,True
2026-05,Uniting Bankstown,The Uniting Church in Australia Property Trust (NSW),Not for Profit,NSW,South West Sydney,MM1,Metropolitan,Medium,4.0,4.0,5.0,2.0,3.0,BANKSTOWN,4.0,0.0,Steady,7,True
2026-05,Uniting Bernard Austin Lodge Liverpool,The Uniting Church in Australia Property Trust (NSW),Not for Profit,NSW,South West Sydney,MM1,Metropolitan,Small,4.0,4.0,5.0,3.0,3.0,LIVERPOOL,4.0,0.0,Steady,4,True
2026-05,Uniting Berrigan,The Uniting Church in Australia Property Trust (NSW),Not for Profit,NSW,Riverina/Murray,MM5,Small rural towns,Small,4.0,4.0,4.0,4.0,3.0,BERRIGAN,4.0,0.0,Steady,6,True
2026-05,Uniting Berry,The Uniting Church in Australia Property Trust (NSW),Not for Profit,NSW,Illawarra,MM3,Large rural towns,Large,3.0,3.0,4.0,3.0,3.0,BERRY,3.0,0.0,Steady,5,True
2026-05,Uniting Bowden Brae Normanhurst,The Uniting Church in Australia Property Trust (NSW),Not for Profit,NSW,Northern Sydney,MM1,Metropolitan,Medium,4.0,4.0,5.0,2.0,2.0,NORMANHURST,4.0,0.0,Steady,3,True
2026-05,Uniting Bruce Sharpe Rockdale,The Uniting Church in Australia Property Trust (NSW),Not for Profit,NSW,South East Sydney,MM1,Metropolitan,Small,4.0,4.0,5.0,3.0,5.0,ROCKDALE,4.0,0.0,Steady,7,True
2026-05,Uniting Caroona Jarman Goonellabah,The Uniting Church in Australia Property Trust (NSW),Not for Profit,NSW,Far North Coast,MM3,Large rural towns,Medium,4.0,3.0,5.0,4.0,2.0,GOONELLABAH,4.0,0.0,Steady,2,True
2026-05,Uniting Caroona Kalina Goonellabah,The Uniting Church in Australia Property Trust (NSW),Not for Profit,NSW,Far North Coast,MM3,Large rural towns,Medium,4.0,4.0,5.0,4.0,2.0,GOONELLABAH,4.0,0.0,Steady,4,True
2026-05,Uniting Caroona Marima Goonellabah,The Uniting Church in Australia Property Trust (NSW),Not for Profit,NSW,Far North Coast,MM3,Large rural towns,Medium,4.0,3.0,5.0,3.0,3.0,GOONELLABAH,4.0,0.0,Steady,4,True
2026-05,Uniting Caroona Yamba,The Uniting Church in Australia Property Trust (NSW),Not for Profit,NSW,Far North Coast,MM4,Medium rural towns,Medium,4.0,4.0,5.0,4.0,3.0,YAMBA,4.0,0.0,Steady,12,True
2026-05,Uniting Crookwell,The Uniting Church in Australia Property Trust (NSW),Not for Profit,NSW,Southern Highlands,MM5,Small rural towns,Small,4.0,4.0,5.0,4.0,2.0,CROOKWELL,4.0,0.0,Steady,2,True
2026-05,Uniting Eabrai Weston ACT,The Uniting Church in Australia Property Trust (NSW),Not for Profit,ACT,ACT,MM1,Metropolitan,Small,4.0,4.0,5.0,5.0,3.0,WESTON,4.0,0.0,Steady,11,True
2026-05,Uniting Eden,The Uniting Church in Australia Property Trust (NSW),Not for Profit,NSW,Southern Highlands,MM5,Small rural towns,Medium,4.0,4.0,5.0,3.0,2.0,EDEN,4.0,0.0,Steady,4,True
2026-05,Uniting Edinglassie Emu Plains,The Uniting Church in Australia Property Trust (NSW),Not for Profit,NSW,Nepean,MM1,Metropolitan,Medium,4.0,4.0,5.0,3.0,3.0,EMU PLAINS,4.0,0.0,Steady,3,True
2026-05,Uniting Edinglassie Lodge Penrith,The Uniting Church in Australia Property Trust (NSW),Not for Profit,NSW,Nepean,MM1,Metropolitan,Medium,4.0,3.0,5.0,3.0,3.0,PENRITH,4.0,0.0,Steady,2,True
2026-05,Uniting Elanora Shellharbour,The Uniting Church in Australia Property Trust (NSW),Not for Profit,NSW,Illawarra,MM1,Metropolitan,Medium,4.0,4.0,5.0,3.0,2.0,SHELLHARBOUR CITY CENTRE,4.0,0.0,Steady,4,True
2026-05,Uniting Elizabeth Gates and Alroy House Singleton,The Uniting Church in Australia Property Trust (NSW),Not for Profit,NSW,Hunter,MM4,Medium rural towns,Medium,4.0,3.0,5.0,3.0,4.0,SINGLETON HEIGHTS,4.0,0.0,Steady,11,True
2026-05,Uniting Farmborough Unanderra,The Uniting Church in Australia Property Trust (NSW),Not for Profit,NSW,Illawarra,MM1,Metropolitan,Large,4.0,4.0,5.0,3.0,3.0,UNANDERRA,4.0,0.0,Steady,4,True
2026-05,Uniting Garden Suburb,The Uniting Church in Australia Property Trust (NSW),Not for Profit,NSW,Hunter,MM1,Metropolitan,Medium,4.0,4.0,5.0,3.0,1.0,GARDEN SUBURB,4.0,0.0,Steady,12,True
2026-05,Uniting Gerringong,The Uniting Church in Australia Property Trust (NSW),Not for Profit,NSW,Illawarra,MM2,Regional centres,Large,4.0,4.0,5.0,3.0,2.0,GERRINGONG,4.0,0.0,Steady,7,True
2026-05,Uniting Griffith,The Uniting Church in Australia Property Trust (NSW),Not for Profit,NSW,Riverina/Murray,MM3,Large rural towns,Medium,4.0,4.0,5.0,5.0,3.0,GRIFFITH,4.0,0.0,Steady,5,True
2026-05,Uniting Hawkesbury Richmond,The Uniting Church in Australia Property Trust (NSW),Not for Profit,NSW,Nepean,MM1,Metropolitan,Large,4.0,3.0,5.0,3.0,3.0,RICHMOND,4.0,0.0,Steady,2,True
2026-05,Uniting Illowra Waverley,The Uniting Church in Australia Property Trust (NSW),Not for Profit,NSW,South East Sydney,MM1,Metropolitan,Small,4.0,4.0,5.0,4.0,4.0,WAVERLEY,4.0,0.0,Steady,11,True
2026-05,Uniting Irwin Hall Mayfield,The Uniting Church in Australia Property Trust (NSW),Not for Profit,NSW,Hunter,MM1,Metropolitan,Small,4.0,5.0,5.0,2.0,3.0,MAYFIELD,4.0,0.0,Steady,9,True
2026-05,Uniting Kamilaroi Lane Cove,The Uniting Church in Australia Property Trust (NSW),Not for Profit,NSW,Northern Sydney,MM1,Metropolitan,Medium,4.0,4.0,5.0,2.0,3.0,LANE COVE,4.0,0.0,Steady,8,True
2026-05,Uniting Kari Court St Ives,The Uniting Church in Australia Property Trust (NSW),Not for Profit,NSW,Northern Sydney,MM1,Metropolitan,Small,4.0,3.0,5.0,3.0,3.0,ST IVES,3.0,1.0,Improved,1,True
2026-05,Uniting Kingscliff,The Uniting Church in Australia Property Trust (NSW),Not for Profit,NSW,Far North Coast,MM1,Metropolitan,Medium,4.0,3.0,5.0,4.0,2.0,KINGSCLIFF,4.0,0.0,Steady,9,True
2026-05,Uniting Koombahla Elermore Vale,The Uniting Church in Australia Property Trust (NSW),Not for Profit,NSW,Hunter,MM1,Metropolitan,Large,4.0,4.0,5.0,3.0,3.0,ELERMORE VALE,4.0,0.0,Steady,5,True
2026-05,Uniting Lillian Wells North Parramatta,The Uniting Church in Australia Property Trust (NSW),Not for Profit,NSW,Western Sydney,MM1,Metropolitan,Medium,4.0,4.0,5.0,3.0,3.0,PARRAMATTA,4.0,0.0,Steady,4,True
2026-05,Uniting Lindsay Gardens Hamilton,The Uniting Church in Australia Property Trust (NSW),Not for Profit,NSW,Hunter,MM1,Metropolitan,Medium,4.0,4.0,5.0,3.0,3.0,HAMILTON,4.0,0.0,Steady,8,True
2026-05,Uniting Locke Haven Petersham,The Uniting Church in Australia Property Trust (NSW),Not for Profit,NSW,Inner West,MM1,Metropolitan,Small,4.0,4.0,5.0,3.0,5.0,PETERSHAM,4.0,0.0,Steady,10,True
2026-05,Uniting McKay House Tamworth,The Uniting Church in Australia Property Trust (NSW),Not for Profit,NSW,New England,MM3,Large rural towns,Small,4.0,3.0,5.0,5.0,3.0,TAMWORTH,4.0,0.0,Steady,12,True
2026-05,Uniting Mingaletta Port Macquarie,The Uniting Church in Australia Property Trust (NSW),Not for Profit,NSW,Mid North Coast,MM3,Large rural towns,Medium,4.0,3.0,5.0,4.0,1.0,PORT MACQUARIE,3.0,1.0,Improved,1,True
2026-05,Uniting Mirinjani Weston ACT,The Uniting Church in Australia Property Trust (NSW),Not for Profit,ACT,ACT,MM1,Metropolitan,Medium,4.0,2.0,5.0,3.0,5.0,WESTON,4.0,0.0,Steady,2,True
2026-05,Uniting Mirinjani Weston ACT,The Uniting Church in Australia Property Trust (NSW),Not for Profit,ACT,ACT,MM1,Metropolitan,Large,4.0,4.0,5.0,5.0,3.0,WESTON,4.0,0.0,Steady,3,True
2026-05,Uniting Mullauna Blacktown,The Uniting Church in Australia Property Trust (NSW),Not for Profit,NSW,Western Sydney,MM1,Metropolitan,Medium,4.0,3.0,5.0,3.0,3.0,BLACKTOWN,4.0,0.0,Steady,10,True
2026-05,Uniting Nareen Gardens Bateau Bay,The Uniting Church in Australia Property Trust (NSW),Not for Profit,NSW,Central Coast,MM1,Metropolitan,Large,4.0,4.0,5.0,2.0,3.0,BATEAU BAY,4.0,0.0,Steady,12,True
2026-05,Uniting Nareen Gardens Lodge Bateau Bay,The Uniting Church in Australia Property Trust (NSW),Not for Profit,NSW,Central Coast,MM1,Metropolitan,Small,4.0,5.0,5.0,3.0,2.0,BATEAU BAY,5.0,-1.0,Declined,1,True
2026-05,Uniting Narla Belmont North,The Uniting Church in Australia Property Trust (NSW),Not for Profit,NSW,Hunter,MM1,Metropolitan,Medium,4.0,4.0,5.0,2.0,3.0,BELMONT NORTH,4.0,0.0,Steady,10,True
2026-05,Uniting Northaven Turramurra,The Uniting Church in Australia Property Trust (NSW),Not for Profit,NSW,Northern Sydney,MM1,Metropolitan,Medium,4.0,3.0,5.0,3.0,4.0,TURRAMURRA,4.0,0.0,Steady,9,True
2026-05,Uniting Nunyara Peakhurst,The Uniting Church in Australia Property Trust (NSW),Not for Profit,NSW,South East Sydney,MM1,Metropolitan,Medium,4.0,4.0,5.0,3.0,3.0,PEAKHURST,4.0,0.0,Steady,9,True
2026-05,Uniting Osborne Nowra,The Uniting Church in Australia Property Trust (NSW),Not for Profit,NSW,Illawarra,MM3,Large rural towns,Large,4.0,4.0,5.0,3.0,3.0,NOWRA,4.0,0.0,Steady,2,True
2026-05,Uniting Pacifica Nambucca Heads,The Uniting Church in Australia Property Trust (NSW),Not for Profit,NSW,Mid North Coast,MM4,Medium rural towns,Medium,4.0,3.0,5.0,4.0,3.0,NAMBUCCA HEADS,4.0,0.0,Steady,10,True
2026-05,Uniting Quong Tart Ashfield,The Uniting Church in Australia Property Trust (NSW),Not for Profit,NSW,Inner West,MM1,Metropolitan,Medium,4.0,3.0,5.0,3.0,5.0,ASHFIELD,4.0,0.0,Steady,13,True
2026-05,Uniting Roberts Lodge Peakhurst,The Uniting Church in Australia Property Trust (NSW),Not for Profit,NSW,South East Sydney,MM1,Metropolitan,Small,4.0,4.0,5.0,3.0,3.0,PEAKHURST,4.0,0.0,Steady,8,True
2026-05,Uniting Ronald Coleman Lodge Woollahra,The Uniting Church in Australia Property Trust (NSW),Not for Profit,NSW,South East Sydney,MM1,Metropolitan,Small,4.0,4.0,5.0,3.0,5.0,WOOLLAHRA,4.0,0.0,Steady,9,True
2026-05,Uniting Salamander Bay,The Uniting Church in Australia Property Trust (NSW),Not for Profit,NSW,Hunter,MM4,Medium rural towns,Small,4.0,4.0,5.0,4.0,2.0,SALAMANDER BAY,4.0,0.0,Steady,9,True
2026-05,Uniting Springwood,The Uniting Church in Australia Property Trust (NSW),Not for Profit,NSW,Nepean,MM1,Metropolitan,Large,4.0,3.0,5.0,3.0,3.0,SPRINGWOOD,3.0,1.0,Improved,1,True
2026-05,Uniting St Columba's Lane Cove,The Uniting Church in Australia Property Trust (NSW),Not for Profit,NSW,Northern Sydney,MM1,Metropolitan,Small,4.0,4.0,5.0,4.0,2.0,LANE COVE,4.0,0.0,Steady,9,True
2026-05,Uniting Starrett Lodge Hamlyn Terrace,The Uniting Church in Australia Property Trust (NSW),Not for Profit,NSW,Central Coast,MM1,Metropolitan,Medium,4.0,4.0,5.0,3.0,3.0,HAMLYN TERRACE,4.0,0.0,Steady,5,True
2026-05,Uniting Taralga,The Uniting Church in Australia Property Trust (NSW),Not for Profit,NSW,Southern Highlands,MM5,Small rural towns,Small,4.0,4.0,5.0,5.0,2.0,TARALGA,4.0,0.0,Steady,2,True
2026-05,Uniting The Garrison Mosman,The Uniting Church in Australia Property Trust (NSW),Not for Profit,NSW,Northern Sydney,MM1,Metropolitan,Small,4.0,4.0,5.0,3.0,5.0,MOSMAN,4.0,0.0,Steady,6,True
2026-05,Uniting The Marion Leichhardt,The Uniting Church in Australia Property Trust (NSW),Not for Profit,NSW,Inner West,MM1,Metropolitan,Large,4.0,3.0,5.0,3.0,4.0,LEICHHARDT,4.0,0.0,Steady,12,True
2026-05,Uniting Thomas Bowden Ryde,The Uniting Church in Australia Property Trust (NSW),Not for Profit,NSW,Northern Sydney,MM1,Metropolitan,Small,5.0,5.0,5.0,5.0,4.0,RYDE,4.0,1.0,Improved,1,True
2026-05,Uniting Thomas Roseby Lodge Marrickville,The Uniting Church in Australia Property Trust (NSW),Not for Profit,NSW,Inner West,MM1,Metropolitan,Small,4.0,4.0,5.0,3.0,3.0,MARRICKVILLE,4.0,0.0,Steady,8,True
2026-05,Uniting Tumut,The Uniting Church in Australia Property Trust (NSW),Not for Profit,NSW,Riverina/Murray,MM4,Medium rural towns,Medium,4.0,4.0,5.0,5.0,3.0,TUMUT,4.0,0.0,Steady,4,True
2026-05,Uniting Wesley Gardens Belrose,The Uniting Church in Australia Property Trust (NSW),Not for Profit,NSW,Northern Sydney,MM1,Metropolitan,Large,3.0,4.0,4.0,3.0,1.0,BELROSE,4.0,-1.0,Declined,1,True
2026-05,Uniting Wesley Heights Manly,The Uniting Church in Australia Property Trust (NSW),Not for Profit,NSW,Northern Sydney,MM1,Metropolitan,Medium,4.0,4.0,5.0,3.0,5.0,MANLY,4.0,0.0,Steady,2,True
2026-05,Uniting Westmead,The Uniting Church in Australia Property Trust (NSW),Not for Profit,NSW,Western Sydney,MM1,Metropolitan,Large,4.0,4.0,4.0,3.0,4.0,WESTMEAD,4.0,0.0,Steady,3,True
2026-05,Uniting Wirreanda West Pennant Hills,The Uniting Church in Australia Property Trust (NSW),Not for Profit,NSW,Western Sydney,MM1,Metropolitan,Small,4.0,5.0,5.0,3.0,3.0,WEST PENNANT HILLS,4.0,0.0,Steady,2,True
2026-05,Uniting Wontama Orange,The Uniting Church in Australia Property Trust (NSW),Not for Profit,NSW,Central West,MM3,Large rural towns,Large,4.0,4.0,5.0,2.0,3.0,ORANGE,4.0,0.0,Steady,2,True
2026-05,UnitingSA Hawksbury Gardens Aged Care,UnitingSA Ltd,Not for Profit,SA,Metropolitan North,MM1,Metropolitan,Medium,3.0,3.0,5.0,2.0,3.0,SALISBURY NORTH,4.0,-1.0,Declined,1,True
2026-05,UnitingSA Seaton Aged Care,UnitingSA Ltd,Not for Profit,SA,Metropolitan West,MM1,Metropolitan,Small,4.0,4.0,5.0,4.0,3.0,SEATON,4.0,0.0,Steady,6,True
2026-05,UnitingSA Wesley House Aged Care,UnitingSA Ltd,Not for Profit,SA,Metropolitan West,MM1,Metropolitan,Large,4.0,3.0,5.0,3.0,3.0,SEMAPHORE PARK,3.0,1.0,Improved,1,True
2026-05,UnitingSA West Lakes Aged Care,UnitingSA Ltd,Not for Profit,SA,Metropolitan West,MM1,Metropolitan,Large,4.0,3.0,5.0,3.0,3.0,WEST LAKES,4.0,0.0,Steady,4,True
2026-05,UnitingSA Westminster Village Aged Care,UnitingSA Ltd,Not for Profit,SA,Metropolitan West,MM1,Metropolitan,Medium,4.0,3.0,5.0,3.0,3.0,GRANGE,4.0,0.0,Steady,2,True
2026-05,Uralba Hostel,Gundagai and District Hostel Accommodation Inc,Not for Profit,NSW,Riverina/Murray,MM5,Small rural towns,Small,4.0,5.0,4.0,5.0,3.0,GUNDAGAI,4.0,0.0,Steady,2,True
2026-05,Uralba Retirement Village,Burswood Care Pty Ltd,Private for Profit,NSW,Central West,MM5,Small rural towns,Small,4.0,4.0,4.0,5.0,3.0,CARCOAR,4.0,0.0,Steady,8,True
2026-05,Valley View Nursing Home,Western District Health Service,Government,VIC,Barwon-South Western,MM5,Small rural towns,Small,4.0,4.0,5.0,2.0,3.0,COLERAINE,4.0,0.0,Steady,2,True
2026-05,ValleyView Residence,The Riverview Residence Collie (Inc),Not for Profit,WA,South West,MM4,Medium rural towns,Medium,4.0,4.0,5.0,2.0,3.0,COLLIE,4.0,0.0,Steady,2,True
2026-05,Varsity Views Care Community,DPG Services Pty Ltd,Private for Profit,QLD,South Coast,MM1,Metropolitan,Large,,4.0,5.0,,4.0,VARSITY LAKES,4.0,,New/First,1,True
2026-05,Vasey RSL Care Brighton,VASEY RSL CARE LIMITED,Not for Profit,VIC,Southern Metro,MM1,Metropolitan,Small,4.0,4.0,5.0,4.0,3.0,BRIGHTON,4.0,0.0,Steady,6,True
2026-05,Vasey RSL Care Brighton East,VASEY RSL CARE LIMITED,Not for Profit,VIC,Southern Metro,MM1,Metropolitan,Large,4.0,4.0,5.0,3.0,2.0,BRIGHTON EAST,4.0,0.0,Steady,7,True
2026-05,Vasey RSL Care Bundoora,VASEY RSL CARE LIMITED,Not for Profit,VIC,Northern Metro,MM1,Metropolitan,Medium,4.0,3.0,5.0,3.0,3.0,BUNDOORA,4.0,0.0,Steady,4,True
2026-05,Vasey RSL Care Frankston South,VASEY RSL CARE LIMITED,Not for Profit,VIC,Southern Metro,MM1,Metropolitan,Large,4.0,4.0,5.0,3.0,3.0,FRANKSTON SOUTH,4.0,0.0,Steady,9,True
2026-05,Vaucluse Nursing Home,Fresh Fields Aged Care (NSW) - No 1 Pty Ltd,Private for Profit,NSW,South East Sydney,MM1,Metropolitan,Small,4.0,4.0,5.0,2.0,2.0,VAUCLUSE,4.0,0.0,Steady,2,True
2026-05,Vermont Aged Care,Georjose Pty Ltd,Private for Profit,VIC,Eastern Metro,MM1,Metropolitan,Medium,4.0,4.0,5.0,2.0,3.0,VERMONT,4.0,0.0,Steady,2,True
2026-05,Vermont Views Care Community,DPG Services Pty Ltd,Private for Profit,VIC,Eastern Metro,MM1,Metropolitan,Large,,3.0,4.0,,3.0,VERMONT SOUTH,3.0,,New/First,1,True
2026-05,Victoria Grange Residential Aged Care Facility,Australian Unity Care Services Pty Ltd,Private for Profit,VIC,Eastern Metro,MM1,Metropolitan,Medium,4.0,3.0,5.0,4.0,4.0,VERMONT SOUTH,4.0,0.0,Steady,5,True
2026-05,Victoria Park House,Southern Cross Care (WA) Inc,Not for Profit,WA,Goldfields,MM3,Large rural towns,Small,4.0,3.0,5.0,4.0,5.0,KALGOORLIE,4.0,0.0,Steady,2,True
2026-05,Victoria by the Park,Provectus Care Pty Limited,Private for Profit,VIC,Southern Metro,MM1,Metropolitan,Small,5.0,4.0,5.0,5.0,5.0,ELSTERNWICK,5.0,0.0,Steady,2,True
2026-05,Victorian Croatian Aged Care Services Inc,VICTORIAN CROATIAN AGED CARE SERVICES INCORPORATED,Not for Profit,VIC,Barwon-South Western,MM1,Metropolitan,Medium,4.0,4.0,5.0,3.0,2.0,BELL PARK,4.0,0.0,Steady,3,True
2026-05,Victorian Elderly Chinese Hostel,Victorian Elderly Chinese Welfare Society Inc,Not for Profit,VIC,Western Metro,MM1,Metropolitan,Small,4.0,4.0,5.0,2.0,5.0,ASCOT VALE,4.0,0.0,Steady,13,True
2026-05,Vietnam Veterans Keith Payne VC Hostel,Alino Living,Not for Profit,NSW,Central Coast,MM1,Metropolitan,Medium,3.0,4.0,5.0,2.0,1.0,NORAVILLE,4.0,-1.0,Declined,1,True
2026-05,Villa Dalmacia Aged Care Facility,Fresh Fields Aged Care Pty Ltd,Private for Profit,WA,Metropolitan South West,MM1,Metropolitan,Medium,,,,2.0,1.0,SPEARWOOD,,,New/First,1,True
2026-05,Villa Del Sole,Comficare Pty Limited,Private for Profit,VIC,Northern Metro,MM1,Metropolitan,Small,3.0,4.0,4.0,2.0,3.0,GLENROY,4.0,-1.0,Declined,1,True
2026-05,Villa Maria,Mercy Aged and Community Care Ltd,Not for Profit,WA,Metropolitan East,MM1,Metropolitan,Small,4.0,4.0,5.0,4.0,4.0,LESMURDIE,4.0,0.0,Steady,11,True
2026-05,Villa Maria Catholic Homes Ashwood Aged Care Residence,Villa Maria Catholic Homes Limited,Not for Profit,VIC,Eastern Metro,MM1,Metropolitan,Medium,4.0,3.0,5.0,4.0,4.0,ASHWOOD,4.0,0.0,Steady,3,True
2026-05,Villa Maria Catholic Homes Berwick Aged Care Residence,Villa Maria Catholic Homes Limited,Not for Profit,VIC,Southern Metro,MM1,Metropolitan,Medium,4.0,3.0,5.0,4.0,3.0,BERWICK,4.0,0.0,Steady,10,True
2026-05,Villa Maria Catholic Homes Bundoora Aged Care Residence,Villa Maria Catholic Homes Limited,Not for Profit,VIC,Northern Metro,MM1,Metropolitan,Medium,4.0,3.0,5.0,3.0,4.0,BUNDOORA,4.0,0.0,Steady,2,True
2026-05,Villa Maria Catholic Homes Corpus Christi Aged Care Residence,Villa Maria Catholic Homes Limited,Not for Profit,VIC,Eastern Metro,MM1,Metropolitan,Large,4.0,3.0,4.0,4.0,3.0,CLAYTON,3.0,1.0,Improved,1,True
2026-05,Villa Maria Catholic Homes John R Hannah Aged Care Residence,Villa Maria Catholic Homes Limited,Not for Profit,VIC,Eastern Metro,MM1,Metropolitan,Medium,4.0,4.0,5.0,4.0,5.0,MULGRAVE,4.0,0.0,Steady,13,True
2026-05,Villa Maria Catholic Homes Justin Villa Aged Care Residence,Villa Maria Catholic Homes Limited,Not for Profit,VIC,Eastern Metro,MM1,Metropolitan,Small,5.0,4.0,5.0,5.0,4.0,BALWYN,4.0,1.0,Improved,1,True
2026-05,Villa Maria Catholic Homes O'Neill Aged Care Residence,Villa Maria Catholic Homes Limited,Not for Profit,VIC,Southern Metro,MM1,Metropolitan,Small,4.0,3.0,5.0,5.0,5.0,PRAHRAN,4.0,0.0,Steady,13,True
2026-05,Villa Maria Catholic Homes Providence Aged Care Residence,Villa Maria Catholic Homes Limited,Not for Profit,VIC,Grampians,MM1,Metropolitan,Medium,4.0,4.0,5.0,3.0,2.0,MADDINGLEY,4.0,0.0,Steady,9,True
2026-05,Villa Maria Catholic Homes Shanagolden Aged Care Residence,Villa Maria Catholic Homes Limited,Not for Profit,VIC,Southern Metro,MM1,Metropolitan,Medium,4.0,4.0,5.0,3.0,3.0,PAKENHAM,4.0,0.0,Steady,10,True
2026-05,Villa Maria Catholic Homes St Bernadette's Aged Care Residence,Villa Maria Catholic Homes Limited,Not for Profit,VIC,Western Metro,MM1,Metropolitan,Medium,4.0,3.0,5.0,3.0,3.0,SUNSHINE NORTH,4.0,0.0,Steady,2,True
2026-05,Villa Maria Catholic Homes St Catherine's Aged Care Residence,Villa Maria Catholic Homes Limited,Not for Profit,VIC,Eastern Metro,MM1,Metropolitan,Medium,4.0,3.0,5.0,3.0,5.0,BALWYN,4.0,0.0,Steady,8,True
2026-05,Villa Maria Catholic Homes Star of the Sea Aged Care Residence,Villa Maria Catholic Homes Limited,Not for Profit,VIC,Barwon-South Western,MM2,Regional centres,Medium,3.0,3.0,5.0,3.0,2.0,TORQUAY,4.0,-1.0,Declined,1,True
2026-05,Villa Maria Catholic Homes Wantirna Aged Care Residence,Villa Maria Catholic Homes Limited,Not for Profit,VIC,Eastern Metro,MM1,Metropolitan,Medium,3.0,4.0,4.0,3.0,2.0,WANTIRNA SOUTH,4.0,-1.0,Declined,1,True
2026-05,Villa Maria Catholic Homes Willowbrooke Aged Care Residence,Villa Maria Catholic Homes Limited,Not for Profit,VIC,Eastern Metro,MM1,Metropolitan,Small,4.0,5.0,5.0,3.0,2.0,UPPER FERNTREE GULLY,4.0,0.0,Steady,13,True
2026-05,Villa Maria Centre,Catholic Healthcare Limited,Not for Profit,QLD,Brisbane North,MM1,Metropolitan,Large,4.0,4.0,5.0,4.0,2.0,FORTITUDE VALLEY,4.0,0.0,Steady,7,True
2026-05,Villa Maria Eastern Heights,Catholic Healthcare Limited,Not for Profit,QLD,West Moreton,MM1,Metropolitan,Medium,4.0,4.0,5.0,4.0,2.0,EASTERN HEIGHTS,4.0,0.0,Steady,2,True
2026-05,Villa Pelletier Hostel,Southern Cross Care (WA) Inc,Not for Profit,WA,Metropolitan North,MM1,Metropolitan,Small,4.0,3.0,5.0,4.0,4.0,WEST LEEDERVILLE,4.0,0.0,Steady,7,True
2026-05,Villa St Hilarion-Fulham,Scalabrini Village Ltd,Not for Profit,SA,Metropolitan West,MM1,Metropolitan,Small,,,,,,FULHAM,4.0,,New/First,1,True
2026-05,Villa Terenzio,Italian Aged Care Incorporated,Not for Profit,WA,Metropolitan North,MM1,Metropolitan,Large,4.0,3.0,5.0,3.0,3.0,MARANGAROO,4.0,0.0,Steady,2,True
2026-05,Village Baxter - Manor,Baptist Village Baxter Ltd,Not for Profit,VIC,Southern Metro,MM1,Metropolitan,Medium,5.0,4.0,5.0,5.0,5.0,FRANKSTON SOUTH,4.0,1.0,Improved,1,True
2026-05,Village Coorparoo Aged Care,The Village Care Managers Pty Ltd,Private for Profit,QLD,Brisbane South,MM1,Metropolitan,Medium,5.0,4.0,5.0,5.0,4.0,COORPAROO,5.0,0.0,Steady,5,True
2026-05,Villaggio Sant Antonio Hostel,Villaggio Italiano Ltd,Not for Profit,ACT,ACT,MM1,Metropolitan,Medium,4.0,3.0,5.0,5.0,2.0,PAGE,,,New/First,1,True
2026-05,Vincent Court,APOLLO CARE OPERATIONS PTY LIMITED,Private for Profit,NSW,Mid North Coast,MM4,Medium rural towns,Medium,4.0,4.0,5.0,3.0,2.0,WEST KEMPSEY,4.0,0.0,Steady,9,True
2026-05,Violet Town Bush Nursing Centre,Violet Town Bush Nursing Centre Inc,Not for Profit,VIC,Hume,MM5,Small rural towns,Medium,4.0,3.0,5.0,5.0,3.0,VIOLET TOWN,3.0,1.0,Improved,1,True
2026-05,Vivian Bullwinkel Lodge,Air Force Association WA Limited,Not for Profit,WA,Metropolitan North,MM1,Metropolitan,Medium,4.0,4.0,5.0,4.0,3.0,MERRIWA,4.0,0.0,Steady,13,True
2026-05,Voller Care Centre,Sundale Ltd,Not for Profit,QLD,Sunshine Coast,MM1,Metropolitan,Small,4.0,4.0,5.0,4.0,5.0,BURNSIDE,4.0,0.0,Steady,13,True
2026-05,WARRAGUL COMMUNITY AGED CARE,Luson Aged Care Pty Ltd,Not for Profit,VIC,Gippsland,MM4,Medium rural towns,Large,4.0,4.0,4.0,2.0,4.0,WARRAGUL,,,New/First,1,True
2026-05,Wagga Wagga Community Aged Care,Luson Aged Care Pty Ltd,Not for Profit,NSW,Riverina/Murray,MM3,Large rural towns,Large,3.0,3.0,4.0,3.0,2.0,TURVEY PARK,3.0,0.0,Steady,3,True
2026-05,Wahroonga House,Thompson Health Care Pty Ltd,Private for Profit,NSW,Northern Sydney,MM1,Metropolitan,Large,4.0,4.0,5.0,3.0,4.0,WAHROONGA,4.0,0.0,Steady,4,True
2026-05,Wahroonga Place Care Community,DPG Services Pty Ltd,Private for Profit,NSW,Northern Sydney,MM1,Metropolitan,Small,,3.0,5.0,,3.0,WAHROONGA,4.0,,New/First,1,True
2026-05,Wahroonga Tallwoods Care Community,DPG Services Pty Ltd,Private for Profit,NSW,Northern Sydney,MM1,Metropolitan,Medium,,4.0,4.0,,2.0,WAHROONGA,4.0,,New/First,1,True
2026-05,Wakefield Aged Care Service,Yorke and Northern Local Health Network Incorporated,Government,SA,"Yorke, Lower North & Barossa",MM5,Small rural towns,Small,4.0,4.0,5.0,5.0,3.0,RIVERTON,5.0,-1.0,Declined,1,True
2026-05,Walara Balaklava Millcourt,WALARA INCORPORATED,Not for Profit,SA,"Yorke, Lower North & Barossa",MM5,Small rural towns,Small,4.0,4.0,5.0,2.0,4.0,BALAKLAVA,4.0,0.0,Steady,5,True
2026-05,Walara Gilbert Valley,WALARA INCORPORATED,Not for Profit,SA,"Yorke, Lower North & Barossa",MM5,Small rural towns,Small,4.0,4.0,5.0,2.0,4.0,RIVERTON,4.0,0.0,Steady,7,True
2026-05,Walara Hamley Bridge,WALARA INCORPORATED,Not for Profit,SA,"Yorke, Lower North & Barossa",MM5,Small rural towns,Small,3.0,3.0,5.0,2.0,3.0,HAMLEY BRIDGE,4.0,-1.0,Declined,1,True
2026-05,Wallarah Point Care Community,DPG Services Pty Ltd,Private for Profit,NSW,Central Coast,MM1,Metropolitan,Large,,3.0,5.0,,3.0,TOUKLEY,4.0,,New/First,1,True
2026-05,Wallsend Manor Aged Care,Wallsend Manor Aged Care Pty Ltd,Private for Profit,NSW,Hunter,MM1,Metropolitan,Medium,4.0,5.0,5.0,2.0,3.0,WALLSEND,4.0,0.0,Steady,11,True
2026-05,Walmsley Aged Care,Australian Unity Care Services Pty Ltd,Private for Profit,VIC,Eastern Metro,MM1,Metropolitan,Large,4.0,4.0,5.0,3.0,3.0,KILSYTH,4.0,0.0,Steady,10,True
2026-05,Wanneroo Community Nursing Home,Shire of Wanneroo Aged Persons Homes Trust Inc,Not for Profit,WA,Metropolitan North,MM1,Metropolitan,Small,4.0,3.0,5.0,4.0,3.0,WANNEROO,3.0,1.0,Improved,1,True
2026-05,Wantirna Views Care Community,DPG Services Pty Ltd,Private for Profit,VIC,Eastern Metro,MM1,Metropolitan,Large,,4.0,5.0,,3.0,WANTIRNA,4.0,,New/First,1,True
2026-05,War Veterans Home Myrtle Bank,RSL Care South Australia Incorporated,Not for Profit,SA,Metropolitan East,MM1,Metropolitan,Medium,4.0,4.0,5.0,3.0,3.0,MYRTLE BANK,4.0,0.0,Steady,13,True
2026-05,Waranga Nursing Home,Goulburn Valley Health,Government,VIC,Loddon-Mallee,MM5,Small rural towns,Small,5.0,5.0,5.0,5.0,3.0,RUSHWORTH,5.0,0.0,Steady,2,True
2026-05,Waratah Respite Centre (Mid North Coast) Incorporated,WARATAH RESPITE CENTRE (MID NORTH COAST) INCORPORATED,Not for Profit,NSW,Mid North Coast,MM3,Large rural towns,Small,,,5.0,2.0,,COFFS HARBOUR,,,New/First,1,True
2026-05,Waroona Multipurpose Centre,South West Hospital and Health Service,Government,QLD,South West,MM7,Very remote communities,Small,,,,,,CHARLEVILLE,,,New/First,1,True
2026-05,Warralily Gardens,Western Residential Aged Care Pty Ltd,Private for Profit,VIC,Barwon-South Western,MM1,Metropolitan,Large,4.0,4.0,5.0,2.0,3.0,ARMSTRONG CREEK,4.0,0.0,Steady,6,True
2026-05,Warramunda Village Hostel,WARRAMUNDA VILLAGE LIMITED,Not for Profit,VIC,Loddon-Mallee,MM4,Medium rural towns,Medium,4.0,4.0,4.0,3.0,3.0,KYABRAM,4.0,0.0,Steady,4,True
2026-05,Warrandyte Gardens Care Community,DPG Services Pty Ltd,Private for Profit,VIC,Eastern Metro,MM1,Metropolitan,Medium,,3.0,5.0,,3.0,RINGWOOD NORTH,4.0,,New/First,1,True
2026-05,Warrawee Nursing Home,City of Glen Eira,Government,VIC,Southern Metro,MM1,Metropolitan,Medium,4.0,4.0,5.0,4.0,4.0,BENTLEIGH EAST,4.0,0.0,Steady,12,True
2026-05,Warrigal Care Albion Park Rail,Warrigal Care Limited,Not for Profit,NSW,Illawarra,MM1,Metropolitan,Large,4.0,4.0,4.0,5.0,3.0,ALBION PARK RAIL,4.0,0.0,Steady,4,True
2026-05,Warrigal Care Bundanoon,Warrigal Care Limited,Not for Profit,NSW,South West Sydney,MM5,Small rural towns,Medium,4.0,3.0,5.0,5.0,1.0,BUNDANOON,4.0,0.0,Steady,4,True
2026-05,Warrigal Care Calwell,Warrigal Care Limited,Not for Profit,ACT,ACT,MM1,Metropolitan,Large,4.0,3.0,5.0,5.0,2.0,CALWELL,3.0,1.0,Improved,1,True
2026-05,Warrigal Care Coniston,Warrigal Care Limited,Not for Profit,NSW,Illawarra,MM1,Metropolitan,Small,4.0,4.0,5.0,2.0,2.0,CONISTON,4.0,0.0,Steady,4,True
2026-05,Warrigal Care Goulburn,Warrigal Care Limited,Not for Profit,NSW,Southern Highlands,MM3,Large rural towns,Large,4.0,4.0,5.0,4.0,3.0,GOULBURN,4.0,0.0,Steady,9,True
2026-05,Warrigal Care Mt Warrigal,Warrigal Care Limited,Not for Profit,NSW,Illawarra,MM1,Metropolitan,Small,4.0,4.0,4.0,5.0,3.0,MOUNT WARRIGAL,4.0,0.0,Steady,13,True
2026-05,Warrigal Care Queanbeyan,Warrigal Care Limited,Not for Profit,NSW,Southern Highlands,MM1,Metropolitan,Large,3.0,4.0,4.0,2.0,3.0,QUEANBEYAN,4.0,-1.0,Declined,1,True
2026-05,Warrigal Care Shell Cove,Warrigal Care Limited,Not for Profit,NSW,Illawarra,MM1,Metropolitan,Large,4.0,4.0,5.0,3.0,3.0,SHELL COVE,4.0,0.0,Steady,8,True
2026-05,Warrigal Care Stirling,Warrigal Care Limited,Not for Profit,ACT,ACT,MM1,Metropolitan,Large,4.0,4.0,5.0,3.0,2.0,STIRLING,4.0,0.0,Steady,12,True
2026-05,Warrigal Hughes,Warrigal Care Limited,Not for Profit,ACT,ACT,MM1,Metropolitan,Large,3.0,3.0,4.0,3.0,3.0,HUGHES,3.0,0.0,Steady,2,True
2026-05,Warrigal Mount Terry,Warrigal Care Limited,Not for Profit,NSW,Illawarra,MM1,Metropolitan,Large,3.0,3.0,4.0,5.0,1.0,ALBION PARK,4.0,-1.0,Declined,1,True
2026-05,Warrigal Multi-Cultural Village,Warrigal Care Limited,Not for Profit,NSW,Illawarra,MM1,Metropolitan,Medium,4.0,3.0,5.0,5.0,1.0,WARRAWONG,4.0,0.0,Steady,4,True
2026-05,Warrigal Wollongong,Warrigal Care Limited,Not for Profit,NSW,Illawarra,MM1,Metropolitan,Large,4.0,4.0,4.0,4.0,2.0,WOLLONGONG,3.0,1.0,Improved,1,True
2026-05,Warrina Aged Care,Maiestas Care Pty Ltd,Private for Profit,VIC,Loddon-Mallee,MM3,Large rural towns,Medium,4.0,3.0,5.0,4.0,4.0,NEW GISBORNE,4.0,0.0,Steady,2,True
2026-05,Warrina Court Residential Aged Care Service,Warrina Homes Inc,Not for Profit,SA,Metropolitan East,MM1,Metropolitan,Small,4.0,3.0,5.0,5.0,4.0,CAMPBELLTOWN,4.0,0.0,Steady,2,True
2026-05,Warrina Crescent Residential Aged Care,Warrina Homes Inc,Not for Profit,SA,Metropolitan North,MM1,Metropolitan,Large,4.0,3.0,5.0,5.0,2.0,INGLE FARM,4.0,0.0,Steady,2,True
2026-05,Warrina Hostel,Yarrawonga Health,Government,VIC,Hume,MM4,Medium rural towns,Small,4.0,4.0,5.0,2.0,4.0,YARRAWONGA,5.0,-1.0,Declined,1,True
2026-05,Warrina Park Residential Aged Care Service,Warrina Homes Inc,Not for Profit,SA,Metropolitan East,MM1,Metropolitan,Small,4.0,3.0,5.0,5.0,1.0,PARADISE,4.0,0.0,Steady,2,True
2026-05,Warrina Vales Residential Aged Care,Warrina Homes Inc,Not for Profit,SA,Metropolitan South,MM1,Metropolitan,Large,4.0,3.0,4.0,5.0,3.0,MORPHETT VALE,4.0,0.0,Steady,2,True
2026-05,Warrnambool Place Care Community,DPG Services Pty Ltd,Private for Profit,VIC,Barwon-South Western,MM3,Large rural towns,Small,,4.0,5.0,,3.0,WARRNAMBOOL,3.0,,New/First,1,True
2026-05,Warrnambool Riverside Care Community,DPG Services Pty Ltd,Private for Profit,VIC,Barwon-South Western,MM3,Large rural towns,Medium,,3.0,5.0,,4.0,WARRNAMBOOL,4.0,,New/First,1,True
2026-05,Waterview Aged Care Facility,Hunter Valley Care Pty Ltd,Private for Profit,NSW,Hunter,MM1,Metropolitan,Medium,4.0,4.0,4.0,3.0,3.0,TERALBA,4.0,0.0,Steady,2,True
2026-05,Wattle Hill Lodge,Wattle Hill Lodge Inc,Not for Profit,WA,South West,MM2,Regional centres,Medium,4.0,3.0,4.0,4.0,3.0,BUNBURY,3.0,1.0,Improved,1,True
2026-05,Wattle Rise,Maryborough District Health Service,Government,VIC,Loddon-Mallee,MM4,Medium rural towns,Small,4.0,3.0,5.0,5.0,3.0,MARYBOROUGH,4.0,0.0,Steady,7,True
2026-05,Wattleglen,Respect Group Limited,Not for Profit,VIC,Gippsland,MM4,Medium rural towns,Medium,3.0,3.0,4.0,2.0,2.0,SALE,3.0,0.0,Steady,2,True
2026-05,Waverley Valley Care Community,DPG Services Pty Ltd,Private for Profit,VIC,Eastern Metro,MM1,Metropolitan,Large,,4.0,4.0,,3.0,GLEN WAVERLEY,3.0,,New/First,1,True
2026-05,Weary Dunlop Retirement Village,Ryman Aged Care (Australia) Pty Ltd,Private for Profit,VIC,Eastern Metro,MM1,Metropolitan,Medium,4.0,3.0,5.0,3.0,3.0,WHEELERS HILL,4.0,0.0,Steady,3,True
2026-05,Weeroona Aged Care Plus Centre,The Salvation Army (NSW) Property Trust,Not for Profit,NSW,South West Sydney,MM1,Metropolitan,Large,4.0,4.0,5.0,4.0,2.0,BASS HILL,4.0,0.0,Steady,9,True
2026-05,Weeroona Aged Care Residence,Halenvy Pty Limited,Private for Profit,NSW,Central West,MM4,Medium rural towns,Medium,3.0,4.0,5.0,2.0,1.0,COWRA,4.0,-1.0,Declined,1,True
2026-05,Wellington Park Private Care,Superior Care Group Pty Ltd,Private for Profit,QLD,Brisbane South,MM1,Metropolitan,Medium,3.0,4.0,3.0,4.0,2.0,WELLINGTON POINT,3.0,0.0,Steady,2,True
2026-05,Wellington Views,Respect Group Limited,Not for Profit,TAS,Southern,MM2,Regional centres,Medium,3.0,3.0,5.0,2.0,3.0,OLD BEACH,3.0,0.0,Steady,2,True
2026-05,Wenonah Lodge,Gulgong Hostel Association Inc,Not for Profit,NSW,Orana Far West,MM5,Small rural towns,Small,5.0,5.0,5.0,5.0,5.0,GULGONG,5.0,0.0,Steady,2,True
2026-05,Werombi Court,Carrington Centennial Care Limited,Not for Profit,NSW,South West Sydney,MM1,Metropolitan,Small,4.0,3.0,5.0,3.0,4.0,GRASMERE,4.0,0.0,Steady,13,True
2026-05,West Beach Residential Care,Southern Cross Care (SA NT & VIC) Incorporated,Not for Profit,SA,Metropolitan West,MM1,Metropolitan,Medium,3.0,3.0,5.0,2.0,3.0,WEST BEACH,4.0,-1.0,Declined,1,True
2026-05,West Coast District Hospital - Lyell House,Tasmanian Health Service,Government,TAS,North Western,MM6,Remote communities,Small,5.0,4.0,5.0,5.0,5.0,QUEENSTOWN,4.0,1.0,Improved,1,True
2026-05,Western Port Bay Care Community,DPG Services Pty Ltd,Private for Profit,VIC,Southern Metro,MM1,Metropolitan,Large,,3.0,5.0,,3.0,TYABB,4.0,,New/First,1,True
2026-05,Westernport Nursing Home,Bayside Health,Government,VIC,Southern Metro,MM2,Regional centres,Small,,,,,,KOOWEERUP,5.0,,New/First,1,True
2026-05,Westgate Aged Care Facility,Pannavila Enterprises Pty Ltd,Private for Profit,VIC,Western Metro,MM1,Metropolitan,Small,4.0,4.0,5.0,3.0,5.0,NEWPORT,4.0,0.0,Steady,4,True
2026-05,Westhaven Nursing Home,South West Hospital and Health Service,Government,QLD,South West,MM4,Medium rural towns,Small,,,,,,ROMA,,,New/First,1,True
2026-05,Westmont Homestead,Westmont Aged Care Services Limited,Not for Profit,VIC,Hume,MM2,Regional centres,Large,1.0,4.0,1.0,3.0,3.0,BARANDUDA,4.0,-3.0,Declined,1,True
2026-05,Wharparilla Lodge,Echuca Benevolent Society Inc,Not for Profit,VIC,Loddon-Mallee,MM3,Large rural towns,Medium,4.0,4.0,5.0,3.0,3.0,ECHUCA,4.0,0.0,Steady,6,True
2026-05,Wheatfields Incorporated,Wheatfields Incorporated,Not for Profit,SA,"Yorke, Lower North & Barossa",MM3,Large rural towns,Small,4.0,3.0,5.0,5.0,4.0,FREELING,4.0,0.0,Steady,2,True
2026-05,Wheller Gardens - Cooper House,Wesley Mission Queensland Limited,Not for Profit,QLD,Brisbane North,MM1,Metropolitan,Small,3.0,3.0,4.0,4.0,2.0,CHERMSIDE,3.0,0.0,Steady,3,True
2026-05,Wheller Gardens - Emmaus Village,Wesley Mission Queensland Limited,Not for Profit,QLD,Brisbane North,MM1,Metropolitan,Small,4.0,4.0,4.0,4.0,3.0,CHERMSIDE,4.0,0.0,Steady,3,True
2026-05,Wheller Gardens - John Wesley Gardens,Wesley Mission Queensland Limited,Not for Profit,QLD,Brisbane North,MM1,Metropolitan,Large,3.0,3.0,4.0,3.0,2.0,GEEBUNG,3.0,0.0,Steady,3,True
2026-05,Wheller Gardens - St Marks House,Wesley Mission Queensland Limited,Not for Profit,QLD,Brisbane North,MM1,Metropolitan,Small,4.0,4.0,4.0,4.0,2.0,CHERMSIDE,4.0,0.0,Steady,3,True
2026-05,Whiddon Beaudesert Star,The Frank Whiddon Masonic Homes of New South Wales,Not for Profit,QLD,Logan River Valley,MM4,Medium rural towns,Medium,4.0,4.0,5.0,4.0,3.0,BEAUDESERT,4.0,0.0,Steady,13,True
2026-05,Whiddon Belmont,The Frank Whiddon Masonic Homes of New South Wales,Not for Profit,NSW,Hunter,MM1,Metropolitan,Small,4.0,4.0,5.0,3.0,3.0,BELMONT,4.0,0.0,Steady,4,True
2026-05,Whiddon Bourke,The Frank Whiddon Masonic Homes of New South Wales,Not for Profit,NSW,Orana Far West,MM7,Very remote communities,Small,5.0,4.0,5.0,5.0,5.0,BOURKE,4.0,1.0,Improved,1,True
2026-05,Whiddon Casino,The Frank Whiddon Masonic Homes of New South Wales,Not for Profit,NSW,Far North Coast,MM4,Medium rural towns,Medium,4.0,4.0,5.0,3.0,3.0,CASINO,4.0,0.0,Steady,4,True
2026-05,Whiddon Glenfield,The Frank Whiddon Masonic Homes of New South Wales,Not for Profit,NSW,South West Sydney,MM1,Metropolitan,Large,4.0,4.0,4.0,3.0,3.0,GLENFIELD,4.0,0.0,Steady,3,True
2026-05,Whiddon Glenfield Arthur Webb Court,The Frank Whiddon Masonic Homes of New South Wales,Not for Profit,NSW,South West Sydney,MM1,Metropolitan,Small,4.0,4.0,5.0,2.0,4.0,GLENFIELD,4.0,0.0,Steady,4,True
2026-05,Whiddon Glenfield Easton Park,The Frank Whiddon Masonic Homes of New South Wales,Not for Profit,NSW,South West Sydney,MM1,Metropolitan,Large,4.0,3.0,5.0,4.0,2.0,GLENFIELD,4.0,0.0,Steady,3,True
2026-05,Whiddon Grafton,The Frank Whiddon Masonic Homes of New South Wales,Not for Profit,NSW,Far North Coast,MM3,Large rural towns,Medium,4.0,4.0,5.0,4.0,2.0,GRAFTON,4.0,0.0,Steady,4,True
2026-05,Whiddon Kelso,The Frank Whiddon Masonic Homes of New South Wales,Not for Profit,NSW,Central West,MM3,Large rural towns,Large,3.0,3.0,4.0,3.0,1.0,KELSO,3.0,0.0,Steady,4,True
2026-05,Whiddon Kyogle,The Frank Whiddon Masonic Homes of New South Wales,Not for Profit,NSW,Far North Coast,MM5,Small rural towns,Medium,4.0,4.0,5.0,3.0,3.0,KYOGLE,4.0,0.0,Steady,4,True
2026-05,Whiddon Largs,The Frank Whiddon Masonic Homes of New South Wales,Not for Profit,NSW,Hunter,MM1,Metropolitan,Small,4.0,5.0,5.0,2.0,2.0,LARGS,4.0,0.0,Steady,4,True
2026-05,Whiddon Laurieton,The Frank Whiddon Masonic Homes of New South Wales,Not for Profit,NSW,Mid North Coast,MM4,Medium rural towns,Small,4.0,4.0,5.0,4.0,4.0,LAURIETON,4.0,0.0,Steady,4,True
2026-05,Whiddon Maclean,The Frank Whiddon Masonic Homes of New South Wales,Not for Profit,NSW,Far North Coast,MM5,Small rural towns,Small,4.0,4.0,5.0,4.0,3.0,MACLEAN,4.0,0.0,Steady,4,True
2026-05,Whiddon Maclean Mareeba,The Frank Whiddon Masonic Homes of New South Wales,Not for Profit,NSW,Far North Coast,MM5,Small rural towns,Medium,,,,,,MACLEAN,,,New/First,1,True
2026-05,Whiddon Moree,The Frank Whiddon Masonic Homes of New South Wales,Not for Profit,NSW,New England,MM4,Medium rural towns,Small,4.0,3.0,5.0,4.0,3.0,MOREE,3.0,1.0,Improved,1,True
2026-05,Whiddon Mudgee Pioneer,The Frank Whiddon Masonic Homes of New South Wales,Not for Profit,NSW,Orana Far West,MM4,Medium rural towns,Medium,4.0,4.0,5.0,4.0,1.0,MUDGEE,4.0,0.0,Steady,6,True
2026-05,Whiddon Narrabri Jessie Hunt,The Frank Whiddon Masonic Homes of New South Wales,Not for Profit,NSW,New England,MM4,Medium rural towns,Small,4.0,4.0,5.0,4.0,3.0,NARRABRI,4.0,0.0,Steady,4,True
2026-05,Whiddon Narrabri Robert Young,The Frank Whiddon Masonic Homes of New South Wales,Not for Profit,NSW,New England,MM4,Medium rural towns,Small,4.0,4.0,5.0,4.0,3.0,NARRABRI,4.0,0.0,Steady,4,True
2026-05,Whiddon Redhead,The Frank Whiddon Masonic Homes of New South Wales,Not for Profit,NSW,Hunter,MM1,Metropolitan,Large,4.0,4.0,5.0,2.0,2.0,REDHEAD,4.0,0.0,Steady,4,True
2026-05,Whiddon Temora Greenstone,The Frank Whiddon Masonic Homes of New South Wales,Not for Profit,NSW,Riverina/Murray,MM5,Small rural towns,Small,4.0,4.0,5.0,5.0,3.0,TEMORA,5.0,-1.0,Declined,1,True
2026-05,Whiddon Temora Narraburra,The Frank Whiddon Masonic Homes of New South Wales,Not for Profit,NSW,Riverina/Murray,MM5,Small rural towns,Small,4.0,4.0,5.0,5.0,3.0,TEMORA,4.0,0.0,Steady,4,True
2026-05,Whiddon Weeronga,The Frank Whiddon Masonic Homes of New South Wales,Not for Profit,NSW,New England,MM5,Small rural towns,Small,4.0,3.0,5.0,4.0,3.0,WEE WAA,4.0,0.0,Steady,4,True
2026-05,Whiddon Wingham,The Frank Whiddon Masonic Homes of New South Wales,Not for Profit,NSW,Mid North Coast,MM3,Large rural towns,Small,4.0,3.0,5.0,5.0,3.0,WINGHAM,4.0,0.0,Steady,4,True
2026-05,Whittlesea Lodge,Arcanola Pty Ltd,Private for Profit,VIC,Northern Metro,MM2,Regional centres,Medium,3.0,4.0,5.0,2.0,1.0,WHITTLESEA,4.0,-1.0,Declined,1,True
2026-05,Willaura Aged Care,East Grampians Health Service,Government,VIC,Grampians,MM5,Small rural towns,Small,5.0,4.0,5.0,5.0,5.0,WILLAURA,4.0,1.0,Improved,1,True
2026-05,William Beech Gardens - Bushmaster,RSL LifeCare Limited,Not for Profit,NSW,Central West,MM5,Small rural towns,Small,4.0,3.0,4.0,5.0,2.0,CONDOBOLIN,3.0,1.0,Improved,1,True
2026-05,Willoughby Retirement Community Hostel,Willoughby Retirement Community Association,Not for Profit,NSW,Northern Sydney,MM1,Metropolitan,Small,5.0,5.0,5.0,5.0,4.0,CHATSWOOD,5.0,0.0,Steady,3,True
2026-05,Willowbrae - Melton,Norsan Pty Ltd,Private for Profit,VIC,Western Metro,MM1,Metropolitan,Small,4.0,4.0,5.0,2.0,3.0,MELTON,4.0,0.0,Steady,12,True
2026-05,Willowbrae-Templestowe Hostel,Menarock Aged Care Services (Victoria) Pty Ltd,Private for Profit,VIC,Eastern Metro,MM1,Metropolitan,Small,3.0,3.0,5.0,2.0,3.0,TEMPLESTOWE,4.0,-1.0,Declined,1,True
2026-05,Wilson Lodge,Central Gippsland Health Service,Government,VIC,Gippsland,MM4,Medium rural towns,Small,,4.0,5.0,,3.0,SALE,4.0,,New/First,1,True
2026-05,Wimmera Nursing Home,Grampians Health,Government,VIC,Grampians,MM3,Large rural towns,Small,3.0,3.0,5.0,3.0,1.0,HORSHAM,4.0,-1.0,Declined,1,True
2026-05,Windermere Aged Care Facility,Korlim Pty Ltd,Private for Profit,NSW,Inner West,MM1,Metropolitan,Medium,4.0,4.0,5.0,2.0,4.0,SUMMER HILL,4.0,0.0,Steady,13,True
2026-05,Windsor Aged Care Services,Alzheimer's Association of Queensland Inc,Not for Profit,QLD,Brisbane North,MM1,Metropolitan,Small,,4.0,5.0,,3.0,WINDSOR,4.0,,New/First,1,True
2026-05,Windsor Park Aged Care,Fresh Fields Aged Care Pty Ltd,Private for Profit,WA,Metropolitan South East,MM1,Metropolitan,Medium,3.0,2.0,5.0,2.0,2.0,CARLISLE,3.0,0.0,Steady,4,True
2026-05,Winston Hillside Care Community,DPG Services Pty Ltd,Private for Profit,NSW,Western Sydney,MM1,Metropolitan,Medium,,4.0,5.0,,3.0,WINSTON HILLS,4.0,,New/First,1,True
2026-05,Wintringham Eunice Seddon Home,WINTRINGHAM LIMITED,Not for Profit,VIC,Southern Metro,MM1,Metropolitan,Small,4.0,4.0,5.0,4.0,3.0,DANDENONG,4.0,0.0,Steady,8,True
2026-05,Wintringham Gilgunya Village,WINTRINGHAM LIMITED,Not for Profit,VIC,Northern Metro,MM1,Metropolitan,Small,3.0,3.0,5.0,2.0,3.0,COBURG,3.0,0.0,Steady,2,True
2026-05,Wintringham Hobart,WINTRINGHAM LIMITED,Not for Profit,TAS,Southern,MM2,Regional centres,Small,3.0,3.0,4.0,2.0,4.0,BELLERIVE,4.0,-1.0,Declined,1,True
2026-05,Wintringham Hostel - Port Melbourne,WINTRINGHAM LIMITED,Not for Profit,VIC,Southern Metro,MM1,Metropolitan,Small,4.0,4.0,5.0,2.0,4.0,PORT MELBOURNE,4.0,0.0,Steady,6,True
2026-05,Wintringham McLean Lodge Hostel,WINTRINGHAM LIMITED,Not for Profit,VIC,Western Metro,MM1,Metropolitan,Small,3.0,3.0,5.0,2.0,3.0,FLEMINGTON,4.0,-1.0,Declined,1,True
2026-05,Wintringham Ron Conn Nursing Home,WINTRINGHAM LIMITED,Not for Profit,VIC,Western Metro,MM1,Metropolitan,Small,4.0,4.0,5.0,4.0,3.0,AVONDALE HEIGHTS,4.0,0.0,Steady,8,True
2026-05,Wintringham Tom Fitzgerald,WINTRINGHAM LIMITED,Not for Profit,VIC,Hume,MM3,Large rural towns,Small,4.0,5.0,5.0,2.0,5.0,SHEPPARTON,4.0,0.0,Steady,6,True
2026-05,Wintringham Williamstown Hostel,WINTRINGHAM LIMITED,Not for Profit,VIC,Western Metro,MM1,Metropolitan,Small,4.0,4.0,5.0,2.0,4.0,WILLIAMSTOWN NORTH,4.0,0.0,Steady,8,True
2026-05,Wirraminna Care Residential Aged Care,Wirraminna Care Incorporated,Not for Profit,SA,"Yorke, Lower North & Barossa",MM3,Large rural towns,Small,4.0,4.0,5.0,4.0,3.0,WILLIAMSTOWN,4.0,0.0,Steady,12,True
2026-05,Wisteria Lodge,Seventh-Day Adventist Aged Care (South Queensland) Ltd,Not for Profit,QLD,South Coast,MM1,Metropolitan,Small,4.0,4.0,5.0,4.0,3.0,NERANG,4.0,0.0,Steady,2,True
2026-05,Wongaburra Garden Settlement Hostel,Wongaburra Society,Not for Profit,QLD,Logan River Valley,MM4,Medium rural towns,Large,3.0,3.0,5.0,1.0,4.0,BEAUDESERT,4.0,-1.0,Declined,1,True
2026-05,Woodford Manor Aged Care,Tingari Group Pty Ltd,Private for Profit,QLD,Cabool,MM2,Regional centres,Medium,4.0,4.0,5.0,3.0,3.0,WOODFORD,4.0,0.0,Steady,9,True
2026-05,Woodhaven,Respect Group Limited,Not for Profit,NSW,Riverina/Murray,MM5,Small rural towns,Small,5.0,5.0,5.0,5.0,5.0,LOCKHART,5.0,0.0,Steady,3,True
2026-05,Woodlands Aged Care and NDIS Services,Mellreach Pty Ltd,Private for Profit,QLD,Brisbane North,MM1,Metropolitan,Small,4.0,4.0,4.0,5.0,2.0,NEWMARKET,4.0,0.0,Steady,4,True
2026-05,Woodlands Lodge,United Protestant Association of NSW Limited,Not for Profit,NSW,Hunter,MM1,Metropolitan,Medium,4.0,4.0,5.0,5.0,3.0,WALLSEND,4.0,0.0,Steady,12,True
2026-05,Woodport Aged Care Plus Centre,The Salvation Army (NSW) Property Trust,Not for Profit,NSW,Central Coast,MM1,Metropolitan,Large,3.0,3.0,5.0,3.0,2.0,ERINA,3.0,0.0,Steady,13,True
2026-05,Woodside Lodge,Clayton Church Homes Inc,Not for Profit,SA,"Hills, Mallee & Southern",MM2,Regional centres,Medium,3.0,2.0,5.0,4.0,3.0,WOODSIDE,4.0,-1.0,Declined,1,True
2026-05,Woolgoolga Aged Care Centre,Woolgoolga and District Retirement Village Ltd,Not for Profit,NSW,Mid North Coast,MM3,Large rural towns,Small,3.0,4.0,5.0,1.0,3.0,WOOLGOOLGA,4.0,-1.0,Declined,1,True
2026-05,Woollahra Montefiore Home,The Sir Moses Montefiore Jewish Home,Not for Profit,NSW,South East Sydney,MM1,Metropolitan,Small,4.0,3.0,5.0,5.0,5.0,WOOLLAHRA,4.0,0.0,Steady,13,True
2026-05,Woombye Care,WOOMBYE CARE INC,Not for Profit,QLD,Sunshine Coast,MM1,Metropolitan,Medium,4.0,4.0,5.0,4.0,3.0,WOOMBYE,4.0,0.0,Steady,3,True
2026-05,Woorayl Lodge Hostel,Woorayl Lodge Inc,Not for Profit,VIC,Gippsland,MM4,Medium rural towns,Small,4.0,5.0,5.0,3.0,3.0,LEONGATHA,4.0,0.0,Steady,10,True
2026-05,Wycombe Grove,"Karingal Green Health, Aged and Community Care (WA) Pty Ltd",Private for Profit,WA,Metropolitan East,MM1,Metropolitan,Small,,,,,,HIGH WYCOMBE,,,New/First,1,True
2026-05,Wynyard Care Centre,IBIS (No 3) Pty Ltd,Private for Profit,TAS,North Western,MM3,Large rural towns,Small,4.0,4.0,5.0,4.0,5.0,WYNYARD,4.0,0.0,Steady,13,True
2026-05,Wyoming Nursing Home,Wyoming Nursing Home Pty Ltd,Private for Profit,NSW,Inner West,MM1,Metropolitan,Small,3.0,3.0,4.0,3.0,3.0,SUMMER HILL,3.0,0.0,Steady,4,True
2026-05,Yaandina Aged Care,Yaandina Community Services Limited,Not for Profit,WA,Pilbara,MM6,Remote communities,Small,4.0,2.0,5.0,5.0,3.0,ROEBOURNE,4.0,0.0,Steady,12,True
2026-05,Yackandandah Health Residential Aged Care,APOLLO CARE OPERATIONS PTY LIMITED,Private for Profit,VIC,Hume,MM5,Small rural towns,Medium,4.0,4.0,4.0,5.0,1.0,YACKANDANDAH,4.0,0.0,Steady,3,True
2026-05,Yallambee Lodge,Respect Group Limited,Not for Profit,NSW,Southern Highlands,MM4,Medium rural towns,Small,4.0,4.0,4.0,2.0,4.0,COOMA,4.0,0.0,Steady,5,True
2026-05,Yallambee Village,Bankstown City Aged Care Ltd,Not for Profit,NSW,South West Sydney,MM1,Metropolitan,Large,3.0,3.0,5.0,3.0,2.0,REVESBY,4.0,-1.0,Declined,1,True
2026-05,Yallaroo,Lutheran Aged Care Albury,Not for Profit,NSW,Riverina/Murray,MM2,Regional centres,Small,4.0,4.0,5.0,2.0,2.0,ALBURY,4.0,0.0,Steady,10,True
2026-05,Yaraandoo Hostel,Southern Cross Care (Tas) Inc,Not for Profit,TAS,North Western,MM3,Large rural towns,Medium,4.0,4.0,4.0,5.0,5.0,SOMERSET,4.0,0.0,Steady,2,True
2026-05,Yaralla Place,APOLLO CARE OPERATIONS PTY LIMITED,Private for Profit,QLD,Wide Bay,MM3,Large rural towns,Medium,4.0,4.0,5.0,3.0,3.0,MARYBOROUGH,4.0,0.0,Steady,8,True
2026-05,Yarriambiack Lodge Hostel,Rural Northwest Health,Government,VIC,Grampians,MM5,Small rural towns,Small,4.0,3.0,5.0,4.0,1.0,WARRACKNABEAL,4.0,0.0,Steady,10,True
2026-05,Yarriambiack Lodge Nursing Home,Rural Northwest Health,Government,VIC,Grampians,MM5,Small rural towns,Small,4.0,3.0,5.0,5.0,2.0,WARRACKNABEAL,4.0,0.0,Steady,4,True
2026-05,Yeltana Nursing Home,Helping Hand Aged Care Inc,Not for Profit,SA,Eyre Peninsula,MM3,Large rural towns,Small,3.0,3.0,5.0,2.0,3.0,WHYALLA,4.0,-1.0,Declined,1,True
2026-05,Yeoval Community Nursing Home,United Protestant Association of NSW Limited,Not for Profit,NSW,Central West,MM5,Small rural towns,Small,5.0,5.0,5.0,5.0,4.0,YEOVAL,5.0,0.0,Steady,4,True
2026-05,Yura Yungi Menkawum Ngurra Elders Residence,Yura Yungi Medical Service Aboriginal Corporation,Not for Profit,WA,Kimberley,MM7,Very remote communities,Small,,3.0,4.0,5.0,,HALLS CREEK,,,New/First,1,True
2026-05,mecwacare Annie's Court,MECWA Limited,Not for Profit,VIC,Southern Metro,MM2,Regional centres,Small,4.0,3.0,5.0,3.0,3.0,SHOREHAM,4.0,0.0,Steady,13,True
2026-05,mecwacare Ballan Aged Care Facility,MECWA Limited,Not for Profit,VIC,Grampians,MM5,Small rural towns,Small,4.0,3.0,5.0,3.0,3.0,BALLAN,4.0,0.0,Steady,6,True
2026-05,mecwacare Calwell Manor,MECWA Limited,Not for Profit,VIC,Southern Metro,MM1,Metropolitan,Small,4.0,3.0,5.0,3.0,5.0,SAFETY BEACH,3.0,1.0,Improved,1,True
2026-05,mecwacare Elstoft House,MECWA Limited,Not for Profit,VIC,Barwon-South Western,MM1,Metropolitan,Medium,4.0,4.0,5.0,3.0,3.0,HAMLYN HEIGHTS,4.0,0.0,Steady,8,True
2026-05,mecwacare Flora Hill,MECWA Limited,Not for Profit,VIC,Loddon-Mallee,MM2,Regional centres,Medium,3.0,4.0,4.0,3.0,2.0,FLORA HILL,4.0,-1.0,Declined,1,True
2026-05,"mecwacare Gregory Lodge, Flemington",MECWA Limited,Not for Profit,VIC,Western Metro,MM1,Metropolitan,Medium,4.0,3.0,4.0,4.0,3.0,FLEMINGTON,3.0,1.0,Improved,1,True
2026-05,mecwacare John Atchison Centre,MECWA Limited,Not for Profit,VIC,Western Metro,MM1,Metropolitan,Medium,4.0,3.0,5.0,3.0,3.0,HOPPERS CROSSING,4.0,0.0,Steady,12,True
2026-05,mecwacare John Hood Terrace,MECWA Limited,Not for Profit,VIC,Northern Metro,MM1,Metropolitan,Small,,,,,,RICHMOND,,,New/First,1,True
2026-05,mecwacare Jubilee House,MECWA Limited,Not for Profit,VIC,Southern Metro,MM1,Metropolitan,Small,4.0,3.0,5.0,3.0,5.0,CAULFIELD NORTH,4.0,0.0,Steady,9,True
2026-05,mecwacare Long Gully,MECWA Limited,Not for Profit,VIC,Loddon-Mallee,MM2,Regional centres,Small,4.0,4.0,4.0,5.0,4.0,LONG GULLY,,,New/First,1,True
2026-05,mecwacare Malvern Centre,MECWA Limited,Not for Profit,VIC,Southern Metro,MM1,Metropolitan,Medium,4.0,3.0,5.0,3.0,5.0,MALVERN,4.0,0.0,Steady,13,True
2026-05,mecwacare Noel Miller Centre,MECWA Limited,Not for Profit,VIC,Southern Metro,MM1,Metropolitan,Large,4.0,3.0,5.0,3.0,3.0,GLEN IRIS,4.0,0.0,Steady,13,True
2026-05,mecwacare O'Mara House,MECWA Limited,Not for Profit,VIC,Gippsland,MM3,Large rural towns,Small,4.0,4.0,5.0,4.0,4.0,TRARALGON,4.0,0.0,Steady,2,True
2026-05,mecwacare Park Hill,MECWA Limited,Not for Profit,VIC,Southern Metro,MM1,Metropolitan,Medium,3.0,3.0,4.0,3.0,1.0,MORNINGTON,3.0,0.0,Steady,13,True
2026-05,mecwacare Rositano House,MECWA Limited,Not for Profit,VIC,Northern Metro,MM1,Metropolitan,Small,4.0,3.0,5.0,4.0,4.0,RICHMOND,4.0,0.0,Steady,4,True
2026-05,mecwacare Simon Price Centre,MECWA Limited,Not for Profit,VIC,Eastern Metro,MM1,Metropolitan,Medium,4.0,3.0,5.0,3.0,3.0,MONT ALBERT NORTH,4.0,0.0,Steady,7,True
2026-05,mecwacare Squires Place,MECWA Limited,Not for Profit,VIC,Western Metro,MM1,Metropolitan,Small,4.0,3.0,5.0,3.0,3.0,ALTONA NORTH,4.0,0.0,Steady,10,True
2026-05,mecwacare Susan Barton House,MECWA Limited,Not for Profit,VIC,Grampians,MM1,Metropolitan,Large,4.0,4.0,4.0,3.0,3.0,DARLEY,4.0,0.0,Steady,7,True
2026-05,mecwacare Trescowthick Centre,MECWA Limited,Not for Profit,VIC,Southern Metro,MM1,Metropolitan,Small,4.0,3.0,5.0,3.0,3.0,PRAHRAN,4.0,0.0,Steady,13,True
2026-05,mecwacare Vincent House,MECWA Limited,Not for Profit,VIC,Northern Metro,MM1,Metropolitan,Small,5.0,5.0,5.0,3.0,5.0,WESTMEADOWS,4.0,1.0,Improved,1,True
2026-05,mecwacare Wahroonga,MECWA Limited,Not for Profit,VIC,Grampians,MM2,Regional centres,Medium,3.0,3.0,4.0,3.0,3.0,CANADIAN,3.0,0.0,Steady,2,True
